class	member	kind	lineno	disposition	status	final_reason	flags
F2-R11-2	tests/test_army_display_173.py::test_army_public_exits_approx_arrears_and_hide_split_accounts	unused_game_fixture	31	RETAIN	REMAINING_RETAIN	game 形参未直接使用但夹具提供 DB 落点；非无用夹具+常量子集重复案	unused_game_fixture
F2-R11-2	tests/test_army_display_173.py::test_army_payload_exposes_approx_arrears_text_not_raw	helper_internal_signal,unused_game_fixture	51	RETAIN	REMAINING_RETAIN	信号命中私有调用，但断言落在公开读口/落库/settle_tick/materials 等外部结果；非纯公式旁路	helper_internal_signal;unused_game_fixture
F2-R11-2	tests/test_army_display_173.py::test_danger_order_uses_army_needed_for_arrears_months	unused_game_fixture	78	RETAIN	REMAINING_RETAIN	game 形参未直接使用但夹具提供 DB 落点；非无用夹具+常量子集重复案	unused_game_fixture
F2-R11-2	tests/test_army_display_173.py::test_danger_order_preserves_fractional_arrears	unused_game_fixture	100	RETAIN	REMAINING_RETAIN	game 形参未直接使用但夹具提供 DB 落点；非无用夹具+常量子集重复案	unused_game_fixture
F2-R11-2	tests/test_covert_levy_651.py::test_exposure_uses_single_dispatcher_and_projects_exact_case	unused_game_fixture	31	RETAIN	REMAINING_RETAIN	game 形参未直接使用但夹具提供 DB 落点；非无用夹具+常量子集重复案	unused_game_fixture
F2-R11-2	tests/test_covert_levy_651.py::test_same_segment_denunciation_creates_exposure_todo	helper_internal_signal,unused_game_fixture	52	RETAIN	REMAINING_RETAIN	信号命中私有调用，但断言落在公开读口/落库/settle_tick/materials 等外部结果；非纯公式旁路	helper_internal_signal;unused_game_fixture
F2-R11-2	tests/test_covert_levy_651.py::test_rejected_canonical_results_neither_consume_nor_create_channel	unused_game_fixture	100	RETAIN	REMAINING_RETAIN	game 形参未直接使用但夹具提供 DB 落点；非无用夹具+常量子集重复案	unused_game_fixture
F2-R11-2	tests/test_covert_levy_651.py::test_covert_consumer_requires_real_beyond_intent_effect_without_narrowing_generic_fork	unused_game_fixture	124	RETAIN	REMAINING_RETAIN	game 形参未直接使用但夹具提供 DB 落点；非无用夹具+常量子集重复案	unused_game_fixture
F2-R11-2	tests/test_covert_levy_651.py::test_dispositions_consume_only_real_canonical_complete_legs	helper_internal_signal	154	RETAIN	REMAINING_RETAIN	信号命中私有调用，但断言落在公开读口/落库/settle_tick/materials 等外部结果；非纯公式旁路	helper_internal_signal
F2-R11-2	tests/test_covert_levy_651.py::test_prohibition_consumes_immediately_when_arrears_are_already_zero	unused_game_fixture	282	RETAIN	REMAINING_RETAIN	game 形参未直接使用但夹具提供 DB 落点；非无用夹具+常量子集重复案	unused_game_fixture
F2-R11-2	tests/test_covert_levy_651.py::test_prohibition_reminder_is_consumed_after_later_payoff	unused_game_fixture	293	RETAIN	REMAINING_RETAIN	game 形参未直接使用但夹具提供 DB 落点；非无用夹具+常量子集重复案	unused_game_fixture
F2-R11-2	tests/test_covert_levy_651.py::test_zero_pay_receipts_are_not_durable_tacit_effects	helper_internal_signal,unused_game_fixture	487	RETAIN	REMAINING_RETAIN	信号命中私有调用，但断言落在公开读口/落库/settle_tick/materials 等外部结果；非纯公式旁路	helper_internal_signal;unused_game_fixture
F2-R11-2	tests/test_covert_levy_651.py::test_force_promulgated_history_is_the_canonical_prohibition_authority	unused_game_fixture	511	RETAIN	REMAINING_RETAIN	game 形参未直接使用但夹具提供 DB 落点；非无用夹具+常量子集重复案	unused_game_fixture
F2-R11-2	tests/test_covert_levy_651.py::test_false_denunciation_is_not_retroactively_made_true_by_current_fork	helper_internal_signal,unused_game_fixture	533	RETAIN	REMAINING_RETAIN	信号命中私有调用，但断言落在公开读口/落库/settle_tick/materials 等外部结果；非纯公式旁路	helper_internal_signal;unused_game_fixture
F2-R11-2	tests/test_qa_a3_seed_data.py::test_lai_zongdao_remains_opening_libu_shangshu	chinese_literal_assert	62	RETAIN	REMAINING_RETAIN	落库/投影结构化中文字段或标题枚举；非 prompt/日志呈现盯文（#1471 HUD 负向维持）	chinese_literal_assert
F2-R11-2	tests/test_qa_a3_seed_data.py::test_zhang_fengyi_office_strips_future_title	chinese_literal_assert	93	RETAIN	REMAINING_RETAIN	落库/投影结构化中文字段或标题枚举；非 prompt/日志呈现盯文（#1471 HUD 负向维持）	chinese_literal_assert
F2-R11-2	tests/test_qa_a3_seed_data.py::test_qian_qianyi_seed_office_records_bajiu_dismissal	chinese_literal_assert	107	RETAIN	REMAINING_RETAIN	落库/投影结构化中文字段或标题枚举；非 prompt/日志呈现盯文（#1471 HUD 负向维持）	chinese_literal_assert
F2-R11-2	tests/test_audience_presence_500.py::test_reenter_after_exit_reappears_in_roster	chinese_literal_assert	215	RETAIN	REMAINING_RETAIN	落库/投影结构化中文字段或标题枚举；非 prompt/日志呈现盯文（#1471 HUD 负向维持）	chinese_literal_assert
F2-R11-2	tests/test_audience_presence_500.py::test_present_names_at_uses_timeline_key_not_raw_seq	chinese_literal_assert	312	RETAIN	REMAINING_RETAIN	落库/投影结构化中文字段或标题枚举；非 prompt/日志呈现盯文（#1471 HUD 负向维持）	chinese_literal_assert
F2-R11-2	tests/test_deformation_dual_rail_622.py::test_ac5_audit_fork_signal_present_only_with_audit_link	chinese_literal_assert	191	RETAIN	REMAINING_RETAIN	落库/投影结构化中文字段或标题枚举；非 prompt/日志呈现盯文（#1471 HUD 负向维持）	chinese_literal_assert
F2-R11-2	tests/test_audience_restore_505.py::test_pure_audience_zero_ledger_turn_survives_reopen	chinese_literal_assert	196	RETAIN	REMAINING_RETAIN	落库/投影结构化中文字段或标题枚举；非 prompt/日志呈现盯文（#1471 HUD 负向维持）	chinese_literal_assert
F2-R11-2	tests/test_adr0015_per_item_rejection.py::test_utf8_safe_serialization_preserves_chinese_and_escapes_lone_surrogate	chinese_literal_assert,unused_game_fixture	15	RETAIN	REMAINING_RETAIN	落库/投影结构化中文字段或标题枚举；非 prompt/日志呈现盯文（#1471 HUD 负向维持）	chinese_literal_assert;unused_game_fixture
F2-R11-2	tests/test_adr0015_per_item_rejection.py::test_sqlite_text_sanitization_covers_issue_rows_and_advances	chinese_literal_assert,unused_game_fixture	35	RETAIN	REMAINING_RETAIN	落库/投影结构化中文字段或标题枚举；非 prompt/日志呈现盯文（#1471 HUD 负向维持）	chinese_literal_assert;unused_game_fixture
F2-R11-2	tests/test_qa_e1_numeric_presentation.py::test_substrate_budget_splits_proposals_without_treasury_cap	unused_game_fixture	20	RETAIN	REMAINING_RETAIN	game 形参未直接使用但夹具提供 DB 落点；非无用夹具+常量子集重复案	unused_game_fixture
F2-R11-2	tests/test_qa_e1_numeric_presentation.py::test_renaming_army_pay_budget_line_does_not_double_debit	unused_game_fixture	48	RETAIN	REMAINING_RETAIN	game 形参未直接使用但夹具提供 DB 落点；非无用夹具+常量子集重复案	unused_game_fixture
F2-R11-2	tests/test_qa_e1_numeric_presentation.py::test_army_payload_arrears_text_is_approximate_not_raw	unused_game_fixture	99	RETAIN	REMAINING_RETAIN	game 形参未直接使用但夹具提供 DB 落点；非无用夹具+常量子集重复案	unused_game_fixture
F2-R11-2	tests/test_new_issues_section_rejections.py::test_new_issue_oversized_severity_clamped_not_abort	unused_game_fixture	184	RETAIN	REMAINING_RETAIN	game 形参未直接使用但夹具提供 DB 落点；非无用夹具+常量子集重复案	unused_game_fixture
F2-R11-2	tests/test_new_issues_section_rejections.py::test_new_issue_whitespace_resolve_condition_falls_back_to_stop_condition	unused_game_fixture	200	RETAIN	REMAINING_RETAIN	game 形参未直接使用但夹具提供 DB 落点；非无用夹具+常量子集重复案	unused_game_fixture
F2-R11-2	tests/test_new_issues_section_rejections.py::test_new_issue_severity_zero_preserved	unused_game_fixture	251	RETAIN	REMAINING_RETAIN	game 形参未直接使用但夹具提供 DB 落点；非无用夹具+常量子集重复案	unused_game_fixture
F2-R11-2	tests/test_new_issues_section_rejections.py::test_new_issue_insert_code_exception_propagates	unused_game_fixture	305	RETAIN	REMAINING_RETAIN	game 形参未直接使用但夹具提供 DB 落点；非无用夹具+常量子集重复案	unused_game_fixture
F2-R11-2	tests/test_new_issues_section_rejections.py::test_new_issue_valid_decree_still_creates	unused_game_fixture	318	RETAIN	REMAINING_RETAIN	game 形参未直接使用但夹具提供 DB 落点；非无用夹具+常量子集重复案	unused_game_fixture
F2-R11-2	tests/test_new_issues_section_rejections.py::test_event_to_issue_duplicate_returns_none_not_raise	unused_game_fixture	379	RETAIN	REMAINING_RETAIN	game 形参未直接使用但夹具提供 DB 落点；非无用夹具+常量子集重复案	unused_game_fixture
F2-R11-2	tests/test_new_issues_section_rejections.py::test_new_issue_event_pool_rejects_expired_event	unused_game_fixture	391	RETAIN	REMAINING_RETAIN	game 形参未直接使用但夹具提供 DB 落点；非无用夹具+常量子集重复案	unused_game_fixture
F2-R11-2	tests/test_new_issues_section_rejections.py::test_new_issue_valid_list_tags_preserved	unused_game_fixture	466	RETAIN	REMAINING_RETAIN	game 形参未直接使用但夹具提供 DB 落点；非无用夹具+常量子集重复案	unused_game_fixture
F2-R11-2	tests/test_new_issues_section_rejections.py::test_new_issue_non_dict_cancel_cost_tolerated	unused_game_fixture	485	RETAIN	REMAINING_RETAIN	game 形参未直接使用但夹具提供 DB 落点；非无用夹具+常量子集重复案	unused_game_fixture
F2-R11-2	tests/test_new_issues_section_rejections.py::test_new_issue_valid_cancel_cost_preserved	unused_game_fixture	496	RETAIN	REMAINING_RETAIN	game 形参未直接使用但夹具提供 DB 落点；非无用夹具+常量子集重复案	unused_game_fixture
F2-R11-2	tests/test_pay_order_override_653.py::test_golden1_pay_order_reversal_breakdown_tsv	assert_startswith	213	RETAIN	REMAINING_RETAIN	结构性 id/路径/SSE/affair- 前缀契约；逐案核对非 #ticket/日志呈现弱化	assert_startswith
F2-R11-2	tests/test_pay_order_override_653.py::test_golden2_haircut_half_is_exemption_not_debt	helper_internal_signal	233	RETAIN	REMAINING_RETAIN	信号命中私有调用，但断言落在公开读口/落库/settle_tick/materials 等外部结果；非纯公式旁路	helper_internal_signal
F2-R11-2	tests/test_pay_order_override_653.py::test_real_revoke_restores_override_same_month_with_active_commitment	helper_internal_signal	457	RETAIN	REMAINING_RETAIN	信号命中私有调用，但断言落在公开读口/落库/settle_tick/materials 等外部结果；非纯公式旁路	helper_internal_signal
F2-R11-2	tests/test_pay_order_override_653.py::test_central_due_haircut_consumer	helper_internal_signal	796	RETAIN	REMAINING_RETAIN	信号命中私有调用，但断言落在公开读口/落库/settle_tick/materials 等外部结果；非纯公式旁路	helper_internal_signal
F2-R11-2	tests/test_fiscal_substrate_bridge.py::test_settling_context_retry_does_not_recompute_substrate_hub_pre_settle	helper_internal_signal	793	RETAIN	REMAINING_RETAIN	信号命中私有调用，但断言落在公开读口/落库/settle_tick/materials 等外部结果；非纯公式旁路	helper_internal_signal
F2-R11-2	tests/test_fiscal_substrate_bridge.py::test_economy_pay_arrears_from_central_account_splits_by_current_debt_ratio	helper_internal_signal	2533	RETAIN	REMAINING_RETAIN	信号命中私有调用，但断言落在公开读口/落库/settle_tick/materials 等外部结果；非纯公式旁路	helper_internal_signal
F2-R11-2	tests/test_fiscal_substrate_bridge.py::test_economy_pay_arrears_from_central_account_can_repay_pure_province_source_army	helper_internal_signal	2600	RETAIN	REMAINING_RETAIN	信号命中私有调用，但断言落在公开读口/落库/settle_tick/materials 等外部结果；非纯公式旁路	helper_internal_signal
F2-R11-2	tests/test_fiscal_substrate_bridge.py::test_economy_pay_arrears_preserves_fractional_pay_source_tail	helper_internal_signal	2654	RETAIN	REMAINING_RETAIN	信号命中私有调用，但断言落在公开读口/落库/settle_tick/materials 等外部结果；非纯公式旁路	helper_internal_signal
F2-R11-2	tests/test_fiscal_substrate_bridge.py::test_economy_pay_arrears_clamps_integer_spend_and_preserves_tail	helper_internal_signal	2713	RETAIN	REMAINING_RETAIN	信号命中私有调用，但断言落在公开读口/落库/settle_tick/materials 等外部结果；非纯公式旁路	helper_internal_signal
F2-R11-2	tests/test_fiscal_substrate_bridge.py::test_economy_pay_arrears_rejects_missing_or_unknown_target_without_repaying_other_armies	helper_internal_signal	2793	RETAIN	REMAINING_RETAIN	信号命中私有调用，但断言落在公开读口/落库/settle_tick/materials 等外部结果；非纯公式旁路	helper_internal_signal
F2-R11-2	tests/test_fiscal_substrate_bridge.py::test_region_loader_rejects_bad_settle_meta_defaults	exception_match_param	3077	RETAIN	REMAINING_RETAIN	pytest.raises(match=param) 与调用前捕获/parametrize 期望同值传递；非字面措辞锁	exception_match_param
F2-R11-2	tests/test_fiscal_substrate_bridge.py::test_zhongyuan_jingshi_primary_source_refinement	chinese_literal_assert	3248	RETAIN	REMAINING_RETAIN	落库/投影结构化中文字段或标题枚举；非 prompt/日志呈现盯文（#1471 HUD 负向维持）	chinese_literal_assert
F2-R11-2	tests/test_fiscal_substrate_bridge.py::test_south_southwest_seeds_have_valid_historical_settle_substrate	chinese_literal_assert	3371	RETAIN	REMAINING_RETAIN	落库/投影结构化中文字段或标题枚举；非 prompt/日志呈现盯文（#1471 HUD 负向维持）	chinese_literal_assert
F2-R11-2	tests/test_fiscal_substrate_bridge.py::test_shaanxi_seed_is_relabelled_to_historical_shadow_scale	chinese_literal_assert	3457	RETAIN	REMAINING_RETAIN	落库/投影结构化中文字段或标题枚举；非 prompt/日志呈现盯文（#1471 HUD 负向维持）	chinese_literal_assert
F2-R11-2	tests/test_fiscal_substrate_bridge.py::test_shanxi_seed_stacks_frontier_pay_and_jin_vassal_dues	chinese_literal_assert	3489	RETAIN	REMAINING_RETAIN	落库/投影结构化中文字段或标题枚举；非 prompt/日志呈现盯文（#1471 HUD 负向维持）	chinese_literal_assert
F2-R11-2	tests/test_fiscal_substrate_bridge.py::test_standalone_army_pay_funnel_rejects_malformed_settle_shapes	exception_match_param	3689	RETAIN	REMAINING_RETAIN	pytest.raises(match=param) 与调用前捕获/parametrize 期望同值传递；非字面措辞锁	exception_match_param
F2-R11-2	tests/test_fiscal_substrate_bridge.py::test_standalone_army_pay_container_total_rejects_malformed_region_shapes	exception_match_param	3717	RETAIN	REMAINING_RETAIN	pytest.raises(match=param) 与调用前捕获/parametrize 期望同值传递；非字面措辞锁	exception_match_param
F2-R11-2	tests/test_fiscal_substrate_bridge.py::test_jiangnan_core_seeds_have_positive_remittance_golden	chinese_literal_assert	3754	RETAIN	REMAINING_RETAIN	落库/投影结构化中文字段或标题枚举；非 prompt/日志呈现盯文（#1471 HUD 负向维持）	chinese_literal_assert
F2-R11-2	tests/test_fiscal_substrate_bridge.py::test_huguang_seed_stacks_jiangnan_surplus_with_chu_princely_due	chinese_literal_assert	3776	RETAIN	REMAINING_RETAIN	落库/投影结构化中文字段或标题枚举；非 prompt/日志呈现盯文（#1471 HUD 负向维持）	chinese_literal_assert
F2-R11-2	tests/test_fiscal_substrate_bridge.py::test_substrate_absent_does_not_break_flows	unused_game_fixture	3979	RETAIN	REMAINING_RETAIN	game 形参未直接使用但夹具提供 DB 落点；非无用夹具+常量子集重复案	unused_game_fixture
F2-R11-2	tests/test_fiscal_substrate_bridge.py::test_pre_settle_cutover_substrate_bad_state_uses_settlement_abort_error_pack	helper_internal_signal	4287	RETAIN	REMAINING_RETAIN	信号命中私有调用，但断言落在公开读口/落库/settle_tick/materials 等外部结果；非纯公式旁路	helper_internal_signal
F2-R11-2	tests/test_fiscal_substrate_bridge.py::test_resolve_directives_nested_cutover_bad_state_uses_settlement_abort_error_pack	helper_internal_signal	4362	RETAIN	REMAINING_RETAIN	信号命中私有调用，但断言落在公开读口/落库/settle_tick/materials 等外部结果；非纯公式旁路	helper_internal_signal
F2-R11-2	tests/test_fiscal_substrate_bridge.py::test_all_settle_substrate_provisional_meta_covers_virtual_fields	chinese_literal_assert	4566	RETAIN	REMAINING_RETAIN	落库/投影结构化中文字段或标题枚举；非 prompt/日志呈现盯文（#1471 HUD 负向维持）	chinese_literal_assert
F2-R11-2	tests/test_fiscal_substrate_bridge.py::test_jiangnan_core_uses_wanli_huiji_lu_primary_seed	chinese_literal_assert	4607	RETAIN	REMAINING_RETAIN	落库/投影结构化中文字段或标题枚举；非 prompt/日志呈现盯文（#1471 HUD 负向维持）	chinese_literal_assert
F2-R11-2	tests/test_breach_plea_623.py::test_audience_revoke_commission_stages_typed_revoke_decree	helper_internal_signal	347	RETAIN	REMAINING_RETAIN	信号命中私有调用，但断言落在公开读口/落库/settle_tick/materials 等外部结果；非纯公式旁路	helper_internal_signal
F2-R11-2	tests/test_breach_plea_623.py::test_revoke_forecast_translation_input_carries_original_and_continuing_dossier	helper_internal_signal	415	RETAIN	REMAINING_RETAIN	信号命中私有调用，但断言落在公开读口/落库/settle_tick/materials 等外部结果；非纯公式旁路	helper_internal_signal
F2-R11-2	tests/test_breach_plea_623.py::test_same_turn_dual_breach_kinds_merge_not_swallowed	helper_internal_signal	1037	RETAIN	REMAINING_RETAIN	信号命中私有调用，但断言落在公开读口/落库/settle_tick/materials 等外部结果；非纯公式旁路	helper_internal_signal
F2-R11-2	tests/test_breach_plea_623.py::test_misappropriation_via_tags_producer_pipeline	chinese_literal_assert,helper_internal_signal	1194	RETAIN	REMAINING_RETAIN	落库/投影结构化中文字段或标题枚举；非 prompt/日志呈现盯文（#1471 HUD 负向维持）	chinese_literal_assert;helper_internal_signal
F2-R11-2	tests/test_qa_s2_copy_prompts_1356_1402.py::test_gazette_header_uses_report_own_month_not_current_turn	chinese_literal_assert	21	RETAIN	REMAINING_RETAIN	落库/投影结构化中文字段或标题枚举；非 prompt/日志呈现盯文（#1471 HUD 负向维持）	chinese_literal_assert
F2-R11-2	tests/test_qa_s2_copy_prompts_1356_1402.py::test_state_payload_projects_previous_reign_period_label	chinese_literal_assert	65	RETAIN	REMAINING_RETAIN	落库/投影结构化中文字段或标题枚举；非 prompt/日志呈现盯文（#1471 HUD 负向维持）	chinese_literal_assert
F2-R11-2	tests/test_production_person_key_contract_558.py::test_initiative_enrichment_guidance_only_names_canonical_person_writer	chinese_literal_assert	12	RETAIN	REMAINING_RETAIN	落库/投影结构化中文字段或标题枚举；非 prompt/日志呈现盯文（#1471 HUD 负向维持）	chinese_literal_assert
F2-R11-2	tests/test_web_audience_night_498.py::test_asgi_dossiered_directive_has_no_retired_review_surface	chinese_literal_assert	520	RETAIN	REMAINING_RETAIN	落库/投影结构化中文字段或标题枚举；非 prompt/日志呈现盯文（#1471 HUD 负向维持）	chinese_literal_assert
F2-R11-2	tests/test_army_maintenance_retire_173.py::test_drop_maintenance_column_removes_and_idempotent	unused_game_fixture	37	RETAIN	REMAINING_RETAIN	game 形参未直接使用但夹具提供 DB 落点；非无用夹具+常量子集重复案	unused_game_fixture
F2-R11-2	tests/test_army_maintenance_retire_173.py::test_new_army_maintenance_key_ignored	unused_game_fixture	80	RETAIN	REMAINING_RETAIN	game 形参未直接使用但夹具提供 DB 落点；非无用夹具+常量子集重复案	unused_game_fixture
F2-R11-2	tests/test_army_maintenance_retire_173.py::test_pay_derives_from_manpower	unused_game_fixture	113	RETAIN	REMAINING_RETAIN	game 形参未直接使用但夹具提供 DB 落点；非无用夹具+常量子集重复案	unused_game_fixture
F2-R11-2	tests/test_army_maintenance_retire_173.py::test_army_delta_maintenance_rejected_as_invalid_field	unused_game_fixture	128	RETAIN	REMAINING_RETAIN	game 形参未直接使用但夹具提供 DB 落点；非无用夹具+常量子集重复案	unused_game_fixture
F2-R11-2	tests/test_army_maintenance_retire_173.py::test_army_delta_other_fields_still_apply	unused_game_fixture	140	RETAIN	REMAINING_RETAIN	game 形参未直接使用但夹具提供 DB 落点；非无用夹具+常量子集重复案	unused_game_fixture
F2-R11-2	tests/test_declaration_dispatch_1835.py::test_stub_declaration_lands_on_existing_staging_and_new_records_without_missing_items	unused_game_fixture	34	RETAIN	REMAINING_RETAIN	game 形参未直接使用但夹具提供 DB 落点；非无用夹具+常量子集重复案	unused_game_fixture
F2-R11-2	tests/test_declaration_dispatch_1835.py::test_commission_with_draft_and_grant_for_same_money_is_one_payload_one_row	unused_game_fixture	83	RETAIN	REMAINING_RETAIN	game 形参未直接使用但夹具提供 DB 落点；非无用夹具+常量子集重复案	unused_game_fixture
F2-R11-2	tests/test_declaration_dispatch_1835.py::test_reference_to_nonexistent_entity_is_rejected_without_killing_sibling_item	chinese_literal_assert,unused_game_fixture	173	RETAIN	REMAINING_RETAIN	落库/投影结构化中文字段或标题枚举；非 prompt/日志呈现盯文（#1471 HUD 负向维持）	chinese_literal_assert;unused_game_fixture
F2-R11-2	tests/test_declaration_dispatch_1835.py::test_unknown_top_level_section_is_rejected_durably_without_dropping_sibling	unused_game_fixture	234	RETAIN	REMAINING_RETAIN	game 形参未直接使用但夹具提供 DB 落点；非无用夹具+常量子集重复案	unused_game_fixture
F2-R11-2	tests/test_declaration_dispatch_1835.py::test_promise_refuse_withdraws_staged_action_and_missing_action_id_is_rejected	unused_game_fixture	260	RETAIN	REMAINING_RETAIN	game 形参未直接使用但夹具提供 DB 落点；非无用夹具+常量子集重复案	unused_game_fixture
F2-R11-2	tests/test_declaration_dispatch_1835.py::test_promise_referencing_action_id_belonging_to_another_night_is_rejected	unused_game_fixture	290	RETAIN	REMAINING_RETAIN	game 形参未直接使用但夹具提供 DB 落点；非无用夹具+常量子集重复案	unused_game_fixture
F2-R11-2	tests/test_declaration_dispatch_1835.py::test_on_scene_person_status_change_lands_and_rejects_nonexistent_person	unused_game_fixture	319	RETAIN	REMAINING_RETAIN	game 形参未直接使用但夹具提供 DB 落点；非无用夹具+常量子集重复案	unused_game_fixture
F2-R11-2	tests/test_declaration_dispatch_1835.py::test_on_scene_fact_attaches_declared_affair_and_rejects_unopened_affair	unused_game_fixture	337	RETAIN	REMAINING_RETAIN	game 形参未直接使用但夹具提供 DB 落点；非无用夹具+常量子集重复案	unused_game_fixture
F2-R11-2	tests/test_declaration_dispatch_1835.py::test_presence_lands_with_declared_body_verbatim_no_synthesized_text	helper_internal_signal,unused_game_fixture	423	RETAIN	REMAINING_RETAIN	信号命中私有调用，但断言落在公开读口/落库/settle_tick/materials 等外部结果；非纯公式旁路	helper_internal_signal;unused_game_fixture
F2-R11-2	tests/test_declaration_dispatch_1835.py::test_presence_rejects_nonexistent_person_without_polluting_ledger	helper_internal_signal,unused_game_fixture	451	RETAIN	REMAINING_RETAIN	信号命中私有调用，但断言落在公开读口/落库/settle_tick/materials 等外部结果；非纯公式旁路	helper_internal_signal;unused_game_fixture
F2-R11-2	tests/test_declaration_dispatch_1835.py::test_presence_with_no_night_context_is_rejected_as_missing_ref	unused_game_fixture	480	RETAIN	REMAINING_RETAIN	game 形参未直接使用但夹具提供 DB 落点；非无用夹具+常量子集重复案	unused_game_fixture
F2-R11-2	tests/test_declaration_dispatch_1835.py::test_scene_fact_speaker_segment_lands_verbatim_and_rejects_bad_audibility_and_ghost_person	helper_internal_signal,unused_game_fixture	493	RETAIN	REMAINING_RETAIN	信号命中私有调用，但断言落在公开读口/落库/settle_tick/materials 等外部结果；非纯公式旁路	helper_internal_signal;unused_game_fixture
F2-R11-2	tests/test_declaration_dispatch_1835.py::test_edge_event_lands_and_categorizes_unknown_kind_and_hallucinated_person_differently	unused_game_fixture	533	RETAIN	REMAINING_RETAIN	game 形参未直接使用但夹具提供 DB 落点；非无用夹具+常量子集重复案	unused_game_fixture
F2-R11-2	tests/test_declaration_dispatch_1835.py::test_edge_event_attaches_declared_affair	unused_game_fixture	555	RETAIN	REMAINING_RETAIN	game 形参未直接使用但夹具提供 DB 落点；非无用夹具+常量子集重复案	unused_game_fixture
F2-R11-2	tests/test_declaration_dispatch_1835.py::test_edge_event_conflicting_affair_pointer_is_rejected_first_binding_kept	unused_game_fixture	582	RETAIN	REMAINING_RETAIN	game 形参未直接使用但夹具提供 DB 落点；非无用夹具+常量子集重复案	unused_game_fixture
F2-R11-2	tests/test_declaration_dispatch_1835.py::test_protagonist_lands_and_rejects_nonexistent_person	unused_game_fixture	626	RETAIN	REMAINING_RETAIN	game 形参未直接使用但夹具提供 DB 落点；非无用夹具+常量子集重复案	unused_game_fixture
F2-R11-2	tests/test_declaration_dispatch_1835.py::test_registration_adds_new_person_to_roster_and_rejects_existing_name	chinese_literal_assert,unused_game_fixture	641	RETAIN	REMAINING_RETAIN	落库/投影结构化中文字段或标题枚举；非 prompt/日志呈现盯文（#1471 HUD 负向维持）	chinese_literal_assert;unused_game_fixture
F2-R11-2	tests/test_declaration_dispatch_1835.py::test_registration_attaches_declared_affair	unused_game_fixture	667	RETAIN	REMAINING_RETAIN	game 形参未直接使用但夹具提供 DB 落点；非无用夹具+常量子集重复案	unused_game_fixture
F2-R11-2	tests/test_declaration_dispatch_1835.py::test_staged_declaration_discard_and_idempotent_settle_in_decree_order	chinese_literal_assert,unused_game_fixture	687	RETAIN	REMAINING_RETAIN	落库/投影结构化中文字段或标题枚举；非 prompt/日志呈现盯文（#1471 HUD 负向维持）	chinese_literal_assert;unused_game_fixture
F2-R11-2	tests/test_declaration_dispatch_1835.py::test_staging_onto_already_settled_decree_ref_is_rejected_not_stranded	unused_game_fixture	769	RETAIN	REMAINING_RETAIN	game 形参未直接使用但夹具提供 DB 落点；非无用夹具+常量子集重复案	unused_game_fixture
F2-R11-2	tests/test_audience_translation_1838.py::test_three_speaker_segments_private_whisper_reaches_only_participant	unused_game_fixture	41	RETAIN	REMAINING_RETAIN	game 形参未直接使用但夹具提供 DB 落点；非无用夹具+常量子集重复案	unused_game_fixture
F2-R11-2	tests/test_audience_translation_1838.py::test_presence_enter_exit_from_translation	unused_game_fixture	130	RETAIN	REMAINING_RETAIN	game 形参未直接使用但夹具提供 DB 落点；非无用夹具+常量子集重复案	unused_game_fixture
F2-R11-2	tests/test_audience_translation_1838.py::test_retry_older_round_keeps_newer_protagonist	unused_game_fixture	289	RETAIN	REMAINING_RETAIN	game 形参未直接使用但夹具提供 DB 落点；非无用夹具+常量子集重复案	unused_game_fixture
F2-R11-2	tests/test_audience_translation_1838.py::test_edge_event_and_public_saying_attach_affair	assert_startswith,unused_game_fixture	306	RETAIN	REMAINING_RETAIN	结构性 id/路径/SSE/affair- 前缀契约；逐案核对非 #ticket/日志呈现弱化	assert_startswith;unused_game_fixture
F2-R11-2	tests/test_audience_translation_1838.py::test_edge_event_undo_deletes_via_source_turn	unused_game_fixture	357	RETAIN	REMAINING_RETAIN	game 形参未直接使用但夹具提供 DB 落点；非无用夹具+常量子集重复案	unused_game_fixture
F2-R11-2	tests/test_audience_translation_1838.py::test_on_scene_fact_undo_via_translation_entry	unused_game_fixture	389	RETAIN	REMAINING_RETAIN	game 形参未直接使用但夹具提供 DB 落点；非无用夹具+常量子集重复案	unused_game_fixture
F2-R11-2	tests/test_month_chain_1847.py::test_step_4a_deferred_disclosure_sees_fresh_0058_progress	assert_startswith	1322	RETAIN	REMAINING_RETAIN	结构性 id/路径/SSE/affair- 前缀契约；逐案核对非 #ticket/日志呈现弱化	assert_startswith
F2-R11-2	tests/test_mechanical_tail_1845.py::test_reopen_resumes_incomplete_mechanical_tail	helper_internal_signal	98	RETAIN	REMAINING_RETAIN	信号命中私有调用，但断言落在公开读口/落库/settle_tick/materials 等外部结果；非纯公式旁路	helper_internal_signal
F2-R11-2	tests/test_mechanical_tail_1845.py::test_real_brew_failure_reaches_tail_failure_and_retry	helper_internal_signal	186	RETAIN	REMAINING_RETAIN	信号命中私有调用，但断言落在公开读口/落库/settle_tick/materials 等外部结果；非纯公式旁路	helper_internal_signal
F2-R11-2	tests/test_mechanical_tail_1845.py::test_web_barrier_resumes_pending_tail_before_join	helper_internal_signal	231	RETAIN	REMAINING_RETAIN	信号命中私有调用，但断言落在公开读口/落库/settle_tick/materials 等外部结果；非纯公式旁路	helper_internal_signal
F2-R11-2	tests/test_mechanical_tail_1845.py::test_non_exhausted_tail_failure_stays_pending_and_retries	helper_internal_signal	283	RETAIN	REMAINING_RETAIN	信号命中私有调用，但断言落在公开读口/落库/settle_tick/materials 等外部结果；非纯公式旁路	helper_internal_signal
F2-R11-2	tests/test_mechanical_tail_1845.py::test_ending_summary_runs_in_mechanical_tail_after_advance	helper_internal_signal	356	RETAIN	REMAINING_RETAIN	信号命中私有调用，但断言落在公开读口/落库/settle_tick/materials 等外部结果；非纯公式旁路	helper_internal_signal
F2-R11-2	tests/test_mechanical_tail_1845.py::test_chapter_memory_retired_from_three_readers	assert_startswith,chinese_literal_assert,helper_internal_signal	447	RETAIN	REMAINING_RETAIN	结构性 id/路径/SSE/affair- 前缀契约；逐案核对非 #ticket/日志呈现弱化	assert_startswith;chinese_literal_assert;helper_internal_signal
F2-R11-2	tests/test_decree_commitment_schema_136.py::test_insert_issue_persists_commitment_deadline_columns	unused_game_fixture	112	RETAIN	REMAINING_RETAIN	game 形参未直接使用但夹具提供 DB 落点；非无用夹具+常量子集重复案	unused_game_fixture
F2-R11-2	tests/test_decree_commitment_schema_136.py::test_insert_issue_serializes_structured_stop_condition_as_json	unused_game_fixture	135	RETAIN	REMAINING_RETAIN	game 形参未直接使用但夹具提供 DB 落点；非无用夹具+常量子集重复案	unused_game_fixture
F2-R11-2	tests/test_decree_commitment_schema_136.py::test_new_issue_persists_commitment_columns_from_tracker_output	unused_game_fixture	153	RETAIN	REMAINING_RETAIN	game 形参未直接使用但夹具提供 DB 落点；非无用夹具+常量子集重复案	unused_game_fixture
F2-R11-2	tests/test_faction_denunciation_627.py::test_world_materials_exclude_secret_fork_from_gazette	helper_internal_signal	106	RETAIN	REMAINING_RETAIN	信号命中私有调用，但断言落在公开读口/落库/settle_tick/materials 等外部结果；非纯公式旁路	helper_internal_signal
F2-R11-2	tests/test_faction_denunciation_627.py::test_veracity_derivation_mechanical_and_origin_marks	assert_startswith	224	RETAIN	REMAINING_RETAIN	结构性 id/路径/SSE/affair- 前缀契约；逐案核对非 #ticket/日志呈现弱化	assert_startswith
F2-R11-2	tests/test_decree_commitment_creation_136.py::test_until_stop_commitment_issue_is_created_with_carrier_fields	assert_startswith	30	RETAIN	REMAINING_RETAIN	结构性 id/路径/SSE/affair- 前缀契约；逐案核对非 #ticket/日志呈现弱化	assert_startswith
F2-R11-2	tests/test_person_archive_schema.py::test_person_logs_accepts_audit_rows_for_existing_characters	unused_game_fixture	80	RETAIN	REMAINING_RETAIN	game 形参未直接使用但夹具提供 DB 落点；非无用夹具+常量子集重复案	unused_game_fixture
F2-R11-2	tests/test_person_archive_schema.py::test_add_character_persists_transit_to	unused_game_fixture	107	RETAIN	REMAINING_RETAIN	game 形参未直接使用但夹具提供 DB 落点；非无用夹具+常量子集重复案	unused_game_fixture
F2-R11-2	tests/test_fiscal_beyond_intent_1260.py::test_s1_fiscal_creates_beyond_intent_tracer_and_negatives	unused_game_fixture	111	RETAIN	REMAINING_RETAIN	game 形参未直接使用但夹具提供 DB 落点；非无用夹具+常量子集重复案	unused_game_fixture
F2-R11-2	tests/test_fiscal_beyond_intent_1260.py::test_s1_fiscal_changes_beyond_intent_tracer_and_negatives	unused_game_fixture	179	RETAIN	REMAINING_RETAIN	game 形参未直接使用但夹具提供 DB 落点；非无用夹具+常量子集重复案	unused_game_fixture
F2-R11-2	tests/test_fiscal_beyond_intent_1260.py::test_s1_fiscal_removes_beyond_intent_tracer_and_negatives	unused_game_fixture	243	RETAIN	REMAINING_RETAIN	game 形参未直接使用但夹具提供 DB 落点；非无用夹具+常量子集重复案	unused_game_fixture
F2-R11-2	tests/test_fiscal_beyond_intent_1260.py::test_s1_engine_grant_fiscal_create_stays_beyond_intent_zero	unused_game_fixture	296	RETAIN	REMAINING_RETAIN	game 形参未直接使用但夹具提供 DB 落点；非无用夹具+常量子集重复案	unused_game_fixture
F2-R11-2	tests/test_fiscal_beyond_intent_1260.py::test_s2_pure_fiscal_beyond_intent_transformed_fork_backlash	unused_game_fixture	318	RETAIN	REMAINING_RETAIN	game 形参未直接使用但夹具提供 DB 落点；非无用夹具+常量子集重复案	unused_game_fixture
F2-R11-2	tests/test_fiscal_beyond_intent_1260.py::test_s2_pure_fiscal_without_beyond_intent_fulfilled_no_backlash	unused_game_fixture	394	RETAIN	REMAINING_RETAIN	game 形参未直接使用但夹具提供 DB 落点；非无用夹具+常量子集重复案	unused_game_fixture
F2-R11-2	tests/test_fiscal_beyond_intent_1260.py::test_s3_nested_ongoing_economy_alias_旨外恶果_lands_ledger	unused_game_fixture	464	RETAIN	REMAINING_RETAIN	game 形参未直接使用但夹具提供 DB 落点；非无用夹具+常量子集重复案	unused_game_fixture
F2-R11-2	tests/test_month_chain_1843.py::test_player_month_entry_settles_prepushed_edicts_then_world_once	helper_internal_signal	75	RETAIN	REMAINING_RETAIN	信号命中私有调用，但断言落在公开读口/落库/settle_tick/materials 等外部结果；非纯公式旁路	helper_internal_signal
F2-R11-2	tests/test_month_chain_1843.py::test_unforecast_edict_is_caught_up_once_and_crash_does_not_double_charge	chinese_literal_assert	152	RETAIN	REMAINING_RETAIN	落库/投影结构化中文字段或标题枚举；非 prompt/日志呈现盯文（#1471 HUD 负向维持）	chinese_literal_assert
F2-R11-2	tests/test_month_chain_1843.py::test_questions_hold_rescript_and_gazette_is_required_before_advance	helper_internal_signal	223	RETAIN	REMAINING_RETAIN	信号命中私有调用，但断言落在公开读口/落库/settle_tick/materials 等外部结果；非纯公式旁路	helper_internal_signal
F2-R11-2	tests/test_loyalty_soft_adjust_clamp_320.py::test_positive_large_delta_clamped_to_plus_15	unused_game_fixture	49	RETAIN	REMAINING_RETAIN	game 形参未直接使用但夹具提供 DB 落点；非无用夹具+常量子集重复案	unused_game_fixture
F2-R11-2	tests/test_loyalty_soft_adjust_clamp_320.py::test_negative_large_delta_clamped_to_minus_15	unused_game_fixture	63	RETAIN	REMAINING_RETAIN	game 形参未直接使用但夹具提供 DB 落点；非无用夹具+常量子集重复案	unused_game_fixture
F2-R11-2	tests/test_loyalty_soft_adjust_clamp_320.py::test_negative_delta_floors_at_zero	unused_game_fixture	73	RETAIN	REMAINING_RETAIN	game 形参未直接使用但夹具提供 DB 落点；非无用夹具+常量子集重复案	unused_game_fixture
F2-R11-2	tests/test_loyalty_soft_adjust_clamp_320.py::test_dynamic_mutiny_cap_still_hard_ceiling_after_soft_clamp	unused_game_fixture	83	RETAIN	REMAINING_RETAIN	game 形参未直接使用但夹具提供 DB 落点；非无用夹具+常量子集重复案	unused_game_fixture
F2-R11-2	tests/test_loyalty_soft_adjust_clamp_320.py::test_deterministic_tick_plus_five_unaffected_by_soft_clamp	unused_game_fixture	93	RETAIN	REMAINING_RETAIN	game 形参未直接使用但夹具提供 DB 落点；非无用夹具+常量子集重复案	unused_game_fixture
F2-R11-2	tests/test_loyalty_soft_adjust_clamp_320.py::test_single_narrative_cannot_max_out_loyalty	unused_game_fixture	115	RETAIN	REMAINING_RETAIN	game 形参未直接使用但夹具提供 DB 落点；非无用夹具+常量子集重复案	unused_game_fixture
F2-R11-2	tests/test_loyalty_soft_adjust_clamp_320.py::test_fake_exemption_markers_do_not_bypass_soft_clamp	unused_game_fixture	143	RETAIN	REMAINING_RETAIN	game 形参未直接使用但夹具提供 DB 落点；非无用夹具+常量子集重复案	unused_game_fixture
F2-R11-2	tests/test_loyalty_soft_adjust_clamp_320.py::test_junxin_alias_also_soft_clamped	unused_game_fixture	159	RETAIN	REMAINING_RETAIN	game 形参未直接使用但夹具提供 DB 落点；非无用夹具+常量子集重复案	unused_game_fixture
F2-R11-2	tests/test_loyalty_soft_adjust_clamp_320.py::test_canonical_and_alias_same_event_do_not_double_count_positive	unused_game_fixture	169	RETAIN	REMAINING_RETAIN	game 形参未直接使用但夹具提供 DB 落点；非无用夹具+常量子集重复案	unused_game_fixture
F2-R11-2	tests/test_loyalty_soft_adjust_clamp_320.py::test_canonical_and_alias_same_event_do_not_double_count_negative	unused_game_fixture	185	RETAIN	REMAINING_RETAIN	game 形参未直接使用但夹具提供 DB 落点；非无用夹具+常量子集重复案	unused_game_fixture
F2-R11-2	tests/test_person_delta_adapter.py::test_apply_score_extraction_does_not_echo_normalized_person_changes	unused_game_fixture	135	RETAIN	REMAINING_RETAIN	game 形参未直接使用但夹具提供 DB 落点；非无用夹具+常量子集重复案	unused_game_fixture
F2-R11-2	tests/test_person_delta_adapter.py::test_registry_and_tools_court_roster_exclude_active_prince	helper_internal_signal	1914	RETAIN	REMAINING_RETAIN	信号命中私有调用，但断言落在公开读口/落库/settle_tick/materials 等外部结果；非纯公式旁路	helper_internal_signal
F2-R11-2	tests/test_person_delta_adapter.py::test_displaced_holder_transit_to_cleared	helper_internal_signal	2546	RETAIN	REMAINING_RETAIN	信号命中私有调用，但断言落在公开读口/落库/settle_tick/materials 等外部结果；非纯公式旁路	helper_internal_signal
F2-R11-2	tests/test_person_delta_adapter.py::test_historical_death_tick_sets_reason_code	unused_game_fixture	2579	RETAIN	REMAINING_RETAIN	game 形参未直接使用但夹具提供 DB 落点；非无用夹具+常量子集重复案	unused_game_fixture
F2-R11-2	tests/test_person_delta_adapter.py::test_historical_death_tick_writes_person_log	unused_game_fixture	2602	RETAIN	REMAINING_RETAIN	game 形参未直接使用但夹具提供 DB 落点；非无用夹具+常量子集重复案	unused_game_fixture
F2-R11-2	tests/test_person_delta_adapter.py::test_historical_debut_tick_sets_reason_code_and_log	unused_game_fixture	2624	RETAIN	REMAINING_RETAIN	game 形参未直接使用但夹具提供 DB 落点；非无用夹具+常量子集重复案	unused_game_fixture
F2-R11-2	tests/test_person_delta_adapter.py::test_reload_syncs_reason_code_status_reason_to_content	helper_internal_signal	2677	RETAIN	REMAINING_RETAIN	信号命中私有调用，但断言落在公开读口/落库/settle_tick/materials 等外部结果；非纯公式旁路	helper_internal_signal
F2-R11-2	tests/test_person_delta_adapter.py::test_s15_amnesty_to_ming_then_appoint	chinese_literal_assert	2930	RETAIN	REMAINING_RETAIN	落库/投影结构化中文字段或标题枚举；非 prompt/日志呈现盯文（#1471 HUD 负向维持）	chinese_literal_assert
F2-R11-2	tests/test_scene_llm_1836.py::test_xuan_lands_enter_then_present_on_next_prepare	assert_startswith	82	RETAIN	REMAINING_RETAIN	结构性 id/路径/SSE/affair- 前缀契约；逐案核对非 #ticket/日志呈现弱化	assert_startswith
F2-R11-2	tests/test_scene_llm_1836.py::test_cli_selection_uses_scene_turn_as_admission_origin	helper_internal_signal	117	RETAIN	REMAINING_RETAIN	信号命中私有调用，但断言落在公开读口/落库/settle_tick/materials 等外部结果；非纯公式旁路	helper_internal_signal
F2-R11-2	tests/test_scene_llm_1836.py::test_remote_xuan_feeds_summon_facts_to_scene	helper_internal_signal	158	RETAIN	REMAINING_RETAIN	信号命中私有调用，但断言落在公开读口/落库/settle_tick/materials 等外部结果；非纯公式旁路	helper_internal_signal
F2-R11-2	tests/test_audience_continuous_507.py::test_scene_recap_excludes_dialogue_before_person_entered	chinese_literal_assert	59	RETAIN	REMAINING_RETAIN	落库/投影结构化中文字段或标题枚举；非 prompt/日志呈现盯文（#1471 HUD 负向维持）	chinese_literal_assert
F2-R11-2	tests/test_audience_continuous_507.py::test_qianqing_continuous_night_skeleton_runs	chinese_literal_assert	81	RETAIN	REMAINING_RETAIN	落库/投影结构化中文字段或标题枚举；非 prompt/日志呈现盯文（#1471 HUD 负向维持）	chinese_literal_assert
F2-R11-2	tests/test_audience_continuous_507.py::test_present_roster_reflects_command_dismissal	chinese_literal_assert	138	RETAIN	REMAINING_RETAIN	落库/投影结构化中文字段或标题枚举；非 prompt/日志呈现盯文（#1471 HUD 负向维持）	chinese_literal_assert
F2-R11-2	tests/test_fiscal_levy_effect.py::test_fiscal_levy_bad_share_meta_does_not_crash_or_redistribute_first_pass	chinese_literal_assert	473	RETAIN	REMAINING_RETAIN	落库/投影结构化中文字段或标题枚举；非 prompt/日志呈现盯文（#1471 HUD 负向维持）	chinese_literal_assert
F2-R11-2	tests/test_fiscal_levy_effect.py::test_same_batch_keeps_the_first_event_outcome	helper_internal_signal	1580	RETAIN	REMAINING_RETAIN	信号命中私有调用，但断言落在公开读口/落库/settle_tick/materials 等外部结果；非纯公式旁路	helper_internal_signal
F2-R11-2	tests/test_fiscal_levy_effect.py::test_unbound_envelope_does_not_overwrite_the_first_event_outcome	helper_internal_signal	1609	RETAIN	REMAINING_RETAIN	信号命中私有调用，但断言落在公开读口/落库/settle_tick/materials 等外部结果；非纯公式旁路	helper_internal_signal
F2-R11-2	tests/test_fiscal_levy_effect.py::test_later_illegal_outcome_does_not_discard_the_first_ruling	helper_internal_signal	1655	RETAIN	REMAINING_RETAIN	信号命中私有调用，但断言落在公开读口/落库/settle_tick/materials 等外部结果；非纯公式旁路	helper_internal_signal
F2-R11-2	tests/test_junxin_alias_loyalty_313.py::test_junxin_alias_maps_to_loyalty_not_morale	unused_game_fixture	31	RETAIN	REMAINING_RETAIN	game 形参未直接使用但夹具提供 DB 落点；非无用夹具+常量子集重复案	unused_game_fixture
F2-R11-2	tests/test_junxin_alias_loyalty_313.py::test_shiqi_alias_still_maps_to_morale	unused_game_fixture	54	RETAIN	REMAINING_RETAIN	game 形参未直接使用但夹具提供 DB 落点；非无用夹具+常量子集重复案	unused_game_fixture
F2-R11-2	tests/test_junxin_alias_loyalty_313.py::test_junxin_and_shiqi_aliases_independent	unused_game_fixture	77	RETAIN	REMAINING_RETAIN	game 形参未直接使用但夹具提供 DB 落点；非无用夹具+常量子集重复案	unused_game_fixture
F2-R11-2	tests/test_llm_channel_config.py::test_web_runtime_cli_no_saved_timeout_uses_cli_default	helper_internal_signal	633	DELETE	DELETED	直测 web_app._llm_config_from_runtime 私有拼装；非对外配置入口行为	helper_internal_signal
F2-R11-2	tests/test_character_knowledge_489.py::test_secret_alias_exclusion_is_canonicalized_before_projection	chinese_literal_assert	35	RETAIN	REMAINING_RETAIN	落库/投影结构化中文字段或标题枚举；非 prompt/日志呈现盯文（#1471 HUD 负向维持）	chinese_literal_assert
F2-R11-2	tests/test_character_knowledge_489.py::test_secret_amendment_preserves_legacy_blacklist_and_public_disclosure	chinese_literal_assert	482	RETAIN	REMAINING_RETAIN	落库/投影结构化中文字段或标题枚举；非 prompt/日志呈现盯文（#1471 HUD 负向维持）	chinese_literal_assert
F2-R11-2	tests/test_character_knowledge_489.py::test_central_ledgers_reach_each_office_archive_carrier_without_crossing	helper_internal_signal	1506	RETAIN	REMAINING_RETAIN	信号命中私有调用，但断言落在公开读口/落库/settle_tick/materials 等外部结果；非纯公式旁路	helper_internal_signal
F2-R11-2	tests/test_shared_resource_order_1844.py::test_world_segment_cross_category_order_by_declaration	unused_game_fixture	231	RETAIN	REMAINING_RETAIN	game 形参未直接使用但夹具提供 DB 落点；非无用夹具+常量子集重复案	unused_game_fixture
F2-R11-2	tests/test_shared_resource_order_1844.py::test_world_segment_cross_category_order_survives_reopen	unused_game_fixture	270	RETAIN	REMAINING_RETAIN	game 形参未直接使用但夹具提供 DB 落点；非无用夹具+常量子集重复案	unused_game_fixture
F2-R11-2	tests/test_shared_resource_order_1844.py::test_world_segment_stamps_each_shared_item_once	helper_internal_signal,unused_game_fixture	332	RETAIN	REMAINING_RETAIN	信号命中私有调用，但断言落在公开读口/落库/settle_tick/materials 等外部结果；非纯公式旁路	helper_internal_signal;unused_game_fixture
F2-R11-2	tests/test_audience_background.py::test_current_unissued_draft_is_not_character_carryover	helper_internal_signal	237	RETAIN	REMAINING_RETAIN	信号命中私有调用，但断言落在公开读口/落库/settle_tick/materials 等外部结果；非纯公式旁路	helper_internal_signal
F2-R11-2	tests/test_mutiny_latch_315.py::test_arrears_spiral_enters_mutiny_only_after_both_conditions	unused_game_fixture	78	RETAIN	REMAINING_RETAIN	game 形参未直接使用但夹具提供 DB 落点；非无用夹具+常量子集重复案	unused_game_fixture
F2-R11-2	tests/test_mutiny_latch_315.py::test_mutiny_stays_latched_while_loyalty_recovers_below_40	unused_game_fixture	87	RETAIN	REMAINING_RETAIN	game 形参未直接使用但夹具提供 DB 落点；非无用夹具+常量子集重复案	unused_game_fixture
F2-R11-2	tests/test_mutiny_latch_315.py::test_mutiny_exits_at_40_only_when_arrears_have_retired	unused_game_fixture	97	RETAIN	REMAINING_RETAIN	game 形参未直接使用但夹具提供 DB 落点；非无用夹具+常量子集重复案	unused_game_fixture
F2-R11-2	tests/test_mutiny_latch_315.py::test_raised_loyalty_alone_does_not_release_latch	unused_game_fixture	104	RETAIN	REMAINING_RETAIN	game 形参未直接使用但夹具提供 DB 落点；非无用夹具+常量子集重复案	unused_game_fixture
F2-R11-2	tests/test_mutiny_latch_315.py::test_exempt_armies_preserve_mutiny_latch	unused_game_fixture	137	RETAIN	REMAINING_RETAIN	game 形参未直接使用但夹具提供 DB 落点；非无用夹具+常量子集重复案	unused_game_fixture
F2-R11-2	tests/test_mutiny_latch_315.py::test_mutiny_latch_enters_only_beyond_four_months_arrears	unused_game_fixture	146	RETAIN	REMAINING_RETAIN	game 形参未直接使用但夹具提供 DB 落点；非无用夹具+常量子集重复案	unused_game_fixture
F2-R11-2	tests/test_mutiny_latch_315.py::test_mutiny_latch_exits_only_within_four_months_arrears	unused_game_fixture	158	RETAIN	REMAINING_RETAIN	game 形参未直接使用但夹具提供 DB 落点；非无用夹具+常量子集重复案	unused_game_fixture
F2-R11-2	tests/test_mutiny_latch_315.py::test_mutiny_latch_holds_beyond_four_months_arrears	unused_game_fixture	167	RETAIN	REMAINING_RETAIN	game 形参未直接使用但夹具提供 DB 落点；非无用夹具+常量子集重复案	unused_game_fixture
F2-R11-2	tests/test_material_directory_1830.py::test_prepare_writes_typed_tree_and_index	assert_startswith	34	RETAIN	REMAINING_RETAIN	结构性 id/路径/SSE/affair- 前缀契约；逐案核对非 #ticket/日志呈现弱化	assert_startswith
F2-R11-2	tests/test_material_directory_1830.py::test_material_tree_contains_only_structurally_related_world_details	assert_startswith,helper_internal_signal	75	RETAIN	REMAINING_RETAIN	结构性 id/路径/SSE/affair- 前缀契约；逐案核对非 #ticket/日志呈现弱化	assert_startswith;helper_internal_signal
F2-R11-2	tests/test_material_directory_1830.py::test_character_materials_exclude_legacy_raw_turn_report_and_keep_public_gazettes	assert_startswith,chinese_literal_assert	206	RETAIN	REMAINING_RETAIN	结构性 id/路径/SSE/affair- 前缀契约；逐案核对非 #ticket/日志呈现弱化	assert_startswith;chinese_literal_assert
F2-R11-2	tests/test_section4_rejections.py::test_issue_path_tolerated_rejections_reach_reports	chinese_literal_assert	589	RETAIN	REMAINING_RETAIN	落库/投影结构化中文字段或标题枚举；非 prompt/日志呈现盯文（#1471 HUD 负向维持）	chinese_literal_assert
F2-R11-2	tests/test_dossier_links_559.py::test_one_protection_dossier_links_three_older_allocations_both_directions	unused_game_fixture	21	RETAIN	REMAINING_RETAIN	game 形参未直接使用但夹具提供 DB 落点；非无用夹具+常量子集重复案	unused_game_fixture
F2-R11-2	tests/test_dossier_links_559.py::test_only_confirmed_narrowed_references_are_persisted	unused_game_fixture	38	RETAIN	REMAINING_RETAIN	game 形参未直接使用但夹具提供 DB 落点；非无用夹具+常量子集重复案	unused_game_fixture
F2-R11-2	tests/test_dossier_links_559.py::test_reference_candidates_hide_other_ministers_secret_dossiers	unused_game_fixture	63	RETAIN	REMAINING_RETAIN	game 形参未直接使用但夹具提供 DB 落点；非无用夹具+常量子集重复案	unused_game_fixture
F2-R11-2	tests/test_dossier_links_559.py::test_reference_candidates_obey_canonical_disclosure_blacklist	unused_game_fixture	82	RETAIN	REMAINING_RETAIN	game 形参未直接使用但夹具提供 DB 落点；非无用夹具+常量子集重复案	unused_game_fixture
F2-R11-2	tests/test_dossier_links_559.py::test_confirmed_secret_order_materializes_links_through_pending_commit	unused_game_fixture	101	RETAIN	REMAINING_RETAIN	game 形参未直接使用但夹具提供 DB 落点；非无用夹具+常量子集重复案	unused_game_fixture
F2-R11-2	tests/test_dossier_links_559.py::test_unknown_target_in_pending_commit_is_rolled_back_and_durably_audited	unused_game_fixture	122	RETAIN	REMAINING_RETAIN	game 形参未直接使用但夹具提供 DB 落点；非无用夹具+常量子集重复案	unused_game_fixture
F2-R11-2	tests/test_dossier_links_559.py::test_unknown_target_link_is_rejected_and_audited	unused_game_fixture	142	RETAIN	REMAINING_RETAIN	game 形参未直接使用但夹具提供 DB 落点；非无用夹具+常量子集重复案	unused_game_fixture
F2-R11-2	tests/test_dossier_links_559.py::test_force_promulgated_rejected_dossier_is_referenceable	unused_game_fixture	159	RETAIN	REMAINING_RETAIN	game 形参未直接使用但夹具提供 DB 落点；非无用夹具+常量子集重复案	unused_game_fixture
F2-R11-2	tests/test_dossier_links_559.py::test_withdrawn_rejected_dossier_is_not_referenceable	unused_game_fixture	173	RETAIN	REMAINING_RETAIN	game 形参未直接使用但夹具提供 DB 落点；非无用夹具+常量子集重复案	unused_game_fixture
F2-R11-2	tests/test_dossier_links_559.py::test_pending_rejection_does_not_follow_reused_rolled_back_source_id	unused_game_fixture	181	RETAIN	REMAINING_RETAIN	game 形参未直接使用但夹具提供 DB 落点；非无用夹具+常量子集重复案	unused_game_fixture
F2-R11-2	tests/test_qa_d1_decree_normalize_1274.py::test_is_non_person_covers_generics_and_collectives	helper_internal_signal	85	DELETE	DELETED	直测 is_non_person/_is_non_person；已有 capture_drops_dachen 与 night_archive 入口案	helper_internal_signal
F2-R11-2	tests/test_qa_d1_decree_normalize_1274.py::test_night_archive_involved_people_drops_non_persons	chinese_literal_assert,unused_game_fixture	98	RETAIN	REMAINING_RETAIN	落库/投影结构化中文字段或标题枚举；非 prompt/日志呈现盯文（#1471 HUD 负向维持）	chinese_literal_assert;unused_game_fixture
F2-R11-2	tests/test_faction_class_section_rejections.py::test_issue_effect_faction_rejection_reaches_reports	chinese_literal_assert	220	RETAIN	REMAINING_RETAIN	落库/投影结构化中文字段或标题枚举；非 prompt/日志呈现盯文（#1471 HUD 负向维持）	chinese_literal_assert
F2-R11-2	tests/test_candidate_supply_1893.py::test_eligible_candidate_event_reaches_world_supply	unused_game_fixture	72	RETAIN	REMAINING_RETAIN	game 形参未直接使用但夹具提供 DB 落点；非无用夹具+常量子集重复案	unused_game_fixture
F2-R11-2	tests/test_candidate_supply_1893.py::test_ineligible_and_terminal_events_stay_out_of_supply	unused_game_fixture	88	RETAIN	REMAINING_RETAIN	game 形参未直接使用但夹具提供 DB 落点；非无用夹具+常量子集重复案	unused_game_fixture
F2-R11-2	tests/test_candidate_supply_1893.py::test_surge_candidate_offered_by_world_segment_is_declared_and_lands	helper_internal_signal,unused_game_fixture	145	RETAIN	REMAINING_RETAIN	信号命中私有调用，但断言落在公开读口/落库/settle_tick/materials 等外部结果；非纯公式旁路	helper_internal_signal;unused_game_fixture
F2-R11-2	tests/test_candidate_supply_1893.py::test_translate_request_carries_current_candidate_facts	helper_internal_signal,unused_game_fixture	198	RETAIN	REMAINING_RETAIN	信号命中私有调用，但断言落在公开读口/落库/settle_tick/materials 等外部结果；非纯公式旁路	helper_internal_signal;unused_game_fixture
F2-R11-2	tests/test_candidate_supply_1893.py::test_translate_request_omits_ineligible_candidate	helper_internal_signal,unused_game_fixture	222	RETAIN	REMAINING_RETAIN	信号命中私有调用，但断言落在公开读口/落库/settle_tick/materials 等外部结果；非纯公式旁路	helper_internal_signal;unused_game_fixture
F2-R11-2	tests/test_candidate_supply_1893.py::test_selected_event_lands_once_via_existing_new_issues_write	helper_internal_signal,unused_game_fixture	255	RETAIN	REMAINING_RETAIN	信号命中私有调用，但断言落在公开读口/落库/settle_tick/materials 等外部结果；非纯公式旁路	helper_internal_signal;unused_game_fixture
F2-R11-2	tests/test_candidate_supply_1893.py::test_not_selected_candidate_leaves_no_terminal_state	helper_internal_signal,unused_game_fixture	290	RETAIN	REMAINING_RETAIN	信号命中私有调用，但断言落在公开读口/落库/settle_tick/materials 等外部结果；非纯公式旁路	helper_internal_signal;unused_game_fixture
F2-R11-2	tests/test_candidate_supply_1893.py::test_non_strategic_candidate_effects_land_without_event_id_binding	helper_internal_signal,unused_game_fixture	305	RETAIN	REMAINING_RETAIN	信号命中私有调用，但断言落在公开读口/落库/settle_tick/materials 等外部结果；非纯公式旁路	helper_internal_signal;unused_game_fixture
F2-R11-2	tests/test_candidate_supply_1893.py::test_supplied_outcome_labels_match_writer_whitelist	helper_internal_signal,unused_game_fixture	333	RETAIN	REMAINING_RETAIN	信号命中私有调用，但断言落在公开读口/落库/settle_tick/materials 等外部结果；非纯公式旁路	helper_internal_signal;unused_game_fixture
F2-R11-2	tests/test_candidate_supply_1893.py::test_impeachment_surge_lands_only_when_faction_actually_impeaches	helper_internal_signal,unused_game_fixture	367	RETAIN	REMAINING_RETAIN	信号命中私有调用，但断言落在公开读口/落库/settle_tick/materials 等外部结果；非纯公式旁路	helper_internal_signal;unused_game_fixture
F2-R11-2	tests/test_on_scene_immediate_write_1839.py::test_kill_lands_status_and_next_materials_show_it	unused_game_fixture	69	RETAIN	REMAINING_RETAIN	game 形参未直接使用但夹具提供 DB 落点；非无用夹具+常量子集重复案	unused_game_fixture
F2-R11-2	tests/test_on_scene_immediate_write_1839.py::test_textual_fact_and_public_saying_land_and_show_in_materials	unused_game_fixture	100	RETAIN	REMAINING_RETAIN	game 形参未直接使用但夹具提供 DB 落点；非无用夹具+常量子集重复案	unused_game_fixture
F2-R11-2	tests/test_on_scene_immediate_write_1839.py::test_undo_reverses_round_on_scene_writes	chinese_literal_assert,unused_game_fixture	137	RETAIN	REMAINING_RETAIN	落库/投影结构化中文字段或标题枚举；非 prompt/日志呈现盯文（#1471 HUD 负向维持）	chinese_literal_assert;unused_game_fixture
F2-R11-2	tests/test_on_scene_immediate_write_1839.py::test_night_bound_sections_reject_missing_or_foreign_source_chat_turn	unused_game_fixture	213	RETAIN	REMAINING_RETAIN	game 形参未直接使用但夹具提供 DB 落点；非无用夹具+常量子集重复案	unused_game_fixture
F2-R11-2	tests/test_on_scene_immediate_write_1839.py::test_commission_stays_staged_not_bypassing_promulgation	chinese_literal_assert,unused_game_fixture	311	RETAIN	REMAINING_RETAIN	落库/投影结构化中文字段或标题枚举；非 prompt/日志呈现盯文（#1471 HUD 负向维持）	chinese_literal_assert;unused_game_fixture
F2-R11-2	tests/test_audience_undo_506.py::test_audit_passes_whitelisted_and_catches_unwhitelisted_night_write	chinese_literal_assert	167	RETAIN	REMAINING_RETAIN	落库/投影结构化中文字段或标题枚举；非 prompt/日志呈现盯文（#1471 HUD 负向维持）	chinese_literal_assert
F2-R11-2	tests/test_audience_undo_506.py::test_undo_restores_staging_row_deleted_by_verbal_reject	chinese_literal_assert	370	RETAIN	REMAINING_RETAIN	落库/投影结构化中文字段或标题枚举；非 prompt/日志呈现盯文（#1471 HUD 负向维持）	chinese_literal_assert
F2-R11-2	tests/test_web_court_visibility.py::test_find_existing_minister_uses_db_power_id	helper_internal_signal	367	RETAIN	REMAINING_RETAIN	信号命中私有调用，但断言落在公开读口/落库/settle_tick/materials 等外部结果；非纯公式旁路	helper_internal_signal
F2-R11-2	tests/test_web_court_visibility.py::test_shi_kefa_not_in_summonable_court_roster	chinese_literal_assert	422	RETAIN	REMAINING_RETAIN	落库/投影结构化中文字段或标题枚举；非 prompt/日志呈现盯文（#1471 HUD 负向维持）	chinese_literal_assert
F2-R11-2	tests/test_web_court_visibility.py::test_identity_resolves_weishi_and_vassal_aliases_no_duplicate_file	chinese_literal_assert,helper_internal_signal	478	RETAIN	REMAINING_RETAIN	落库/投影结构化中文字段或标题枚举；非 prompt/日志呈现盯文（#1471 HUD 负向维持）	chinese_literal_assert;helper_internal_signal
F2-R11-2	tests/test_audience_travel_gating_670.py::test_multi_origin_same_person_dedupes_consumer_projections_not_ledger	helper_internal_signal	261	RETAIN	REMAINING_RETAIN	信号命中私有调用，但断言落在公开读口/落库/settle_tick/materials 等外部结果；非纯公式旁路	helper_internal_signal
F2-R11-2	tests/test_audience_travel_gating_670.py::test_continuation_arrival_settles_origin_without_waiting	helper_internal_signal	819	RETAIN	REMAINING_RETAIN	信号命中私有调用，但断言落在公开读口/落库/settle_tick/materials 等外部结果；非纯公式旁路	helper_internal_signal
F2-R11-2	tests/test_audience_travel_gating_670.py::test_waiting_active_departure_settles_and_does_not_revive	helper_internal_signal	891	RETAIN	REMAINING_RETAIN	信号命中私有调用，但断言落在公开读口/落库/settle_tick/materials 等外部结果；非纯公式旁路	helper_internal_signal
F2-R11-2	tests/test_audience_travel_gating_670.py::test_waiting_active_departure_settle_failure_rolls_back_all_four_sides	helper_internal_signal	931	RETAIN	REMAINING_RETAIN	信号命中私有调用，但断言落在公开读口/落库/settle_tick/materials 等外部结果；非纯公式旁路	helper_internal_signal
F2-R11-2	tests/test_audience_travel_gating_670.py::test_waiting_active_departure_commits_transit_log_settle_and_mirror	helper_internal_signal	1009	RETAIN	REMAINING_RETAIN	信号命中私有调用，但断言落在公开读口/落库/settle_tick/materials 等外部结果；非纯公式旁路	helper_internal_signal
F2-R11-2	tests/test_audience_travel_gating_670.py::test_waiting_active_departure_respects_strategic_preflight_savepoint	helper_internal_signal	1065	RETAIN	REMAINING_RETAIN	信号命中私有调用，但断言落在公开读口/落库/settle_tick/materials 等外部结果；非纯公式旁路	helper_internal_signal
F2-R11-2	tests/test_audience_travel_gating_670.py::test_waiting_active_departure_external_rollback_reverts_transit_and_settle	helper_internal_signal	1115	RETAIN	REMAINING_RETAIN	信号命中私有调用，但断言落在公开读口/落库/settle_tick/materials 等外部结果；非纯公式旁路	helper_internal_signal
F2-R11-2	tests/test_decree_forecast_1861.py::test_scene_chat_approval_forecasts_each_decree_without_visible_effect	helper_internal_signal	150	RETAIN	REMAINING_RETAIN	信号命中私有调用，但断言落在公开读口/落库/settle_tick/materials 等外部结果；非纯公式旁路	helper_internal_signal
F2-R11-2	tests/test_population_unit_648.py::test_new_save_displaced_class_seed_frozen_table	unused_game_fixture	77	RETAIN	REMAINING_RETAIN	game 形参未直接使用但夹具提供 DB 落点；非无用夹具+常量子集重复案	unused_game_fixture
F2-R11-2	tests/test_population_unit_648.py::test_new_save_classes_seed_persons_scale	unused_game_fixture	113	RETAIN	REMAINING_RETAIN	game 形参未直接使用但夹具提供 DB 落点；非无用夹具+常量子集重复案	unused_game_fixture
F2-R11-2	tests/test_population_unit_648.py::test_new_save_regions_seed_persons_scale	unused_game_fixture	122	RETAIN	REMAINING_RETAIN	game 形参未直接使用但夹具提供 DB 落点；非无用夹具+常量子集重复案	unused_game_fixture
F2-R11-2	tests/test_population_unit_648.py::test_new_save_persistent_population_unit_marker	unused_game_fixture	131	RETAIN	REMAINING_RETAIN	game 形参未直接使用但夹具提供 DB 落点；非无用夹具+常量子集重复案	unused_game_fixture
F2-R11-2	tests/test_relation_store_632.py::test_directed_edge_events_are_stored_and_queryable	unused_game_fixture	11	RETAIN	REMAINING_RETAIN	game 形参未直接使用但夹具提供 DB 落点；非无用夹具+常量子集重复案	unused_game_fixture
F2-R11-2	tests/test_relation_store_632.py::test_edge_event_kind_and_evidence_are_fail_closed	unused_game_fixture	38	RETAIN	REMAINING_RETAIN	game 形参未直接使用但夹具提供 DB 落点；非无用夹具+常量子集重复案	unused_game_fixture
F2-R11-2	tests/test_relation_store_632.py::test_distinct_pipe_origins_are_never_merged	unused_game_fixture	178	RETAIN	REMAINING_RETAIN	game 形参未直接使用但夹具提供 DB 落点；非无用夹具+常量子集重复案	unused_game_fixture
F2-R11-2	tests/test_relation_store_632.py::test_record_relation_edge_event_respects_caller_owned_transaction	unused_game_fixture	201	RETAIN	REMAINING_RETAIN	game 形参未直接使用但夹具提供 DB 落点；非无用夹具+常量子集重复案	unused_game_fixture
F2-R11-2	tests/test_relation_brew_636.py::test_provider_fault_becomes_typed_brew_failure	helper_internal_signal	38	RETAIN	REMAINING_RETAIN	信号命中私有调用，但断言落在公开读口/落库/settle_tick/materials 等外部结果；非纯公式旁路	helper_internal_signal
F2-R11-2	tests/test_relation_brew_636.py::test_founding_segment_survives_consecutive_brews_byte_identical	unused_game_fixture	92	RETAIN	REMAINING_RETAIN	game 形参未直接使用但夹具提供 DB 落点；非无用夹具+常量子集重复案	unused_game_fixture
F2-R11-2	tests/test_relation_brew_636.py::test_no_new_events_and_no_pending_month_bytes_unchanged_zero_brews	unused_game_fixture	136	RETAIN	REMAINING_RETAIN	game 形参未直接使用但夹具提供 DB 落点；非无用夹具+常量子集重复案	unused_game_fixture
F2-R11-2	tests/test_relation_brew_636.py::test_flip_brew_input_must_contain_new_edge_events	unused_game_fixture	161	RETAIN	REMAINING_RETAIN	game 形参未直接使用但夹具提供 DB 落点；非无用夹具+常量子集重复案	unused_game_fixture
F2-R11-2	tests/test_relation_brew_636.py::test_failed_month_degrades_to_pending_and_rebrews_next_month	unused_game_fixture	192	RETAIN	REMAINING_RETAIN	game 形参未直接使用但夹具提供 DB 落点；非无用夹具+常量子集重复案	unused_game_fixture
F2-R11-2	tests/test_relation_brew_636.py::test_prepare_attaches_prior_events_only_via_history_seam	unused_game_fixture	263	RETAIN	REMAINING_RETAIN	game 形参未直接使用但夹具提供 DB 落点；非无用夹具+常量子集重复案	unused_game_fixture
F2-R11-2	tests/test_relation_brew_636.py::test_brew_persistence_chain_preserves_32700_byte_fixture_byte_identical	unused_game_fixture	329	RETAIN	REMAINING_RETAIN	game 形参未直接使用但夹具提供 DB 落点；非无用夹具+常量子集重复案	unused_game_fixture
F2-R11-2	tests/test_relation_brew_636.py::test_brew_batch_runs_items_in_parallel_not_serialized	unused_game_fixture	356	RETAIN	REMAINING_RETAIN	game 形参未直接使用但夹具提供 DB 落点；非无用夹具+常量子集重复案	unused_game_fixture
F2-R11-2	tests/test_relation_brew_636.py::test_historical_events_alone_do_not_select_in_later_month	unused_game_fixture	386	RETAIN	REMAINING_RETAIN	game 形参未直接使用但夹具提供 DB 落点；非无用夹具+常量子集重复案	unused_game_fixture
F2-R11-2	tests/test_relation_brew_636.py::test_prepare_claim_db_error_propagates_loudly	unused_game_fixture	454	RETAIN	REMAINING_RETAIN	game 形参未直接使用但夹具提供 DB 落点；非无用夹具+常量子集重复案	unused_game_fixture
F2-R11-2	tests/test_relation_brew_636.py::test_apply_db_error_propagates_loudly_not_disguised_as_llm_failure	unused_game_fixture	469	RETAIN	REMAINING_RETAIN	game 形参未直接使用但夹具提供 DB 落点；非无用夹具+常量子集重复案	unused_game_fixture
F2-R11-2	tests/test_relation_brew_636.py::test_mark_failure_after_llm_failure_propagates_loudly	unused_game_fixture	493	RETAIN	REMAINING_RETAIN	game 形参未直接使用但夹具提供 DB 落点；非无用夹具+常量子集重复案	unused_game_fixture
F2-R11-2	tests/test_relation_brew_636.py::test_brew_program_error_propagates_loudly_not_degraded	unused_game_fixture	511	RETAIN	REMAINING_RETAIN	game 形参未直接使用但夹具提供 DB 落点；非无用夹具+常量子集重复案	unused_game_fixture
F2-R11-2	tests/test_relation_brew_636.py::test_brew_fn_value_error_is_program_error_propagates_loudly	unused_game_fixture	530	RETAIN	REMAINING_RETAIN	game 形参未直接使用但夹具提供 DB 落点；非无用夹具+常量子集重复案	unused_game_fixture
F2-R11-2	tests/test_relation_brew_636.py::test_parse_seam_value_error_degrades_single_item	unused_game_fixture	550	RETAIN	REMAINING_RETAIN	game 形参未直接使用但夹具提供 DB 落点；非无用夹具+常量子集重复案	unused_game_fixture
F2-R11-2	tests/test_relation_brew_636.py::test_duplicate_json_objects_rejected_not_first_object_picked	unused_game_fixture	583	RETAIN	REMAINING_RETAIN	game 形参未直接使用但夹具提供 DB 落点；非无用夹具+常量子集重复案	unused_game_fixture
F2-R11-2	tests/test_relation_brew_636.py::test_unescaped_control_byte_rejected_not_stripped	unused_game_fixture	618	RETAIN	REMAINING_RETAIN	game 形参未直接使用但夹具提供 DB 落点；非无用夹具+常量子集重复案	unused_game_fixture
F2-R11-2	tests/test_relation_brew_636.py::test_batch_of_five_relations_all_enter_call_seam_concurrently	unused_game_fixture	641	RETAIN	REMAINING_RETAIN	game 形参未直接使用但夹具提供 DB 落点；非无用夹具+常量子集重复案	unused_game_fixture
F2-R11-2	tests/test_gazette_author_1862.py::test_author_archives_own_title_and_same_run_advances	assert_startswith	88	RETAIN	REMAINING_RETAIN	结构性 id/路径/SSE/affair- 前缀契约；逐案核对非 #ticket/日志呈现弱化	assert_startswith
F2-R11-2	tests/test_close_issues_section_rejections.py::test_close_already_inactive_rejected_missing_ref	unused_game_fixture	86	RETAIN	REMAINING_RETAIN	game 形参未直接使用但夹具提供 DB 落点；非无用夹具+常量子集重复案	unused_game_fixture
F2-R11-2	tests/test_close_issues_section_rejections.py::test_close_failed_on_uncollapsible_rejected_invalid_enum	unused_game_fixture	100	RETAIN	REMAINING_RETAIN	game 形参未直接使用但夹具提供 DB 落点；非无用夹具+常量子集重复案	unused_game_fixture
F2-R11-2	tests/test_close_issues_section_rejections.py::test_close_rejection_reaches_rejection_reports	helper_internal_signal,unused_game_fixture	114	RETAIN	REMAINING_RETAIN	信号命中私有调用，但断言落在公开读口/落库/settle_tick/materials 等外部结果；非纯公式旁路	helper_internal_signal;unused_game_fixture
F2-R11-2	tests/test_close_issues_section_rejections.py::test_scalar_item_rejection_preserves_original_in_reports	helper_internal_signal	137	RETAIN	REMAINING_RETAIN	信号命中私有调用，但断言落在公开读口/落库/settle_tick/materials 等外部结果；非纯公式旁路	helper_internal_signal
F2-R11-2	tests/test_close_issues_section_rejections.py::test_close_valid_issue_still_succeeds	unused_game_fixture	171	RETAIN	REMAINING_RETAIN	game 形参未直接使用但夹具提供 DB 落点；非无用夹具+常量子集重复案	unused_game_fixture
F2-R11-2	tests/test_secret_order_monthly_progress_566.py::test_emperor_private_payload_preserves_monthly_report	helper_internal_signal	49	RETAIN	REMAINING_RETAIN	信号命中私有调用，但断言落在公开读口/落库/settle_tick/materials 等外部结果；非纯公式旁路	helper_internal_signal
F2-R11-2	tests/test_secret_order_monthly_progress_566.py::test_character_terminal_status_closes_secret_orders_through_canonical_progress_rail	chinese_literal_assert	160	RETAIN	REMAINING_RETAIN	落库/投影结构化中文字段或标题枚举；非 prompt/日志呈现盯文（#1471 HUD 负向维持）	chinese_literal_assert
F2-R11-2	tests/test_authority_ledger_611.py::test_production_path_grant_restore_revoke_impression_tracer	assert_startswith	64	RETAIN	REMAINING_RETAIN	结构性 id/路径/SSE/affair- 前缀契约；逐案核对非 #ticket/日志呈现弱化	assert_startswith
F2-R11-2	tests/test_player_army_projection_321.py::test_apply_army_deltas_rejects_five_persistent_mutiny_columns	unused_game_fixture	388	RETAIN	REMAINING_RETAIN	game 形参未直接使用但夹具提供 DB 落点；非无用夹具+常量子集重复案	unused_game_fixture
F2-R11-2	tests/test_cli_runner_error_typed_1299.py::test_clichat_normal_reply_still_returns	chinese_literal_assert	53	RETAIN	REMAINING_RETAIN	落库/投影结构化中文字段或标题枚举；非 prompt/日志呈现盯文（#1471 HUD 负向维持）	chinese_literal_assert
F2-R11-2	tests/test_audience_scroll_539.py::test_real_player_sse_replaces_closed_same_turn_night_before_failed_reply	assert_startswith	19	RETAIN	REMAINING_RETAIN	结构性 id/路径/SSE/affair- 前缀契约；逐案核对非 #ticket/日志呈现弱化	assert_startswith
F2-R11-2	tests/test_audience_scroll_539.py::test_live_and_closed_night_share_the_real_http_contract	unused_game_fixture	87	RETAIN	REMAINING_RETAIN	game 形参未直接使用但夹具提供 DB 落点；非无用夹具+常量子集重复案	unused_game_fixture
F2-R11-2	tests/test_audience_scroll_539.py::test_empty_open_night_scroll_exposes_persisted_container	unused_game_fixture	112	RETAIN	REMAINING_RETAIN	game 形参未直接使用但夹具提供 DB 落点；非无用夹具+常量子集重复案	unused_game_fixture
F2-R11-2	tests/test_audience_scroll_539.py::test_scroll_exposes_declared_protagonist_and_ledger_roster	unused_game_fixture	125	RETAIN	REMAINING_RETAIN	game 形参未直接使用但夹具提供 DB 落点；非无用夹具+常量子集重复案	unused_game_fixture
F2-R11-2	tests/test_audience_scroll_539.py::test_scroll_exposes_translation_pending_until_late_declaration_lands	unused_game_fixture	167	RETAIN	REMAINING_RETAIN	game 形参未直接使用但夹具提供 DB 落点；非无用夹具+常量子集重复案	unused_game_fixture
F2-R11-2	tests/test_audience_scroll_539.py::test_translation_segments_replace_neutral_reply_in_real_scroll	unused_game_fixture	185	RETAIN	REMAINING_RETAIN	game 形参未直接使用但夹具提供 DB 落点；非无用夹具+常量子集重复案	unused_game_fixture
F2-R11-2	tests/test_audience_scroll_539.py::test_unnamed_speaker_cannot_finish_translation	unused_game_fixture	220	RETAIN	REMAINING_RETAIN	game 形参未直接使用但夹具提供 DB 落点；非无用夹具+常量子集重复案	unused_game_fixture
F2-R11-2	tests/test_audience_scroll_539.py::test_real_http_scroll_merges_ministers_asides_and_story_without_raw_character_stats	unused_game_fixture	242	RETAIN	REMAINING_RETAIN	game 形参未直接使用但夹具提供 DB 落点；非无用夹具+常量子集重复案	unused_game_fixture
F2-R11-2	tests/test_audience_scroll_539.py::test_scroll_contract_merges_both_stores_with_container_and_coda	unused_game_fixture	289	RETAIN	REMAINING_RETAIN	game 形参未直接使用但夹具提供 DB 落点；非无用夹具+常量子集重复案	unused_game_fixture
F2-R11-2	tests/test_audience_scroll_539.py::test_presence_commands_only_record_facts	unused_game_fixture	306	RETAIN	REMAINING_RETAIN	game 形参未直接使用但夹具提供 DB 落点；非无用夹具+常量子集重复案	unused_game_fixture
F2-R11-2	tests/test_audience_scroll_539.py::test_scroll_derives_soft_boundary_and_omits_dialogue_carried_action	unused_game_fixture	322	RETAIN	REMAINING_RETAIN	game 形参未直接使用但夹具提供 DB 落点；非无用夹具+常量子集重复案	unused_game_fixture
F2-R11-2	tests/test_audience_scroll_539.py::test_extractor_open_tags_do_not_drive_beat_or_soft_boundary	unused_game_fixture	342	RETAIN	REMAINING_RETAIN	game 形参未直接使用但夹具提供 DB 落点；非无用夹具+常量子集重复案	unused_game_fixture
F2-R11-2	tests/test_audience_scroll_539.py::test_scroll_container_presents_audience_type_from_persisted_summon_method	unused_game_fixture	362	RETAIN	REMAINING_RETAIN	game 形参未直接使用但夹具提供 DB 落点；非无用夹具+常量子集重复案	unused_game_fixture
F2-R11-2	tests/test_audience_scroll_539.py::test_scroll_without_next_entrance_has_unnamed_boundary	unused_game_fixture	380	RETAIN	REMAINING_RETAIN	game 形参未直接使用但夹具提供 DB 落点；非无用夹具+常量子集重复案	unused_game_fixture
F2-R11-2	tests/test_audience_scroll_539.py::test_same_departure_facts_emit_one_divider_but_later_departure_survives	unused_game_fixture	393	RETAIN	REMAINING_RETAIN	game 形参未直接使用但夹具提供 DB 落点；非无用夹具+常量子集重复案	unused_game_fixture
F2-R11-2	tests/test_audience_scroll_539.py::test_history_turns_lists_every_closed_night_including_night_only_turns	unused_game_fixture	416	RETAIN	REMAINING_RETAIN	game 形参未直接使用但夹具提供 DB 落点；非无用夹具+常量子集重复案	unused_game_fixture
F2-R11-2	tests/test_audience_scroll_539.py::test_closed_night_archive_derives_stable_titles_people_and_no_content	unused_game_fixture	440	RETAIN	REMAINING_RETAIN	game 形参未直接使用但夹具提供 DB 落点；非无用夹具+常量子集重复案	unused_game_fixture
F2-R11-2	tests/test_audience_scroll_539.py::test_closed_night_archive_batches_each_metadata_store_once	unused_game_fixture	465	RETAIN	REMAINING_RETAIN	game 形参未直接使用但夹具提供 DB 落点；非无用夹具+常量子集重复案	unused_game_fixture
F2-R11-2	tests/test_audience_scroll_539.py::test_read_night_scroll_reads_each_metadata_store_once	unused_game_fixture	486	RETAIN	REMAINING_RETAIN	game 形参未直接使用但夹具提供 DB 落点；非无用夹具+常量子集重复案	unused_game_fixture
F2-R11-2	tests/test_audience_scroll_539.py::test_personal_projection_only_reads_the_current_open_night	unused_game_fixture	503	RETAIN	REMAINING_RETAIN	game 形参未直接使用但夹具提供 DB 落点；非无用夹具+常量子集重复案	unused_game_fixture
F2-R11-2	tests/test_state_reload.py::test_rollback_purges_content_character_ghost	helper_internal_signal	148	RETAIN	REMAINING_RETAIN	信号命中私有调用，但断言落在公开读口/落库/settle_tick/materials 等外部结果；非纯公式旁路	helper_internal_signal
F2-R11-2	tests/test_state_reload.py::test_reload_skipped_inside_nested_atomic	helper_internal_signal	191	RETAIN	REMAINING_RETAIN	信号命中私有调用，但断言落在公开读口/落库/settle_tick/materials 等外部结果；非纯公式旁路	helper_internal_signal
F2-R11-2	tests/test_state_reload.py::test_rollback_restores_existing_character_attributes	helper_internal_signal	235	RETAIN	REMAINING_RETAIN	信号命中私有调用，但断言落在公开读口/落库/settle_tick/materials 等外部结果；非纯公式旁路	helper_internal_signal
F2-R11-2	tests/test_state_reload.py::test_reload_passes_llm_config_to_content_rebuild	helper_internal_signal	267	RETAIN	REMAINING_RETAIN	信号命中私有调用，但断言落在公开读口/落库/settle_tick/materials 等外部结果；非纯公式旁路	helper_internal_signal
F2-R11-2	tests/test_state_reload.py::test_atomic_and_reload_skips_reload_when_nested	helper_internal_signal	311	RETAIN	REMAINING_RETAIN	信号命中私有调用，但断言落在公开读口/落库/settle_tick/materials 等外部结果；非纯公式旁路	helper_internal_signal
F2-R11-2	tests/test_state_reload.py::test_atomic_and_reload_chains_reload_failure	helper_internal_signal	335	RETAIN	REMAINING_RETAIN	信号命中私有调用，但断言落在公开读口/落库/settle_tick/materials 等外部结果；非纯公式旁路	helper_internal_signal
F2-R11-2	tests/test_state_reload.py::test_atomic_and_reload_runs_on_error_before_reload	helper_internal_signal	351	RETAIN	REMAINING_RETAIN	信号命中私有调用，但断言落在公开读口/落库/settle_tick/materials 等外部结果；非纯公式旁路	helper_internal_signal
F2-R11-2	tests/test_promulgation_judge_561.py::test_appointment_text_is_pure_gatekeeper_transfer_without_land_confiscation	chinese_literal_assert	595	RETAIN	REMAINING_RETAIN	落库/投影结构化中文字段或标题枚举；非 prompt/日志呈现盯文（#1471 HUD 负向维持）	chinese_literal_assert
F2-R11-2	tests/test_promulgation_judge_561.py::test_ordinary_class_all_promulgated_covers_planted_ordinary_only	chinese_literal_assert	635	RETAIN	REMAINING_RETAIN	落库/投影结构化中文字段或标题枚举；非 prompt/日志呈现盯文（#1471 HUD 负向维持）	chinese_literal_assert
F2-R11-2	tests/test_promulgation_judge_561.py::test_leader_only_mutation_changes_faction_posture_not_roster	chinese_literal_assert	663	RETAIN	REMAINING_RETAIN	落库/投影结构化中文字段或标题枚举；非 prompt/日志呈现盯文（#1471 HUD 负向维持）	chinese_literal_assert
F2-R11-2	tests/test_faction_leverage_9.py::test_rank_tier_modulates_impact	chinese_literal_assert	95	RETAIN	REMAINING_RETAIN	落库/投影结构化中文字段或标题枚举；非 prompt/日志呈现盯文（#1471 HUD 负向维持）	chinese_literal_assert
F2-R11-2	tests/test_faction_leverage_9.py::test_restore_uses_new_office_weight_not_old	chinese_literal_assert	126	RETAIN	REMAINING_RETAIN	落库/投影结构化中文字段或标题枚举；非 prompt/日志呈现盯文（#1471 HUD 负向维持）	chinese_literal_assert
F2-R11-2	tests/test_faction_leverage_9.py::test_displaced_minister_faction_leverage_recomputed	chinese_literal_assert	238	RETAIN	REMAINING_RETAIN	落库/投影结构化中文字段或标题枚举；非 prompt/日志呈现盯文（#1471 HUD 负向维持）	chinese_literal_assert
F2-R11-2	tests/test_faction_leverage_9.py::test_active_member_empty_office_contributes_zero_weight	helper_internal_signal	362	RETAIN	REMAINING_RETAIN	信号命中私有调用，但断言落在公开读口/落库/settle_tick/materials 等外部结果；非纯公式旁路	helper_internal_signal
F2-R11-2	tests/test_faction_leverage_9.py::test_recompute_all_reconciles_drift_from_unhooked_path	helper_internal_signal	399	RETAIN	REMAINING_RETAIN	信号命中私有调用，但断言落在公开读口/落库/settle_tick/materials 等外部结果；非纯公式旁路	helper_internal_signal
F2-R11-2	tests/test_faction_leverage_9.py::test_office_weight_takes_highest_domain_across_joint_offices	helper_internal_signal	500	DELETE	DELETED	纯 _member_office_weight 公式直测；无 faction_leverage/退场入口；旁有 test_weizhongxian_ouster… e2e	helper_internal_signal
F2-R11-2	tests/test_faction_leverage_9.py::test_office_rank_deputy_titles_not_inflated_to_principal	helper_internal_signal	516	DELETE	DELETED	纯 _office_rank_multiplier 公式直测；无外部 leverage 行为入口	helper_internal_signal
F2-R11-2	tests/test_faction_leverage_9.py::test_office_rank_aux_titles_audit_offices_json	helper_internal_signal	549	DELETE	DELETED	纯 _office_rank_multiplier + 常量审计；非真实入口结构化结果	helper_internal_signal
F2-R11-2	tests/test_faction_leverage_9.py::test_jundadou_deputy_ouster_impact_is_half_of_principal	helper_internal_signal	580	DELETE	DELETED	自称端到端实为 _member_office_weight 公式；无 set_character_status/leverage 入口	helper_internal_signal
F2-R11-2	tests/test_faction_leverage_9.py::test_neiting_has_leverage_weight_like_other_court_eunuchs	chinese_literal_assert,helper_internal_signal	614	DELETE	DELETED	纯权重表/_office_type_from_table 内部锁	chinese_literal_assert;helper_internal_signal
F2-R11-2	tests/test_faction_leverage_9.py::test_weizhongxian_ouster_drops_yandang_by_sili_weight	chinese_literal_assert	649	RETAIN	REMAINING_RETAIN	落库/投影结构化中文字段或标题枚举；非 prompt/日志呈现盯文（#1471 HUD 负向维持）	chinese_literal_assert
F2-R11-2	tests/test_faction_leverage_9.py::test_rollback_snapshot_restores_leverage_offset	helper_internal_signal	956	RETAIN	REMAINING_RETAIN	信号命中私有调用，但断言落在公开读口/落库/settle_tick/materials 等外部结果；非纯公式旁路	helper_internal_signal
F2-R11-2	tests/test_faction_leverage_9.py::test_power_id_defection_drops_faction_leverage_immediately	unused_game_fixture	1017	RETAIN	REMAINING_RETAIN	game 形参未直接使用但夹具提供 DB 落点；非无用夹具+常量子集重复案	unused_game_fixture
F2-R11-2	tests/test_faction_leverage_9.py::test_half_weight_odd_baseline_no_round_drift	unused_game_fixture	1042	RETAIN	REMAINING_RETAIN	game 形参未直接使用但夹具提供 DB 落点；非无用夹具+常量子集重复案	unused_game_fixture
F2-R11-2	tests/test_audience_translate_1837.py::test_translation_entry_preserves_unknown_rejection_and_source_cutoff	helper_internal_signal	247	RETAIN	REMAINING_RETAIN	信号命中私有调用，但断言落在公开读口/落库/settle_tick/materials 等外部结果；非纯公式旁路	helper_internal_signal
F2-R11-2	tests/test_audience_translate_1837.py::test_summons_translation_does_not_apply_monthly_effects_at_night	helper_internal_signal,unused_game_fixture	318	RETAIN	REMAINING_RETAIN	信号命中私有调用，但断言落在公开读口/落库/settle_tick/materials 等外部结果；非纯公式旁路	helper_internal_signal;unused_game_fixture
F2-R11-2	tests/test_audience_translate_1837.py::test_appointment_and_relief_through_scene_chat_then_close_and_settle	chinese_literal_assert	371	RETAIN	REMAINING_RETAIN	落库/投影结构化中文字段或标题枚举；非 prompt/日志呈现盯文（#1471 HUD 负向维持）	chinese_literal_assert
F2-R11-2	tests/test_world_materials_1834.py::test_prepare_writes_typed_tree_with_board_affairs_and_gazette_index	assert_startswith,chinese_literal_assert	26	RETAIN	REMAINING_RETAIN	结构性 id/路径/SSE/affair- 前缀契约；逐案核对非 #ticket/日志呈现弱化	assert_startswith;chinese_literal_assert
F2-R11-2	tests/test_world_materials_1834.py::test_prepare_rebuilds_from_world_record_after_restore	assert_startswith	132	RETAIN	REMAINING_RETAIN	结构性 id/路径/SSE/affair- 前缀契约；逐案核对非 #ticket/日志呈现弱化	assert_startswith
F2-R11-2	tests/test_world_materials_1834.py::test_world_materials_include_textual_facts_once_and_gazette_not_duplicated	assert_startswith	188	RETAIN	REMAINING_RETAIN	结构性 id/路径/SSE/affair- 前缀契约；逐案核对非 #ticket/日志呈现弱化	assert_startswith
F2-R11-2	tests/test_world_materials_1834.py::test_world_materials_carry_eligible_person_event_candidates	helper_internal_signal	260	RETAIN	REMAINING_RETAIN	信号命中私有调用，但断言落在公开读口/落库/settle_tick/materials 等外部结果；非纯公式旁路	helper_internal_signal
F2-R11-2	tests/test_world_materials_1834.py::test_world_materials_carry_due_fiscal_levy_petitions	helper_internal_signal	302	RETAIN	REMAINING_RETAIN	信号命中私有调用，但断言落在公开读口/落库/settle_tick/materials 等外部结果；非纯公式旁路	helper_internal_signal
F2-R11-2	tests/test_named_characters_seed_484.py::test_r3_named_characters_load_legal_guilt_and_historical_offices	chinese_literal_assert	14	RETAIN	REMAINING_RETAIN	落库/投影结构化中文字段或标题枚举；非 prompt/日志呈现盯文（#1471 HUD 负向维持）	chinese_literal_assert
F2-R11-2	tests/test_public_projection_consistency_1830.py::test_scene_person_public_layer_matches_character_and_world_admission	assert_startswith	78	RETAIN	REMAINING_RETAIN	结构性 id/路径/SSE/affair- 前缀契约；逐案核对非 #ticket/日志呈现弱化	assert_startswith
F2-R11-2	tests/test_execution_joint_liability_565.py::test_terminal_outcomes_charge_lead_and_downgraded_delegator	chinese_literal_assert	90	RETAIN	REMAINING_RETAIN	落库/投影结构化中文字段或标题枚举；非 prompt/日志呈现盯文（#1471 HUD 负向维持）	chinese_literal_assert
F2-R11-2	tests/test_execution_joint_liability_565.py::test_dead_liable_party_skips_satisfaction_but_enters_note	chinese_literal_assert	187	RETAIN	REMAINING_RETAIN	落库/投影结构化中文字段或标题枚举；非 prompt/日志呈现盯文（#1471 HUD 负向维持）	chinese_literal_assert
F2-R11-2	tests/test_execution_joint_liability_565.py::test_liability_query_excludes_knowers_but_keeps_delegator_fk	chinese_literal_assert	339	RETAIN	REMAINING_RETAIN	落库/投影结构化中文字段或标题枚举；非 prompt/日志呈现盯文（#1471 HUD 负向维持）	chinese_literal_assert
F2-R11-2	tests/test_execution_joint_liability_565.py::test_living_offstage_delegator_still_charged	chinese_literal_assert	373	RETAIN	REMAINING_RETAIN	落库/投影结构化中文字段或标题枚举；非 prompt/日志呈现盯文（#1471 HUD 负向维持）	chinese_literal_assert
F2-R11-2	tests/test_execution_joint_liability_565.py::test_execution_note_merge_interface_and_restore	chinese_literal_assert	389	RETAIN	REMAINING_RETAIN	落库/投影结构化中文字段或标题枚举；非 prompt/日志呈现盯文（#1471 HUD 负向维持）	chinese_literal_assert
F2-R11-2	tests/test_recommendation_edges_635.py::test_replay_same_event_with_changed_reason_stays_two_rows	helper_internal_signal	173	RETAIN	REMAINING_RETAIN	信号命中私有调用，但断言落在公开读口/落库/settle_tick/materials 等外部结果；非纯公式旁路	helper_internal_signal
F2-R11-2	tests/test_issue_entities.py::test_resolve_creates_army	unused_game_fixture	34	RETAIN	REMAINING_RETAIN	game 形参未直接使用但夹具提供 DB 落点；非无用夹具+常量子集重复案	unused_game_fixture
F2-R11-2	tests/test_issue_entities.py::test_apply_score_extraction_splits_bad_nested_entity	unused_game_fixture	315	RETAIN	REMAINING_RETAIN	game 形参未直接使用但夹具提供 DB 落点；非无用夹具+常量子集重复案	unused_game_fixture
F2-R11-2	tests/test_issue_entities.py::test_apply_score_extraction_accepts_flat_faction_scalar	unused_game_fixture	325	RETAIN	REMAINING_RETAIN	game 形参未直接使用但夹具提供 DB 落点；非无用夹具+常量子集重复案	unused_game_fixture
F2-R11-2	tests/test_issue_entities.py::test_apply_score_extraction_rejects_nondict_power_second_level_per_entity	unused_game_fixture	339	RETAIN	REMAINING_RETAIN	game 形参未直接使用但夹具提供 DB 落点；非无用夹具+常量子集重复案	unused_game_fixture
F2-R11-2	tests/test_issue_entities.py::test_apply_score_extraction_rejects_unknown_top_level_key	unused_game_fixture	365	RETAIN	REMAINING_RETAIN	game 形参未直接使用但夹具提供 DB 落点；非无用夹具+常量子集重复案	unused_game_fixture
F2-R11-2	tests/test_issue_entities.py::test_resolve_army_delta_reinforces_existing	unused_game_fixture	379	RETAIN	REMAINING_RETAIN	game 形参未直接使用但夹具提供 DB 落点；非无用夹具+常量子集重复案	unused_game_fixture
F2-R11-2	tests/test_issue_entities.py::test_new_issue_nondict_effect_fields_do_not_crash	unused_game_fixture	410	RETAIN	REMAINING_RETAIN	game 形参未直接使用但夹具提供 DB 落点；非无用夹具+常量子集重复案	unused_game_fixture
F2-R11-2	tests/test_issue_entities.py::test_initiative_floor_applies_when_enrich_empty	unused_game_fixture	430	RETAIN	REMAINING_RETAIN	game 形参未直接使用但夹具提供 DB 落点；非无用夹具+常量子集重复案	unused_game_fixture
F2-R11-2	tests/test_issue_entities.py::test_runtime_cli_initiative_floor_applies_without_backend_env	unused_game_fixture	447	RETAIN	REMAINING_RETAIN	game 形参未直接使用但夹具提供 DB 落点；非无用夹具+常量子集重复案	unused_game_fixture
F2-R11-2	tests/test_issue_entities.py::test_api_channel_initiative_does_not_use_backend_env_floor	unused_game_fixture	477	RETAIN	REMAINING_RETAIN	game 形参未直接使用但夹具提供 DB 落点；非无用夹具+常量子集重复案	unused_game_fixture
F2-R11-2	tests/test_issue_entities.py::test_inertia_natural_resolve_applies_entities	helper_internal_signal,unused_game_fixture	510	RETAIN	REMAINING_RETAIN	信号命中私有调用，但断言落在公开读口/落库/settle_tick/materials 等外部结果；非纯公式旁路	helper_internal_signal;unused_game_fixture
F2-R11-2	tests/test_advances_section_rejections.py::test_advance_dirty_int_field_rejected	unused_game_fixture	59	RETAIN	REMAINING_RETAIN	game 形参未直接使用但夹具提供 DB 落点；非无用夹具+常量子集重复案	unused_game_fixture
F2-R11-2	tests/test_advances_section_rejections.py::test_advance_non_active_issue_rejected	unused_game_fixture	79	RETAIN	REMAINING_RETAIN	game 形参未直接使用但夹具提供 DB 落点；非无用夹具+常量子集重复案	unused_game_fixture
F2-R11-2	tests/test_advances_section_rejections.py::test_advance_valid_still_advances	unused_game_fixture	90	RETAIN	REMAINING_RETAIN	game 形参未直接使用但夹具提供 DB 落点；非无用夹具+常量子集重复案	unused_game_fixture
F2-R11-2	tests/test_advances_section_rejections.py::test_advance_code_exception_propagates	unused_game_fixture	101	RETAIN	REMAINING_RETAIN	game 形参未直接使用但夹具提供 DB 落点；非无用夹具+常量子集重复案	unused_game_fixture
F2-R11-2	tests/test_advances_section_rejections.py::test_advance_non_active_issue_no_metric_leak	unused_game_fixture	129	RETAIN	REMAINING_RETAIN	game 形参未直接使用但夹具提供 DB 落点；非无用夹具+常量子集重复案	unused_game_fixture
F2-R11-2	tests/test_advances_section_rejections.py::test_advance_non_dict_metric_delta_tolerated	unused_game_fixture	143	RETAIN	REMAINING_RETAIN	game 形参未直接使用但夹具提供 DB 落点；非无用夹具+常量子集重复案	unused_game_fixture
F2-R11-2	tests/test_army_salary_44.py::test_army_needed_zero_manpower_zero_pay	unused_game_fixture	26	RETAIN	REMAINING_RETAIN	game 形参未直接使用但夹具提供 DB 落点；非无用夹具+常量子集重复案	unused_game_fixture
F2-R11-2	tests/test_army_salary_44.py::test_army_needed_scales_with_manpower	unused_game_fixture	33	RETAIN	REMAINING_RETAIN	game 形参未直接使用但夹具提供 DB 落点；非无用夹具+常量子集重复案	unused_game_fixture
F2-R11-2	tests/test_army_salary_44.py::test_army_needed_shrink_lowers_pay	unused_game_fixture	43	RETAIN	REMAINING_RETAIN	game 形参未直接使用但夹具提供 DB 落点；非无用夹具+常量子集重复案	unused_game_fixture
F2-R11-2	tests/test_army_salary_44.py::test_manpower_clamp_to_zero_leaves_army_log	unused_game_fixture	92	RETAIN	REMAINING_RETAIN	game 形参未直接使用但夹具提供 DB 落点；非无用夹具+常量子集重复案	unused_game_fixture
F2-R11-2	tests/test_army_salary_44.py::test_manpower_true_noop_no_log	unused_game_fixture	112	RETAIN	REMAINING_RETAIN	game 形参未直接使用但夹具提供 DB 落点；非无用夹具+常量子集重复案	unused_game_fixture
F2-R11-2	tests/test_army_salary_44.py::test_auto_pay_reaches_salary_army_via_arrears_filter	helper_internal_signal,unused_game_fixture	125	RETAIN	REMAINING_RETAIN	信号命中私有调用，但断言落在公开读口/落库/settle_tick/materials 等外部结果；非纯公式旁路	helper_internal_signal;unused_game_fixture
F2-R11-2	tests/test_army_salary_44.py::test_auto_pay_empty_allowed_ids_pays_no_armies	helper_internal_signal,unused_game_fixture	138	RETAIN	REMAINING_RETAIN	信号命中私有调用，但断言落在公开读口/落库/settle_tick/materials 等外部结果；非纯公式旁路	helper_internal_signal;unused_game_fixture
F2-R11-2	tests/test_army_salary_44.py::test_auto_pay_strips_allowed_army_ids_before_filtering	helper_internal_signal,unused_game_fixture	154	RETAIN	REMAINING_RETAIN	信号命中私有调用，但断言落在公开读口/落库/settle_tick/materials 等外部结果；非纯公式旁路	helper_internal_signal;unused_game_fixture
F2-R11-2	tests/test_army_salary_44.py::test_non_finite_salary_rate_anchored_not_crash	helper_internal_signal	171	DELETE	DELETED	纯 _coerce_new_salary_rate + army_needed 公式；无建军/结算入口	helper_internal_signal
F2-R11-2	tests/test_six_sciences_seed_608.py::test_fresh_seed_contains_sourced_six_sciences_censors	chinese_literal_assert	20	RETAIN	REMAINING_RETAIN	落库/投影结构化中文字段或标题枚举；非 prompt/日志呈现盯文（#1471 HUD 负向维持）	chinese_literal_assert
F2-R11-2	tests/test_session_write_queue_1353.py::test_get_session_write_queue_wiring_fail_loud_no_broad_swallow	helper_internal_signal	493	RETAIN	REMAINING_RETAIN	信号命中私有调用，但断言落在公开读口/落库/settle_tick/materials 等外部结果；非纯公式旁路	helper_internal_signal
F2-R11-2	tests/test_event_trigger_gate.py::test_gate_passed_tolerates_none	helper_internal_signal	436	DELETE	DELETED	直测 _gate_passed；同文件 test_historical_event_none_gate_no_crash 已走 gather_candidate_events	helper_internal_signal
F2-R11-2	tests/test_event_trigger_gate.py::test_gate_passed_tolerates_nonstring_cond	helper_internal_signal	444	DELETE	DELETED	直测 _gate_passed helper	helper_internal_signal
F2-R11-2	tests/test_event_trigger_gate.py::test_character_numeric_gate_supports_comparison	helper_internal_signal	692	DELETE	DELETED	直测 _gate_passed character 字段比较 helper	helper_internal_signal
F2-R11-2	tests/test_event_trigger_gate.py::test_character_numeric_gate_supports_aggregation	helper_internal_signal	704	RETAIN	REMAINING_RETAIN	信号命中私有调用，但断言落在公开读口/落库/settle_tick/materials 等外部结果；非纯公式旁路	helper_internal_signal
F2-R11-2	tests/test_event_trigger_gate.py::test_army_numeric_gate_preserves_fractional_arrears_tail	helper_internal_signal	717	RETAIN	REMAINING_RETAIN	信号命中私有调用，但断言落在公开读口/落库/settle_tick/materials 等外部结果；非纯公式旁路	helper_internal_signal
F2-R11-2	tests/test_event_trigger_gate.py::test_character_text_gate_supports_equality	helper_internal_signal	750	RETAIN	REMAINING_RETAIN	信号命中私有调用，但断言落在公开读口/落库/settle_tick/materials 等外部结果；非纯公式旁路	helper_internal_signal
F2-R11-2	tests/test_event_trigger_gate.py::test_mao_event_effect_uses_unified_person_change_key	chinese_literal_assert	804	RETAIN	REMAINING_RETAIN	落库/投影结构化中文字段或标题枚举；非 prompt/日志呈现盯文（#1471 HUD 负向维持）	chinese_literal_assert
F2-R11-2	tests/test_event_trigger_gate.py::test_wuyin_lubian_content_treats_lu_death_as_soft_battle_outcome	chinese_literal_assert	1398	RETAIN	REMAINING_RETAIN	落库/投影结构化中文字段或标题枚举；非 prompt/日志呈现盯文（#1471 HUD 负向维持）	chinese_literal_assert
F2-R11-2	tests/test_event_trigger_gate.py::test_issue_tracker_rollback_removes_dynamic_character_attrs	hasattr_private_internal	1474	RETAIN	REMAINING_RETAIN	回滚后动态属性清除的行为观察；非 assert not hasattr 符号缺席锁	hasattr_private_internal
F2-R11-2	tests/test_event_trigger_gate.py::test_huangtaiji_chengdi_lands_only_when_model_picks_it	chinese_literal_assert	2087	RETAIN	REMAINING_RETAIN	落库/投影结构化中文字段或标题枚举；非 prompt/日志呈现盯文（#1471 HUD 负向维持）	chinese_literal_assert
F2-R11-2	tests/test_rescript_draft_656.py::test_persist_then_abort_draft_never_enters_hitl_envelope	chinese_literal_assert	223	RETAIN	REMAINING_RETAIN	落库/投影结构化中文字段或标题枚举；非 prompt/日志呈现盯文（#1471 HUD 负向维持）	chinese_literal_assert
F2-R11-2	tests/test_rescript_draft_656.py::test_1620_internal_canonical_xiexang_renormalizes_without_kind	helper_internal_signal	452	RETAIN	REMAINING_RETAIN	信号命中私有调用，但断言落在公开读口/落库/settle_tick/materials 等外部结果；非纯公式旁路	helper_internal_signal
F2-R11-2	tests/test_rescript_draft_656.py::test_657_s1_list_rescript_desk_merges_cross_month_and_decisions	chinese_literal_assert	463	RETAIN	REMAINING_RETAIN	落库/投影结构化中文字段或标题枚举；非 prompt/日志呈现盯文（#1471 HUD 负向维持）	chinese_literal_assert
F2-R11-2	tests/test_person_transit_write_667.py::test_status_exit_clears_complete_transit_ledger	chinese_literal_assert	151	RETAIN	REMAINING_RETAIN	落库/投影结构化中文字段或标题枚举；非 prompt/日志呈现盯文（#1471 HUD 负向维持）	chinese_literal_assert
F2-R11-2	tests/test_month_call_recovery_1846.py::test_month_entry_world_push_follows_audience_transport_policy	helper_internal_signal	81	RETAIN	REMAINING_RETAIN	信号命中私有调用，但断言落在公开读口/落库/settle_tick/materials 等外部结果；非纯公式旁路	helper_internal_signal
F2-R11-2	tests/test_month_call_recovery_1846.py::test_forecast_exhaustion_does_not_overwrite_prior_ending	helper_internal_signal	144	RETAIN	REMAINING_RETAIN	信号命中私有调用，但断言落在公开读口/落库/settle_tick/materials 等外部结果；非纯公式旁路	helper_internal_signal
F2-R11-2	tests/test_month_call_recovery_1846.py::test_settlement_recovery_projects_month_call_failure	chinese_literal_assert	397	RETAIN	REMAINING_RETAIN	落库/投影结构化中文字段或标题枚举；非 prompt/日志呈现盯文（#1471 HUD 负向维持）	chinese_literal_assert
F2-R11-2	tests/test_office_rank_562.py::test_white_body_high_appointment_is_marked_but_regular_first_office_is_not	helper_internal_signal	51	RETAIN	REMAINING_RETAIN	信号命中私有调用，但断言落在公开读口/落库/settle_tick/materials 等外部结果；非纯公式旁路	helper_internal_signal
F2-R11-2	tests/test_office_rank_562.py::test_recognizable_archive_title_survives_blank_or_legacy_office_type	helper_internal_signal	260	RETAIN	REMAINING_RETAIN	信号命中私有调用，但断言落在公开读口/落库/settle_tick/materials 等外部结果；非纯公式旁路	helper_internal_signal
F2-R11-2	tests/test_office_rank_562.py::test_seed_archives_clean_historical_office_for_dismissed_ministers	assert_startswith,chinese_literal_assert	276	RETAIN	REMAINING_RETAIN	结构性 id/路径/SSE/affair- 前缀契约；逐案核对非 #ticket/日志呈现弱化	assert_startswith;chinese_literal_assert
F2-R11-2	tests/test_mutiny_redemption_317.py::test_twelve_consecutive_full_pay_months_redeem_once_and_raise_cap	unused_game_fixture	51	RETAIN	REMAINING_RETAIN	game 形参未直接使用但夹具提供 DB 落点；非无用夹具+常量子集重复案	unused_game_fixture
F2-R11-2	tests/test_mutiny_redemption_317.py::test_full_pay_streak_can_be_saved_in_peace_and_partial_pay_resets_it	unused_game_fixture	83	RETAIN	REMAINING_RETAIN	game 形参未直接使用但夹具提供 DB 落点；非无用夹具+常量子集重复案	unused_game_fixture
F2-R11-2	tests/test_mutiny_redemption_317.py::test_army_delta_clamps_loyalty_to_dynamic_mutiny_cap	unused_game_fixture	105	RETAIN	REMAINING_RETAIN	game 形参未直接使用但夹具提供 DB 落点；非无用夹具+常量子集重复案	unused_game_fixture
F2-R11-2	tests/test_qa_h1_seed_data.py::test_guanning_commander_not_bajiu_offstage_yuan	chinese_literal_assert	47	RETAIN	REMAINING_RETAIN	落库/投影结构化中文字段或标题枚举；非 prompt/日志呈现盯文（#1471 HUD 负向维持）	chinese_literal_assert
F2-R11-2	tests/test_qa_h1_seed_data.py::test_dongjiang_commander_is_active_mao_wenlong	chinese_literal_assert	66	RETAIN	REMAINING_RETAIN	落库/投影结构化中文字段或标题枚举；非 prompt/日志呈现盯文（#1471 HUD 负向维持）	chinese_literal_assert
F2-R11-2	tests/test_qa_h1_seed_data.py::test_seed_army_firearms_differentiated_within_p2_caps	chinese_literal_assert	77	RETAIN	REMAINING_RETAIN	落库/投影结构化中文字段或标题枚举；非 prompt/日志呈现盯文（#1471 HUD 负向维持）	chinese_literal_assert
F2-R11-2	tests/test_qa_h1_seed_data.py::test_deficit_stage_text_aligns_with_opening_treasury_and_hubu	chinese_literal_assert	163	RETAIN	REMAINING_RETAIN	落库/投影结构化中文字段或标题枚举；非 prompt/日志呈现盯文（#1471 HUD 负向维持）	chinese_literal_assert
F2-R11-2	tests/test_mutiny_third_strike_318.py::test_third_strike_transfers_to_bandit_via_adapter	unused_game_fixture	93	RETAIN	REMAINING_RETAIN	game 形参未直接使用但夹具提供 DB 落点；非无用夹具+常量子集重复案	unused_game_fixture
F2-R11-2	tests/test_mutiny_third_strike_318.py::test_third_strike_does_not_repeat_while_already_bandit	unused_game_fixture	165	RETAIN	REMAINING_RETAIN	game 形参未直接使用但夹具提供 DB 落点；非无用夹具+常量子集重复案	unused_game_fixture
F2-R11-2	tests/test_mutiny_third_strike_318.py::test_zero_manpower_latched_clears_before_continue_no_third_strike	unused_game_fixture	186	RETAIN	REMAINING_RETAIN	game 形参未直接使用但夹具提供 DB 落点；非无用夹具+常量子集重复案	unused_game_fixture
F2-R11-2	tests/test_mutiny_third_strike_318.py::test_empty_source_delta_cannot_defect_latched_first_or_second_strike	unused_game_fixture	209	RETAIN	REMAINING_RETAIN	game 形参未直接使用但夹具提供 DB 落点；非无用夹具+常量子集重复案	unused_game_fixture
F2-R11-2	tests/test_mutiny_third_strike_318.py::test_non_latched_generic_owner_change_still_works_via_adapter	unused_game_fixture	260	RETAIN	REMAINING_RETAIN	game 形参未直接使用但夹具提供 DB 落点；非无用夹具+常量子集重复案	unused_game_fixture
F2-R11-2	tests/test_mutiny_third_strike_318.py::test_transfer_to_ming_rejects_mutiny_count_ge_3	unused_game_fixture	308	RETAIN	REMAINING_RETAIN	game 形参未直接使用但夹具提供 DB 落点；非无用夹具+常量子集重复案	unused_game_fixture
F2-R11-2	tests/test_mutiny_third_strike_318.py::test_transfer_to_ming_requires_d6_pay_source	unused_game_fixture	352	RETAIN	REMAINING_RETAIN	game 形参未直接使用但夹具提供 DB 落点；非无用夹具+常量子集重复案	unused_game_fixture
F2-R11-2	tests/test_mutiny_third_strike_318.py::test_hub_excluded_zero_manpower_latched_clears_once	unused_game_fixture	420	RETAIN	REMAINING_RETAIN	game 形参未直接使用但夹具提供 DB 落点；非无用夹具+常量子集重复案	unused_game_fixture
F2-R11-2	tests/test_mutiny_third_strike_318.py::test_persisted_third_strike_defects_next_tick_once	unused_game_fixture	452	RETAIN	REMAINING_RETAIN	game 形参未直接使用但夹具提供 DB 落点；非无用夹具+常量子集重复案	unused_game_fixture
F2-R11-2	tests/test_mutiny_third_strike_318.py::test_persisted_third_strike_defects_on_recovery_boundary	unused_game_fixture	481	RETAIN	REMAINING_RETAIN	game 形参未直接使用但夹具提供 DB 落点；非无用夹具+常量子集重复案	unused_game_fixture
F2-R11-2	tests/test_mutiny_third_strike_318.py::test_hub_excluded_persisted_third_strike_defects_once	unused_game_fixture	517	RETAIN	REMAINING_RETAIN	game 形参未直接使用但夹具提供 DB 落点；非无用夹具+常量子集重复案	unused_game_fixture
F2-R11-2	tests/test_region_citydefense.py::test_region_cannon_cap_by_city_level	unused_game_fixture	40	RETAIN	REMAINING_RETAIN	game 形参未直接使用但夹具提供 DB 落点；非无用夹具+常量子集重复案	unused_game_fixture
F2-R11-2	tests/test_region_citydefense.py::test_region_cannon_level0_caps_zero	unused_game_fixture	49	RETAIN	REMAINING_RETAIN	game 形参未直接使用但夹具提供 DB 落点；非无用夹具+常量子集重复案	unused_game_fixture
F2-R11-2	tests/test_execution_pressure_654.py::test_grant_region_to_character_amendment_clears_single_locality	helper_internal_signal	951	RETAIN	REMAINING_RETAIN	信号命中私有调用，但断言落在公开读口/落库/settle_tick/materials 等外部结果；非纯公式旁路	helper_internal_signal
F2-R11-2	tests/test_execution_pressure_654.py::test_authorization_region_to_character_amendment_clears_single_locality	helper_internal_signal	1015	RETAIN	REMAINING_RETAIN	信号命中私有调用，但断言落在公开读口/落库/settle_tick/materials 等外部结果；非纯公式旁路	helper_internal_signal
F2-R11-2	tests/test_junxin_monthly_tick_314.py::test_substrate_hub_path_loyalty_tier	unused_game_fixture	68	RETAIN	REMAINING_RETAIN	game 形参未直接使用但夹具提供 DB 落点；非无用夹具+常量子集重复案	unused_game_fixture
F2-R11-2	tests/test_junxin_monthly_tick_314.py::test_substrate_hub_pure_province_source_loyalty_regression	unused_game_fixture	86	RETAIN	REMAINING_RETAIN	game 形参未直接使用但夹具提供 DB 落点；非无用夹具+常量子集重复案	unused_game_fixture
F2-R11-2	tests/test_junxin_monthly_tick_314.py::test_substrate_hub_hybrid_source_loyalty_regression	unused_game_fixture	117	RETAIN	REMAINING_RETAIN	game 形参未直接使用但夹具提供 DB 落点；非无用夹具+常量子集重复案	unused_game_fixture
F2-R11-2	tests/test_junxin_monthly_tick_314.py::test_tusi_and_non_ming_untouched_on_hub	unused_game_fixture	148	RETAIN	REMAINING_RETAIN	game 形参未直接使用但夹具提供 DB 落点；非无用夹具+常量子集重复案	unused_game_fixture
F2-R11-2	tests/test_junxin_monthly_tick_314.py::test_self_funded_army_untouched_on_hub	unused_game_fixture	167	RETAIN	REMAINING_RETAIN	game 形参未直接使用但夹具提供 DB 落点；非无用夹具+常量子集重复案	unused_game_fixture
F2-R11-2	tests/test_junxin_monthly_tick_314.py::test_zero_manpower_army_no_crash_no_tick_on_hub	unused_game_fixture	182	RETAIN	REMAINING_RETAIN	game 形参未直接使用但夹具提供 DB 落点；非无用夹具+常量子集重复案	unused_game_fixture
F2-R11-2	tests/test_army_card_status_1501.py::test_army_payload_omits_static_status_exposes_arrears_text	helper_internal_signal	138	RETAIN	REMAINING_RETAIN	信号命中私有调用，但断言落在公开读口/落库/settle_tick/materials 等外部结果；非纯公式旁路	helper_internal_signal
F2-R11-2	tests/test_cli_play_turn.py::test_play_turn_skip_prints_dossier_settlement_report_and_ends_turn	chinese_literal_assert	458	RETAIN	REMAINING_RETAIN	落库/投影结构化中文字段或标题枚举；非 prompt/日志呈现盯文（#1471 HUD 负向维持）	chinese_literal_assert
F2-R11-2	tests/test_cli_play_turn.py::test_play_turn_reports_secret_order_failure_when_settlement_aborts	chinese_literal_assert	513	RETAIN	REMAINING_RETAIN	落库/投影结构化中文字段或标题枚举；非 prompt/日志呈现盯文（#1471 HUD 负向维持）	chinese_literal_assert
F2-R11-2	tests/test_centrifuge_ledger_690.py::test_t1_confiscation_direct_anchors_via_public_api	helper_internal_signal	98	RETAIN	REMAINING_RETAIN	信号命中私有调用，但断言落在公开读口/落库/settle_tick/materials 等外部结果；非纯公式旁路	helper_internal_signal
F2-R11-2	tests/test_centrifuge_ledger_690.py::test_t2_kinship_uses_unrounded_formula	helper_internal_signal	130	RETAIN	REMAINING_RETAIN	信号命中私有调用，但断言落在公开读口/落库/settle_tick/materials 等外部结果；非纯公式旁路	helper_internal_signal
F2-R11-2	tests/test_centrifuge_ledger_690.py::test_t2b_legitimacy_uses_raw_for_amounts	helper_internal_signal	156	RETAIN	REMAINING_RETAIN	信号命中私有调用，但断言落在公开读口/落库/settle_tick/materials 等外部结果；非纯公式旁路	helper_internal_signal
F2-R11-2	tests/test_centrifuge_ledger_690.py::test_t3_zero_delta_empty_namespace_is_legal_noop	helper_internal_signal	210	RETAIN	REMAINING_RETAIN	信号命中私有调用，但断言落在公开读口/落库/settle_tick/materials 等外部结果；非纯公式旁路	helper_internal_signal
F2-R11-2	tests/test_centrifuge_ledger_690.py::test_t4_happy_path_and_forbidden_kwargs	helper_internal_signal	232	RETAIN	REMAINING_RETAIN	信号命中私有调用，但断言落在公开读口/落库/settle_tick/materials 等外部结果；非纯公式旁路	helper_internal_signal
F2-R11-2	tests/test_centrifuge_ledger_690.py::test_t5_bastinado_overdraw_batch_and_non_bastinado	helper_internal_signal	289	RETAIN	REMAINING_RETAIN	信号命中私有调用，但断言落在公开读口/落库/settle_tick/materials 等外部结果；非纯公式旁路	helper_internal_signal
F2-R11-2	tests/test_centrifuge_ledger_690.py::test_t6_bad_target_aborts_with_zero_write	helper_internal_signal	335	RETAIN	REMAINING_RETAIN	信号命中私有调用，但断言落在公开读口/落库/settle_tick/materials 等外部结果；非纯公式旁路	helper_internal_signal
F2-R11-2	tests/test_centrifuge_ledger_690.py::test_t6b_non_int_identity_aborts_with_zero_write	helper_internal_signal	360	RETAIN	REMAINING_RETAIN	信号命中私有调用，但断言落在公开读口/落库/settle_tick/materials 等外部结果；非纯公式旁路	helper_internal_signal
F2-R11-2	tests/test_centrifuge_ledger_690.py::test_t7_cross_faction_isolation	helper_internal_signal	402	RETAIN	REMAINING_RETAIN	信号命中私有调用，但断言落在公开读口/落库/settle_tick/materials 等外部结果；非纯公式旁路	helper_internal_signal
F2-R11-2	tests/test_centrifuge_ledger_690.py::test_t8_detection_wariness_only_kinship	helper_internal_signal	438	RETAIN	REMAINING_RETAIN	信号命中私有调用，但断言落在公开读口/落库/settle_tick/materials 等外部结果；非纯公式旁路	helper_internal_signal
F2-R11-2	tests/test_centrifuge_ledger_690.py::test_t9_idempotency_namespace_and_empty_planned	helper_internal_signal	487	RETAIN	REMAINING_RETAIN	信号命中私有调用，但断言落在公开读口/落库/settle_tick/materials 等外部结果；非纯公式旁路	helper_internal_signal
F2-R11-2	tests/test_centrifuge_ledger_690.py::test_t10_partial_preinserted_key_aborts	helper_internal_signal	608	RETAIN	REMAINING_RETAIN	信号命中私有调用，但断言落在公开读口/落库/settle_tick/materials 等外部结果；非纯公式旁路	helper_internal_signal
F2-R11-2	tests/test_centrifuge_ledger_690.py::test_t14_reason_code_sets_and_reject_unrecognized	helper_internal_signal	843	RETAIN	REMAINING_RETAIN	信号命中私有调用，但断言落在公开读口/落库/settle_tick/materials 等外部结果；非纯公式旁路	helper_internal_signal
F2-R11-2	tests/test_override_breach_costs_564.py::test_force_land_survey_charges_three_costs_without_eunuch_reaction	unused_game_fixture	36	RETAIN	REMAINING_RETAIN	game 形参未直接使用但夹具提供 DB 落点；非无用夹具+常量子集重复案	unused_game_fixture
F2-R11-2	tests/test_override_breach_costs_564.py::test_signed_reactions_use_typed_direction_not_narrative_words	unused_game_fixture	56	RETAIN	REMAINING_RETAIN	game 形参未直接使用但夹具提供 DB 落点；非无用夹具+常量子集重复案	unused_game_fixture
F2-R11-2	tests/test_override_breach_costs_564.py::test_midzhi_rejection_no_party_fanout_then_force_only_authority	unused_game_fixture	74	RETAIN	REMAINING_RETAIN	game 形参未直接使用但夹具提供 DB 落点；非无用夹具+常量子集重复案	unused_game_fixture
F2-R11-2	tests/test_override_breach_costs_564.py::test_ordinary_rejection_has_zero_reaction_and_authority	unused_game_fixture	103	RETAIN	REMAINING_RETAIN	game 形参未直接使用但夹具提供 DB 落点；非无用夹具+常量子集重复案	unused_game_fixture
F2-R11-2	tests/test_override_breach_costs_564.py::test_midzhi_rejudgment_never_applies_party_satisfaction	unused_game_fixture	117	RETAIN	REMAINING_RETAIN	game 形参未直接使用但夹具提供 DB 落点；非无用夹具+常量子集重复案	unused_game_fixture
F2-R11-2	tests/test_override_breach_costs_564.py::test_force_then_breach_charges_each_real_entry_independently	unused_game_fixture	164	RETAIN	REMAINING_RETAIN	game 形参未直接使用但夹具提供 DB 落点；非无用夹具+常量子集重复案	unused_game_fixture
F2-R11-2	tests/test_override_breach_costs_564.py::test_breach_excludes_stale_minister_faction_from_costs	unused_game_fixture	184	RETAIN	REMAINING_RETAIN	game 形参未直接使用但夹具提供 DB 落点；非无用夹具+常量子集重复案	unused_game_fixture
F2-R11-2	tests/test_override_breach_costs_564.py::test_breach_skips_dead_but_records_living_offstage_relations	chinese_literal_assert,unused_game_fixture	199	RETAIN	REMAINING_RETAIN	落库/投影结构化中文字段或标题枚举；非 prompt/日志呈现盯文（#1471 HUD 负向维持）	chinese_literal_assert;unused_game_fixture
F2-R11-2	tests/test_override_breach_costs_564.py::test_cancel_linked_issue_breaches_only_its_origin_dossier_once	unused_game_fixture	230	RETAIN	REMAINING_RETAIN	game 形参未直接使用但夹具提供 DB 落点；非无用夹具+常量子集重复案	unused_game_fixture
F2-R11-2	tests/test_override_breach_costs_564.py::test_public_apply_rejects_invalid_mode_decision_reaction_shape_before_writes	unused_game_fixture	268	RETAIN	REMAINING_RETAIN	game 形参未直接使用但夹具提供 DB 落点；非无用夹具+常量子集重复案	unused_game_fixture
F2-R11-2	tests/test_override_breach_costs_564.py::test_midzhi_apply_omits_guessed_parties_and_keeps_satisfaction	unused_game_fixture	288	RETAIN	REMAINING_RETAIN	game 形参未直接使用但夹具提供 DB 落点；非无用夹具+常量子集重复案	unused_game_fixture
F2-R11-2	tests/test_override_breach_costs_564.py::test_commit_true_breach_reloads_state_when_failure_follows_authority_mutation	unused_game_fixture	317	RETAIN	REMAINING_RETAIN	game 形参未直接使用但夹具提供 DB 落点；非无用夹具+常量子集重复案	unused_game_fixture
F2-R11-2	tests/test_override_breach_costs_564.py::test_force_rejects_missing_or_stale_judge_reactions_before_any_cost	unused_game_fixture	337	RETAIN	REMAINING_RETAIN	game 形参未直接使用但夹具提供 DB 落点；非无用夹具+常量子集重复案	unused_game_fixture
F2-R11-2	tests/test_override_breach_costs_564.py::test_force_rejects_malformed_judge_reactions_before_any_cost	unused_game_fixture	353	RETAIN	REMAINING_RETAIN	game 形参未直接使用但夹具提供 DB 落点；非无用夹具+常量子集重复案	unused_game_fixture
F2-R11-2	tests/test_override_breach_costs_564.py::test_force_rejects_old_only_judge_reactions_atomically	unused_game_fixture	372	RETAIN	REMAINING_RETAIN	game 形参未直接使用但夹具提供 DB 落点；非无用夹具+常量子集重复案	unused_game_fixture
F2-R11-2	tests/test_override_breach_costs_564.py::test_commit_false_breach_rolls_back_with_later_cancellation_failure	unused_game_fixture	390	RETAIN	REMAINING_RETAIN	game 形参未直接使用但夹具提供 DB 落点；非无用夹具+常量子集重复案	unused_game_fixture
F2-R11-2	tests/test_override_breach_costs_564.py::test_active_commitment_can_breach_closed_issued_dossier_but_not_never_issued	unused_game_fixture	407	RETAIN	REMAINING_RETAIN	game 形参未直接使用但夹具提供 DB 落点；非无用夹具+常量子集重复案	unused_game_fixture
F2-R11-2	tests/test_override_breach_costs_564.py::test_breach_charges_authority_ministers_and_related_factions_once	assert_startswith,unused_game_fixture	459	RETAIN	REMAINING_RETAIN	结构性 id/路径/SSE/affair- 前缀契约；逐案核对非 #ticket/日志呈现弱化	assert_startswith;unused_game_fixture
F2-R11-2	tests/test_decree_commitment_settlement_229.py::test_commitment_progress_contexts_are_structured	chinese_literal_assert	532	RETAIN	REMAINING_RETAIN	落库/投影结构化中文字段或标题枚举；非 prompt/日志呈现盯文（#1471 HUD 负向维持）	chinese_literal_assert
F2-R11-2	tests/test_decree_commitment_settlement_229.py::test_due_one_shot_commitment_ack_closes_review_loop_without_effects	chinese_literal_assert	1400	RETAIN	REMAINING_RETAIN	落库/投影结构化中文字段或标题枚举；非 prompt/日志呈现盯文（#1471 HUD 负向维持）	chinese_literal_assert
F2-R11-2	tests/test_enter_settlement_period_1235.py::test_settling_keeps_display_for_recovery	helper_internal_signal	341	RETAIN	REMAINING_RETAIN	信号命中私有调用，但断言落在公开读口/落库/settle_tick/materials 等外部结果；非纯公式旁路	helper_internal_signal
F2-R11-2	tests/test_enter_settlement_period_1235.py::test_awaiting_decision_still_emits_pending	helper_internal_signal	358	RETAIN	REMAINING_RETAIN	信号命中私有调用，但断言落在公开读口/落库/settle_tick/materials 等外部结果；非纯公式旁路	helper_internal_signal
F2-R11-2	tests/test_enter_settlement_period_1235.py::test_accept_creator_atomic_only_one_true	unused_game_fixture	400	RETAIN	REMAINING_RETAIN	game 形参未直接使用但夹具提供 DB 落点；非无用夹具+常量子集重复案	unused_game_fixture
F2-R11-2	tests/test_mutiny_progression_316.py::test_repeated_mutiny_persists_count_cap_and_probation	unused_game_fixture	53	RETAIN	REMAINING_RETAIN	game 形参未直接使用但夹具提供 DB 落点；非无用夹具+常量子集重复案	unused_game_fixture
F2-R11-2	tests/test_mutiny_progression_316.py::test_mutiny_count_is_capped_at_three	unused_game_fixture	104	RETAIN	REMAINING_RETAIN	game 形参未直接使用但夹具提供 DB 落点；非无用夹具+常量子集重复案	unused_game_fixture
F2-R11-2	tests/test_chat_stream_failpaths_393.py::test_chat_stream_run_error_event_sse_system_layer_no_retry	assert_startswith	649	RETAIN	REMAINING_RETAIN	结构性 id/路径/SSE/affair- 前缀契约；逐案核对非 #ticket/日志呈现弱化	assert_startswith
F2-R11-2	tests/test_mutiny_noop_whitelist_319.py::test_latched_denies_dispatch_armament_status_and_positive_manpower	unused_game_fixture	125	RETAIN	REMAINING_RETAIN	game 形参未直接使用但夹具提供 DB 落点；非无用夹具+常量子集重复案	unused_game_fixture
F2-R11-2	tests/test_mutiny_noop_whitelist_319.py::test_latched_manpower_strict_negative_applies_zero_and_positive_noop	unused_game_fixture	157	RETAIN	REMAINING_RETAIN	game 形参未直接使用但夹具提供 DB 落点；非无用夹具+常量子集重复案	unused_game_fixture
F2-R11-2	tests/test_mutiny_noop_whitelist_319.py::test_latched_loyalty_positive_applies_negative_noop	unused_game_fixture	179	RETAIN	REMAINING_RETAIN	game 形参未直接使用但夹具提供 DB 落点；非无用夹具+常量子集重复案	unused_game_fixture
F2-R11-2	tests/test_mutiny_noop_whitelist_319.py::test_latched_loyalty_raw_positive_noop_when_legacy_flips_effect_sign	unused_game_fixture	196	RETAIN	REMAINING_RETAIN	game 形参未直接使用但夹具提供 DB 落点；非无用夹具+常量子集重复案	unused_game_fixture
F2-R11-2	tests/test_mutiny_noop_whitelist_319.py::test_latched_loyalty_legacy_flip_preflight_rejects_strategic_envelope	helper_internal_signal	220	RETAIN	REMAINING_RETAIN	信号命中私有调用，但断言落在公开读口/落库/settle_tick/materials 等外部结果；非纯公式旁路	helper_internal_signal
F2-R11-2	tests/test_mutiny_noop_whitelist_319.py::test_latched_loyalty_at_mutiny_cap_preflight_rejects_strategic_envelope	helper_internal_signal	262	RETAIN	REMAINING_RETAIN	信号命中私有调用，但断言落在公开读口/落库/settle_tick/materials 等外部结果；非纯公式旁路	helper_internal_signal
F2-R11-2	tests/test_mutiny_noop_whitelist_319.py::test_latched_mixed_item_allows_and_denies_per_field	unused_game_fixture	302	RETAIN	REMAINING_RETAIN	game 形参未直接使用但夹具提供 DB 落点；非无用夹具+常量子集重复案	unused_game_fixture
F2-R11-2	tests/test_mutiny_noop_whitelist_319.py::test_latched_chinese_aliases_same_rules	unused_game_fixture	331	RETAIN	REMAINING_RETAIN	game 形参未直接使用但夹具提供 DB 落点；非无用夹具+常量子集重复案	unused_game_fixture
F2-R11-2	tests/test_mutiny_noop_whitelist_319.py::test_non_latched_army_writes_all_legal_fields	unused_game_fixture	360	RETAIN	REMAINING_RETAIN	game 形参未直接使用但夹具提供 DB 落点；非无用夹具+常量子集重复案	unused_game_fixture
F2-R11-2	tests/test_mutiny_noop_whitelist_319.py::test_pay_clear_via_economy_moves_next_tick_loyalty_plus_5	unused_game_fixture	397	RETAIN	REMAINING_RETAIN	game 形参未直接使用但夹具提供 DB 落点；非无用夹具+常量子集重复案	unused_game_fixture
F2-R11-2	tests/test_mutiny_noop_whitelist_319.py::test_latched_cutover_denies_pay_source_fields	unused_game_fixture	465	RETAIN	REMAINING_RETAIN	game 形参未直接使用但夹具提供 DB 落点；非无用夹具+常量子集重复案	unused_game_fixture
F2-R11-2	tests/test_mutiny_noop_whitelist_319.py::test_latched_cutover_rejects_invalid_pay_source_share	unused_game_fixture	481	RETAIN	REMAINING_RETAIN	game 形参未直接使用但夹具提供 DB 落点；非无用夹具+常量子集重复案	unused_game_fixture
F2-R11-2	tests/test_mutiny_noop_whitelist_319.py::test_latched_cutover_rejects_unknown_pay_source_region	unused_game_fixture	501	RETAIN	REMAINING_RETAIN	game 形参未直接使用但夹具提供 DB 落点；非无用夹具+常量子集重复案	unused_game_fixture
F2-R11-2	tests/test_mutiny_noop_whitelist_319.py::test_latched_cutover_mixed_item_pay_source_deny_whitelist_apply	unused_game_fixture	522	RETAIN	REMAINING_RETAIN	game 形参未直接使用但夹具提供 DB 落点；非无用夹具+常量子集重复案	unused_game_fixture
F2-R11-2	tests/test_mutiny_noop_whitelist_319.py::test_non_latched_cutover_pay_source_fields_still_write	unused_game_fixture	557	RETAIN	REMAINING_RETAIN	game 形参未直接使用但夹具提供 DB 落点；非无用夹具+常量子集重复案	unused_game_fixture
F2-R11-2	tests/test_highlight_judge_544.py::test_build_chat_projection_includes_minister_highlights	unused_game_fixture	111	RETAIN	REMAINING_RETAIN	game 形参未直接使用但夹具提供 DB 落点；非无用夹具+常量子集重复案	unused_game_fixture
F2-R11-2	tests/test_highlight_judge_544.py::test_read_night_scroll_includes_minister_highlights	unused_game_fixture	130	RETAIN	REMAINING_RETAIN	game 形参未直接使用但夹具提供 DB 落点；非无用夹具+常量子集重复案	unused_game_fixture
F2-R11-2	tests/test_highlight_judge_544.py::test_highlights_survive_db_restore	unused_game_fixture	153	RETAIN	REMAINING_RETAIN	game 形参未直接使用但夹具提供 DB 落点；非无用夹具+常量子集重复案	unused_game_fixture
F2-R11-2	tests/test_relation_capture_633.py::test_writer_stores_whitespace_context_byte_identical	unused_game_fixture	452	RETAIN	REMAINING_RETAIN	game 形参未直接使用但夹具提供 DB 落点；非无用夹具+常量子集重复案	unused_game_fixture
F2-R11-2	tests/test_relation_capture_633.py::test_writer_rejects_non_string_context	unused_game_fixture	471	RETAIN	REMAINING_RETAIN	game 形参未直接使用但夹具提供 DB 落点；非无用夹具+常量子集重复案	unused_game_fixture
F2-R11-2	tests/test_relation_capture_633.py::test_multi_target_with_one_bad_endpoint_writes_zero_edges_for_item	chinese_literal_assert	520	RETAIN	REMAINING_RETAIN	落库/投影结构化中文字段或标题枚举；非 prompt/日志呈现盯文（#1471 HUD 负向维持）	chinese_literal_assert
F2-R11-2	tests/test_relation_capture_633.py::test_live_roster_cannot_rescue_endpoint_outside_passed_union	chinese_literal_assert	735	RETAIN	REMAINING_RETAIN	落库/投影结构化中文字段或标题枚举；非 prompt/日志呈现盯文（#1471 HUD 负向维持）	chinese_literal_assert
F2-R11-2	tests/test_month_translate_1840.py::test_world_segment_explicit_stock_transfers_share_actual_amount	unused_game_fixture	17	RETAIN	REMAINING_RETAIN	game 形参未直接使用但夹具提供 DB 落点；非无用夹具+常量子集重复案	unused_game_fixture
F2-R11-2	tests/test_month_translate_1840.py::test_world_segment_rejects_transfer_with_pay_arrears_claim	unused_game_fixture	72	RETAIN	REMAINING_RETAIN	game 形参未直接使用但夹具提供 DB 落点；非无用夹具+常量子集重复案	unused_game_fixture
F2-R11-2	tests/test_month_translate_1840.py::test_pre_push_segment_translation_stages_declaration_without_world_writes	helper_internal_signal,unused_game_fixture	115	RETAIN	REMAINING_RETAIN	信号命中私有调用，但断言落在公开读口/落库/settle_tick/materials 等外部结果；非纯公式旁路	helper_internal_signal;unused_game_fixture
F2-R11-2	tests/test_month_translate_1840.py::test_world_segment_translates_once_and_persists_repeated_subject_facts_in_order	helper_internal_signal,unused_game_fixture	171	RETAIN	REMAINING_RETAIN	信号命中私有调用，但断言落在公开读口/落库/settle_tick/materials 等外部结果；非纯公式旁路	helper_internal_signal;unused_game_fixture
F2-R11-2	tests/test_month_translate_1840.py::test_world_segment_applies_domain_effects_and_reports_rejected_effects	helper_internal_signal	208	RETAIN	REMAINING_RETAIN	信号命中私有调用，但断言落在公开读口/落库/settle_tick/materials 等外部结果；非纯公式旁路	helper_internal_signal
F2-R11-2	tests/test_month_translate_1840.py::test_staged_month_declarations_settle_in_given_order_and_effects_are_idempotent	helper_internal_signal,unused_game_fixture	335	RETAIN	REMAINING_RETAIN	信号命中私有调用，但断言落在公开读口/落库/settle_tick/materials 等外部结果；非纯公式旁路	helper_internal_signal;unused_game_fixture
F2-R11-2	tests/test_month_translate_1840.py::test_world_segment_failure_rolls_back_only_current_segment	helper_internal_signal,unused_game_fixture	410	RETAIN	REMAINING_RETAIN	信号命中私有调用，但断言落在公开读口/落库/settle_tick/materials 等外部结果；非纯公式旁路	helper_internal_signal;unused_game_fixture
F2-R11-2	tests/test_month_translate_1840.py::test_world_segment_effects_use_frozen_visible_affairs	unused_game_fixture	451	RETAIN	REMAINING_RETAIN	game 形参未直接使用但夹具提供 DB 落点；非无用夹具+常量子集重复案	unused_game_fixture
F2-R11-2	tests/test_month_translate_1840.py::test_unparseable_month_segment_does_not_stage_or_commit	unused_game_fixture	478	RETAIN	REMAINING_RETAIN	game 形参未直接使用但夹具提供 DB 落点；非无用夹具+常量子集重复案	unused_game_fixture
F2-R11-2	tests/test_month_translate_1840.py::test_staged_month_effects_keep_input_reference_authority	unused_game_fixture	498	RETAIN	REMAINING_RETAIN	game 形参未直接使用但夹具提供 DB 落点；非无用夹具+常量子集重复案	unused_game_fixture
F2-R11-2	tests/test_month_translate_1840.py::test_world_segment_repeated_entity_effects_apply_in_order	helper_internal_signal,unused_game_fixture	528	RETAIN	REMAINING_RETAIN	信号命中私有调用，但断言落在公开读口/落库/settle_tick/materials 等外部结果；非纯公式旁路	helper_internal_signal;unused_game_fixture
F2-R11-2	tests/test_month_translate_1840.py::test_world_segment_repeated_strategic_results_apply_in_order	helper_internal_signal,unused_game_fixture	578	RETAIN	REMAINING_RETAIN	信号命中私有调用，但断言落在公开读口/落库/settle_tick/materials 等外部结果；非纯公式旁路	helper_internal_signal;unused_game_fixture
F2-R11-2	tests/test_month_translate_1840.py::test_hidden_affair_strategic_result_does_not_trigger_or_land	unused_game_fixture	698	RETAIN	REMAINING_RETAIN	game 形参未直接使用但夹具提供 DB 落点；非无用夹具+常量子集重复案	unused_game_fixture
F2-R11-2	tests/test_month_translate_1840.py::test_hidden_affair_new_army_does_not_block_sibling_result	helper_internal_signal,unused_game_fixture	766	RETAIN	REMAINING_RETAIN	信号命中私有调用，但断言落在公开读口/落库/settle_tick/materials 等外部结果；非纯公式旁路	helper_internal_signal;unused_game_fixture
F2-R11-2	tests/test_month_translate_1840.py::test_hidden_affair_new_army_alone_does_not_trigger	helper_internal_signal,unused_game_fixture	810	RETAIN	REMAINING_RETAIN	信号命中私有调用，但断言落在公开读口/落库/settle_tick/materials 等外部结果；非纯公式旁路	helper_internal_signal;unused_game_fixture
F2-R11-2	tests/test_month_translate_1840.py::test_unknown_station_region_new_army_does_not_trigger_or_land	unused_game_fixture	846	RETAIN	REMAINING_RETAIN	game 形参未直接使用但夹具提供 DB 落点；非无用夹具+常量子集重复案	unused_game_fixture
F2-R11-2	tests/test_month_translate_1840.py::test_final_strategic_rejection_leaves_no_owned_effects	unused_game_fixture	878	RETAIN	REMAINING_RETAIN	game 形参未直接使用但夹具提供 DB 落点；非无用夹具+常量子集重复案	unused_game_fixture
F2-R11-2	tests/test_menu_continue_stream_1195.py::test_menu_continue_streams_stage_labels_then_done_state	assert_startswith	36	RETAIN	REMAINING_RETAIN	结构性 id/路径/SSE/affair- 前缀契约；逐案核对非 #ticket/日志呈现弱化	assert_startswith
F2-R11-2	tests/test_menu_continue_stream_1195.py::test_menu_continue_streams_error_when_llm_unavailable	assert_startswith	79	RETAIN	REMAINING_RETAIN	结构性 id/路径/SSE/affair- 前缀契约；逐案核对非 #ticket/日志呈现弱化	assert_startswith
F2-R11-2	tests/test_audience_translate_1837_reopen.py::test_prohibit_covert_levy_commission_binds_exposed_dossier	helper_internal_signal	142	RETAIN	REMAINING_RETAIN	信号命中私有调用，但断言落在公开读口/落库/settle_tick/materials 等外部结果；非纯公式旁路	helper_internal_signal
F2-R11-2	tests/test_audience_translate_1837_reopen.py::test_inquiry_declaration_preserves_assignment_in_attendant_materials	helper_internal_signal	331	RETAIN	REMAINING_RETAIN	信号命中私有调用，但断言落在公开读口/落库/settle_tick/materials 等外部结果；非纯公式旁路	helper_internal_signal
F2-R11-2	tests/test_audience_translate_1837_reopen.py::test_rush_commitment_stages_pending_催办	helper_internal_signal	401	RETAIN	REMAINING_RETAIN	信号命中私有调用，但断言落在公开读口/落库/settle_tick/materials 等外部结果；非纯公式旁路	helper_internal_signal
F2-R11-2	tests/test_audience_translate_1837_reopen.py::test_travel_tone_updates_this_round_summon_ledger	helper_internal_signal	489	RETAIN	REMAINING_RETAIN	信号命中私有调用，但断言落在公开读口/落库/settle_tick/materials 等外部结果；非纯公式旁路	helper_internal_signal
F2-R11-2	tests/test_secret_order_update.py::test_upsert_creates_then_updates	chinese_literal_assert,unused_game_fixture	10	RETAIN	REMAINING_RETAIN	落库/投影结构化中文字段或标题枚举；非 prompt/日志呈现盯文（#1471 HUD 负向维持）	chinese_literal_assert;unused_game_fixture
F2-R11-2	tests/test_secret_order_update.py::test_upsert_different_minister_creates_new	unused_game_fixture	25	RETAIN	REMAINING_RETAIN	game 形参未直接使用但夹具提供 DB 落点；非无用夹具+常量子集重复案	unused_game_fixture
F2-R11-2	tests/test_secret_order_update.py::test_update_by_id_targets_exact_order_not_newest	unused_game_fixture	35	RETAIN	REMAINING_RETAIN	game 形参未直接使用但夹具提供 DB 落点；非无用夹具+常量子集重复案	unused_game_fixture
F2-R11-2	tests/test_secret_order_update.py::test_update_by_id_preserves_tags_when_none	unused_game_fixture	50	RETAIN	REMAINING_RETAIN	game 形参未直接使用但夹具提供 DB 落点；非无用夹具+常量子集重复案	unused_game_fixture
F2-R11-2	tests/test_secret_order_update.py::test_update_by_id_persists_assignee_brief_after_restore	unused_game_fixture	76	RETAIN	REMAINING_RETAIN	game 形参未直接使用但夹具提供 DB 落点；非无用夹具+常量子集重复案	unused_game_fixture
F2-R11-2	tests/test_secret_order_update.py::test_update_by_id_keeps_assignee_brief_identical_to_persisted_order	unused_game_fixture	110	RETAIN	REMAINING_RETAIN	game 形参未直接使用但夹具提供 DB 落点；非无用夹具+常量子集重复案	unused_game_fixture
F2-R11-2	tests/test_secret_order_update.py::test_creation_brief_uses_persisted_truncated_title	unused_game_fixture	127	RETAIN	REMAINING_RETAIN	game 形参未直接使用但夹具提供 DB 落点；非无用夹具+常量子集重复案	unused_game_fixture
F2-R11-2	tests/test_secret_order_update.py::test_update_by_id_noop_on_non_active	unused_game_fixture	137	RETAIN	REMAINING_RETAIN	game 形参未直接使用但夹具提供 DB 落点；非无用夹具+常量子集重复案	unused_game_fixture
F2-R11-2	tests/test_pre_settle_transaction.py::test_due_secret_order_submission_rolls_back_on_pre_settle_crash	log_wording_lock	86	RETAIN	REMAINING_RETAIN	复核：test_due_secret… 断言 result 不含期限戳标记属回滚结构化字段，非 caplog 措辞锁 → RETAIN	log_wording_lock
F2-R11-2	tests/test_pre_settle_transaction.py::test_guarded_early_return_does_not_consume_pending	helper_internal_signal	342	RETAIN	REMAINING_RETAIN	信号命中私有调用，但断言落在公开读口/落库/settle_tick/materials 等外部结果；非纯公式旁路	helper_internal_signal
F2-R11-2	tests/test_faction_brew_637.py::test_canonical_projection_intersects_existing_factions_only	unused_game_fixture	87	RETAIN	REMAINING_RETAIN	game 形参未直接使用但夹具提供 DB 落点；非无用夹具+常量子集重复案	unused_game_fixture
F2-R11-2	tests/test_faction_brew_637.py::test_any_endpoint_hit_selects_and_same_faction_dedups	unused_game_fixture	103	RETAIN	REMAINING_RETAIN	game 形参未直接使用但夹具提供 DB 落点；非无用夹具+常量子集重复案	unused_game_fixture
F2-R11-2	tests/test_faction_brew_637.py::test_both_endpoints_different_factions_both_selected	unused_game_fixture	121	RETAIN	REMAINING_RETAIN	game 形参未直接使用但夹具提供 DB 落点；非无用夹具+常量子集重复案	unused_game_fixture
F2-R11-2	tests/test_faction_brew_637.py::test_out_of_table_faction_and_unknown_person_never_projected	unused_game_fixture	143	RETAIN	REMAINING_RETAIN	game 形参未直接使用但夹具提供 DB 落点；非无用夹具+常量子集重复案	unused_game_fixture
F2-R11-2	tests/test_faction_brew_637.py::test_event_month_updates_stance_and_no_event_month_byte_identical	unused_game_fixture	165	RETAIN	REMAINING_RETAIN	game 形参未直接使用但夹具提供 DB 落点；非无用夹具+常量子集重复案	unused_game_fixture
F2-R11-2	tests/test_faction_brew_637.py::test_failed_faction_brew_rebrews_once_via_existing_pending_seam	unused_game_fixture	198	RETAIN	REMAINING_RETAIN	game 形参未直接使用但夹具提供 DB 落点；非无用夹具+常量子集重复案	unused_game_fixture
F2-R11-2	tests/test_faction_brew_637.py::test_malformed_faction_output_degrades_and_keeps_old_summary_bytes	unused_game_fixture	249	RETAIN	REMAINING_RETAIN	game 形参未直接使用但夹具提供 DB 落点；非无用夹具+常量子集重复案	unused_game_fixture
F2-R11-2	tests/test_faction_brew_637.py::test_faction_claim_db_error_propagates_loudly	unused_game_fixture	283	RETAIN	REMAINING_RETAIN	game 形参未直接使用但夹具提供 DB 落点；非无用夹具+常量子集重复案	unused_game_fixture
F2-R11-2	tests/test_faction_brew_637.py::test_faction_apply_db_error_propagates_loudly_not_disguised	unused_game_fixture	296	RETAIN	REMAINING_RETAIN	game 形参未直接使用但夹具提供 DB 落点；非无用夹具+常量子集重复案	unused_game_fixture
F2-R11-2	tests/test_faction_brew_637.py::test_relation_and_faction_items_share_single_batch_in_parallel	unused_game_fixture	311	RETAIN	REMAINING_RETAIN	game 形参未直接使用但夹具提供 DB 落点；非无用夹具+常量子集重复案	unused_game_fixture
F2-R11-2	tests/test_faction_brew_637.py::test_zero_writes_to_factions_numeric_columns_across_all_seams	unused_game_fixture	334	RETAIN	REMAINING_RETAIN	game 形参未直接使用但夹具提供 DB 落点；非无用夹具+常量子集重复案	unused_game_fixture
F2-R11-2	tests/test_faction_brew_637.py::test_new_event_fields_are_pure_data_no_prose_composition	unused_game_fixture	485	RETAIN	REMAINING_RETAIN	game 形参未直接使用但夹具提供 DB 落点；非无用夹具+常量子集重复案	unused_game_fixture
F2-R11-2	tests/test_faction_brew_637.py::test_source_faction_target_faction_equals_current_projection_and_nulls_and_no_concatenation	unused_game_fixture	512	RETAIN	REMAINING_RETAIN	game 形参未直接使用但夹具提供 DB 落点；非无用夹具+常量子集重复案	unused_game_fixture
F2-R11-2	tests/test_faction_brew_637.py::test_faction_brew_prompt_retry_month_does_not_label_old_events_as_current_month	unused_game_fixture	594	RETAIN	REMAINING_RETAIN	game 形参未直接使用但夹具提供 DB 落点；非无用夹具+常量子集重复案	unused_game_fixture
F2-R11-2	tests/test_textual_facts_1828.py::test_sun_chuanting_injury_then_recovery_both_readable_by_month	unused_game_fixture	13	RETAIN	REMAINING_RETAIN	game 形参未直接使用但夹具提供 DB 落点；非无用夹具+常量子集重复案	unused_game_fixture
F2-R11-2	tests/test_textual_facts_1828.py::test_textual_facts_on_army_region_and_affair_are_object_materials	unused_game_fixture	41	RETAIN	REMAINING_RETAIN	game 形参未直接使用但夹具提供 DB 落点；非无用夹具+常量子集重复案	unused_game_fixture
F2-R11-2	tests/test_textual_facts_1828.py::test_textual_facts_are_not_rumors_and_do_not_change_character_mechanics	unused_game_fixture	83	RETAIN	REMAINING_RETAIN	game 形参未直接使用但夹具提供 DB 落点；非无用夹具+常量子集重复案	unused_game_fixture
F2-R11-2	tests/test_textual_facts_1828.py::test_append_inside_atomic_rolls_back_with_outer_transaction	unused_game_fixture	113	RETAIN	REMAINING_RETAIN	game 形参未直接使用但夹具提供 DB 落点；非无用夹具+常量子集重复案	unused_game_fixture
F2-R11-2	tests/test_textual_facts_1828.py::test_textual_facts_survive_reopen	unused_game_fixture	133	RETAIN	REMAINING_RETAIN	game 形参未直接使用但夹具提供 DB 落点；非无用夹具+常量子集重复案	unused_game_fixture
F2-R11-2	tests/test_relation_seed_638.py::test_seed_document_validation_is_fail_closed	helper_internal_signal	51	RETAIN	REMAINING_RETAIN	信号命中私有调用，但断言落在公开读口/落库/settle_tick/materials 等外部结果；非纯公式旁路	helper_internal_signal
F2-R11-2	tests/test_relation_seed_638.py::test_issue_639_seed_owner_audit_corrections	assert_startswith	483	RETAIN	REMAINING_RETAIN	结构性 id/路径/SSE/affair- 前缀契约；逐案核对非 #ticket/日志呈现弱化	assert_startswith
F2-R11-2	tests/test_grant_reconciliation_567.py::test_escorted_arrival_clamp_strictly_beats_bare	helper_internal_signal	100	RETAIN	REMAINING_RETAIN	信号命中私有调用，但断言落在公开读口/落库/settle_tick/materials 等外部结果；非纯公式旁路	helper_internal_signal
F2-R11-2	tests/test_grant_reconciliation_567.py::test_clamp_mutation_keeps_every_value_inside_band	helper_internal_signal	145	RETAIN	REMAINING_RETAIN	信号命中私有调用，但断言落在公开读口/落库/settle_tick/materials 等外部结果；非纯公式旁路	helper_internal_signal
F2-R11-2	tests/test_grant_reconciliation_567.py::test_per_route_storage_restore_and_escort_split	chinese_literal_assert	169	RETAIN	REMAINING_RETAIN	落库/投影结构化中文字段或标题枚举；非 prompt/日志呈现盯文（#1471 HUD 负向维持）	chinese_literal_assert
F2-R11-2	tests/test_grant_reconciliation_567.py::test_close_merges_recon_note_without_second_treasury_debit	chinese_literal_assert	215	RETAIN	REMAINING_RETAIN	落库/投影结构化中文字段或标题枚举；非 prompt/日志呈现盯文（#1471 HUD 负向维持）	chinese_literal_assert
F2-R11-2	tests/test_grant_reconciliation_567.py::test_missing_soft_judge_uses_band_midpoint	helper_internal_signal	251	RETAIN	REMAINING_RETAIN	信号命中私有调用，但断言落在公开读口/落库/settle_tick/materials 等外部结果；非纯公式旁路	helper_internal_signal
F2-R11-2	tests/test_grant_reconciliation_567.py::test_recon_bad_item_rejected_target_gets_midpoint	helper_internal_signal	373	RETAIN	REMAINING_RETAIN	信号命中私有调用，但断言落在公开读口/落库/settle_tick/materials 等外部结果；非纯公式旁路	helper_internal_signal
F2-R11-2	tests/test_grant_reconciliation_567.py::test_recon_both_amount_fields_rejected_no_guess	helper_internal_signal	396	RETAIN	REMAINING_RETAIN	信号命中私有调用，但断言落在公开读口/落库/settle_tick/materials 等外部结果；非纯公式旁路	helper_internal_signal
F2-R11-2	tests/test_secret_order_payoff_1504.py::test_confirm_persists_task_specific_contract_absent_before	unused_game_fixture	285	RETAIN	REMAINING_RETAIN	game 形参未直接使用但夹具提供 DB 落点；非无用夹具+常量子集重复案	unused_game_fixture
F2-R11-2	tests/test_secret_order_payoff_1504.py::test_actual_progress_container_separate_from_reported_rail	unused_game_fixture	311	RETAIN	REMAINING_RETAIN	game 形参未直接使用但夹具提供 DB 落点；非无用夹具+常量子集重复案	unused_game_fixture
F2-R11-2	tests/test_secret_order_payoff_1504.py::test_settle_due_reads_actual_rail_only_report_does_not_flip_verdict	unused_game_fixture	342	RETAIN	REMAINING_RETAIN	game 形参未直接使用但夹具提供 DB 落点；非无用夹具+常量子集重复案	unused_game_fixture
F2-R11-2	tests/test_secret_order_payoff_1504.py::test_settle_due_keeps_existing_progress_result_over_memorial	unused_game_fixture	370	RETAIN	REMAINING_RETAIN	game 形参未直接使用但夹具提供 DB 落点；非无用夹具+常量子集重复案	unused_game_fixture
F2-R11-2	tests/test_secret_order_payoff_1504.py::test_offstage_minister_no_progress_no_world_effects	unused_game_fixture	459	RETAIN	REMAINING_RETAIN	game 形参未直接使用但夹具提供 DB 落点；非无用夹具+常量子集重复案	unused_game_fixture
F2-R11-2	tests/test_secret_order_payoff_1504.py::test_missing_minister_row_no_progress	unused_game_fixture	487	RETAIN	REMAINING_RETAIN	game 形参未直接使用但夹具提供 DB 落点；非无用夹具+常量子集重复案	unused_game_fixture
F2-R11-2	tests/test_secret_order_payoff_1504.py::test_auto_submit_due_no_longer_flips_pending_review	unused_game_fixture	553	RETAIN	REMAINING_RETAIN	game 形参未直接使用但夹具提供 DB 落点；非无用夹具+常量子集重复案	unused_game_fixture
F2-R11-2	tests/test_secret_order_payoff_1504.py::test_monthly_actual_progress_preserves_selected_fidelity_in_sqlite	unused_game_fixture	572	RETAIN	REMAINING_RETAIN	game 形参未直接使用但夹具提供 DB 落点；非无用夹具+常量子集重复案	unused_game_fixture
F2-R11-2	tests/test_secret_order_payoff_1504.py::test_submit_unlimited_keeps_frozen_target	unused_game_fixture	618	RETAIN	REMAINING_RETAIN	game 形参未直接使用但夹具提供 DB 落点；非无用夹具+常量子集重复案	unused_game_fixture
F2-R11-2	tests/test_secret_order_payoff_1504.py::test_rush_preserves_frozen_contract	unused_game_fixture	648	RETAIN	REMAINING_RETAIN	game 形参未直接使用但夹具提供 DB 落点；非无用夹具+常量子集重复案	unused_game_fixture
F2-R11-2	tests/test_secret_order_payoff_1504.py::test_unlimited_investigation_due_now_reads_real_acquisitions	unused_game_fixture	664	RETAIN	REMAINING_RETAIN	game 形参未直接使用但夹具提供 DB 落点；非无用夹具+常量子集重复案	unused_game_fixture
F2-R11-2	tests/test_secret_order_payoff_1504.py::test_non_finite_effort_is_invalid_not_full_investment	unused_game_fixture	734	RETAIN	REMAINING_RETAIN	game 形参未直接使用但夹具提供 DB 落点；非无用夹具+常量子集重复案	unused_game_fixture
F2-R11-2	tests/test_secret_order_payoff_1504.py::test_investigator_away_from_target_cannot_acquire_evidence	unused_game_fixture	776	RETAIN	REMAINING_RETAIN	game 形参未直接使用但夹具提供 DB 落点；非无用夹具+常量子集重复案	unused_game_fixture
F2-R11-2	tests/test_secret_order_payoff_1504.py::test_reaction_declarations_need_real_knowledge_across_months	unused_game_fixture	825	RETAIN	REMAINING_RETAIN	game 形参未直接使用但夹具提供 DB 落点；非无用夹具+常量子集重复案	unused_game_fixture
F2-R11-2	tests/test_secret_order_payoff_1504.py::test_supply_call_writes_identity_materials_into_its_own_tree	assert_startswith,helper_internal_signal,unused_game_fixture	878	RETAIN	REMAINING_RETAIN	结构性 id/路径/SSE/affair- 前缀契约；逐案核对非 #ticket/日志呈现弱化	assert_startswith;helper_internal_signal;unused_game_fixture
F2-R11-2	tests/test_secret_order_payoff_1504.py::test_case_opening_source_clue_assists_its_fact	unused_game_fixture	1023	RETAIN	REMAINING_RETAIN	game 形参未直接使用但夹具提供 DB 落点；非无用夹具+常量子集重复案	unused_game_fixture
F2-R11-2	tests/test_secret_order_payoff_1504.py::test_case_opening_without_pointer_creates_no_clue	unused_game_fixture	1062	RETAIN	REMAINING_RETAIN	game 形参未直接使用但夹具提供 DB 落点；非无用夹具+常量子集重复案	unused_game_fixture
F2-R11-2	tests/test_secret_order_payoff_1504.py::test_investigation_history_is_not_truncated	unused_game_fixture	1099	RETAIN	REMAINING_RETAIN	game 形参未直接使用但夹具提供 DB 落点；非无用夹具+常量子集重复案	unused_game_fixture
F2-R11-2	tests/test_secret_order_payoff_1504.py::test_no_evidence_case_opens_and_stays_empty	unused_game_fixture	1135	RETAIN	REMAINING_RETAIN	game 形参未直接使用但夹具提供 DB 落点；非无用夹具+常量子集重复案	unused_game_fixture
F2-R11-2	tests/test_secret_order_payoff_1504.py::test_spoliation_requires_real_knowledge_source	unused_game_fixture	1186	RETAIN	REMAINING_RETAIN	game 形参未直接使用但夹具提供 DB 落点；非无用夹具+常量子集重复案	unused_game_fixture
F2-R11-2	tests/test_secret_order_payoff_1504.py::test_4a_unknown_target_declaring_spoliation_is_rejected	unused_game_fixture	1254	RETAIN	REMAINING_RETAIN	game 形参未直接使用但夹具提供 DB 落点；非无用夹具+常量子集重复案	unused_game_fixture
F2-R11-2	tests/test_secret_order_payoff_1504.py::test_spoliation_makes_fact_harder_and_survives_case_reopen	unused_game_fixture	1290	RETAIN	REMAINING_RETAIN	game 形参未直接使用但夹具提供 DB 落点；非无用夹具+常量子集重复案	unused_game_fixture
F2-R11-2	tests/test_secret_order_payoff_1504.py::test_false_memorial_does_not_create_or_erase_evidence	unused_game_fixture	1377	RETAIN	REMAINING_RETAIN	game 形参未直接使用但夹具提供 DB 落点；非无用夹具+常量子集重复案	unused_game_fixture
F2-R11-2	tests/test_secret_order_payoff_1504.py::test_4a_declaration_lands_actions_and_spoliation_through_month_chain	unused_game_fixture	1429	RETAIN	REMAINING_RETAIN	game 形参未直接使用但夹具提供 DB 落点；非无用夹具+常量子集重复案	unused_game_fixture
F2-R11-2	tests/test_secret_order_payoff_1504.py::test_deep_dig_lands_through_month_chain_entry	helper_internal_signal	1533	RETAIN	REMAINING_RETAIN	信号命中私有调用，但断言落在公开读口/落库/settle_tick/materials 等外部结果；非纯公式旁路	helper_internal_signal
F2-R11-2	tests/test_secret_order_payoff_1504.py::test_invalid_investigation_declaration_is_rejected_not_zero_effort	unused_game_fixture	1845	RETAIN	REMAINING_RETAIN	game 形参未直接使用但夹具提供 DB 落点；非无用夹具+常量子集重复案	unused_game_fixture
F2-R11-2	tests/test_secret_order_payoff_1504.py::test_invalid_declaration_stops_month_chain_and_marks_invalid	unused_game_fixture	1890	RETAIN	REMAINING_RETAIN	game 形参未直接使用但夹具提供 DB 落点；非无用夹具+常量子集重复案	unused_game_fixture
F2-R11-2	tests/test_secret_order_payoff_1504.py::test_repeated_pointerless_orders_do_not_mint_clues	unused_game_fixture	1971	RETAIN	REMAINING_RETAIN	game 形参未直接使用但夹具提供 DB 落点；非无用夹具+常量子集重复案	unused_game_fixture
F2-R11-2	tests/test_secret_order_payoff_1504.py::test_merged_clue_assists_the_fact_it_points_at	unused_game_fixture	2058	RETAIN	REMAINING_RETAIN	game 形参未直接使用但夹具提供 DB 落点；非无用夹具+常量子集重复案	unused_game_fixture
F2-R11-2	tests/test_secret_order_payoff_1504.py::test_supply_feed_identity_material_is_empty_for_topic_target	helper_internal_signal,unused_game_fixture	2182	RETAIN	REMAINING_RETAIN	信号命中私有调用，但断言落在公开读口/落库/settle_tick/materials 等外部结果；非纯公式旁路	helper_internal_signal;unused_game_fixture
F2-R11-2	tests/test_secret_order_payoff_1504.py::test_supply_feed_carries_per_fact_investigation_materials	helper_internal_signal,unused_game_fixture	2204	RETAIN	REMAINING_RETAIN	信号命中私有调用，但断言落在公开读口/落库/settle_tick/materials 等外部结果；非纯公式旁路	helper_internal_signal;unused_game_fixture
F2-R11-2	tests/test_secret_order_payoff_1504.py::test_spoliated_fact_reported_as_unreachable_in_feed	helper_internal_signal,unused_game_fixture	2257	RETAIN	REMAINING_RETAIN	信号命中私有调用，但断言落在公开读口/落库/settle_tick/materials 等外部结果；非纯公式旁路	helper_internal_signal;unused_game_fixture
F2-R11-2	tests/test_secret_order_payoff_1504.py::test_closed_case_blocks_same_fact_on_later_case_and_due	unused_game_fixture	2319	RETAIN	REMAINING_RETAIN	game 形参未直接使用但夹具提供 DB 落点；非无用夹具+常量子集重复案	unused_game_fixture
F2-R11-2	tests/test_secret_order_payoff_1504.py::test_region_quantity_ignores_same_origin_turn_with_mismatched_identity	unused_game_fixture	2444	RETAIN	REMAINING_RETAIN	game 形参未直接使用但夹具提供 DB 落点；非无用夹具+常量子集重复案	unused_game_fixture
F2-R11-2	tests/test_secret_order_payoff_1504.py::test_create_secret_order_rejects_missing_contract	unused_game_fixture	2496	RETAIN	REMAINING_RETAIN	game 形参未直接使用但夹具提供 DB 落点；非无用夹具+常量子集重复案	unused_game_fixture
F2-R11-2	tests/test_secret_order_payoff_1504.py::test_region_monthly_progress_sums_increments_without_final_value_gate	unused_game_fixture	2538	RETAIN	REMAINING_RETAIN	game 形参未直接使用但夹具提供 DB 落点；非无用夹具+常量子集重复案	unused_game_fixture
F2-R11-2	tests/test_secret_order_payoff_1504.py::test_topic_investigation_backlash_fails_without_world_package	unused_game_fixture	2613	RETAIN	REMAINING_RETAIN	game 形参未直接使用但夹具提供 DB 落点；非无用夹具+常量子集重复案	unused_game_fixture
F2-R11-2	tests/test_army_firearms.py::test_new_army_defaults_zero_firearm	unused_game_fixture	40	RETAIN	REMAINING_RETAIN	game 形参未直接使用但夹具提供 DB 落点；非无用夹具+常量子集重复案	unused_game_fixture
F2-R11-2	tests/test_army_firearms.py::test_firearm_clamped_0_100	unused_game_fixture	69	RETAIN	REMAINING_RETAIN	game 形参未直接使用但夹具提供 DB 落点；非无用夹具+常量子集重复案	unused_game_fixture
F2-R11-2	tests/test_army_firearms.py::test_cannon_clamped_to_12	unused_game_fixture	80	RETAIN	REMAINING_RETAIN	game 形参未直接使用但夹具提供 DB 落点；非无用夹具+常量子集重复案	unused_game_fixture
F2-R11-2	tests/test_army_firearms.py::test_create_army_with_firearm	unused_game_fixture	92	RETAIN	REMAINING_RETAIN	game 形参未直接使用但夹具提供 DB 落点；非无用夹具+常量子集重复案	unused_game_fixture
F2-R11-2	tests/test_army_firearms.py::test_create_army_cannon_count_clamped	unused_game_fixture	106	RETAIN	REMAINING_RETAIN	game 形参未直接使用但夹具提供 DB 落点；非无用夹具+常量子集重复案	unused_game_fixture
F2-R11-2	tests/test_army_firearms.py::test_apply_army_delta_chinese_keys	unused_game_fixture	147	RETAIN	REMAINING_RETAIN	game 形参未直接使用但夹具提供 DB 落点；非无用夹具+常量子集重复案	unused_game_fixture
F2-R11-2	tests/test_relation_read_640.py::test_dto_shape_summary_plus_recent_context_with_backref	chinese_literal_assert	120	RETAIN	REMAINING_RETAIN	落库/投影结构化中文字段或标题枚举；非 prompt/日志呈现盯文（#1471 HUD 负向维持）	chinese_literal_assert
F2-R11-2	tests/test_relation_read_640.py::test_judge_face_reads_edges_invisible_to_role_view	chinese_literal_assert	160	RETAIN	REMAINING_RETAIN	落库/投影结构化中文字段或标题枚举；非 prompt/日志呈现盯文（#1471 HUD 负向维持）	chinese_literal_assert
F2-R11-2	tests/test_relation_read_640.py::test_load_relation_history_before_returns_full_stable_prior_stream	unused_game_fixture	234	RETAIN	REMAINING_RETAIN	game 形参未直接使用但夹具提供 DB 落点；非无用夹具+常量子集重复案	unused_game_fixture
F2-R11-2	tests/test_relation_read_640.py::test_load_relation_history_before_empty_when_no_older_events	unused_game_fixture	282	RETAIN	REMAINING_RETAIN	game 形参未直接使用但夹具提供 DB 落点；非无用夹具+常量子集重复案	unused_game_fixture
F2-R11-2	tests/test_effect_origin_558.py::test_same_issue_row_inertia_and_ongoing_reuse_parent_canonical_origin	helper_internal_signal	106	RETAIN	REMAINING_RETAIN	信号命中私有调用，但断言落在公开读口/落库/settle_tick/materials 等外部结果；非纯公式旁路	helper_internal_signal
F2-R11-2	tests/test_affairs_1831.py::test_conflicting_affair_declaration_on_existing_dossier_fails_loud	unused_game_fixture	41	RETAIN	REMAINING_RETAIN	game 形参未直接使用但夹具提供 DB 落点；非无用夹具+常量子集重复案	unused_game_fixture
F2-R11-2	tests/test_affairs_1831.py::test_same_name_affairs_are_not_merged_and_birth_close_is_rejected	unused_game_fixture	90	RETAIN	REMAINING_RETAIN	game 形参未直接使用但夹具提供 DB 落点；非无用夹具+常量子集重复案	unused_game_fixture
F2-R11-2	tests/test_affairs_1831.py::test_new_issue_affair_attach_failure_leaves_no_partial_product	unused_game_fixture	244	RETAIN	REMAINING_RETAIN	game 形参未直接使用但夹具提供 DB 落点；非无用夹具+常量子集重复案	unused_game_fixture
F2-R11-2	tests/test_rejection_wiring.py::test_bridge_synthesizes_reason_when_producer_omits	helper_internal_signal	196	RETAIN	REMAINING_RETAIN	信号命中私有调用，但断言落在公开读口/落库/settle_tick/materials 等外部结果；非纯公式旁路	helper_internal_signal
F2-R11-2	tests/test_rejection_wiring.py::test_inertia_tolerated_rejections_reach_reports	chinese_literal_assert	216	RETAIN	REMAINING_RETAIN	落库/投影结构化中文字段或标题枚举；非 prompt/日志呈现盯文（#1471 HUD 负向维持）	chinese_literal_assert
F2-R11-2	tests/test_rejection_wiring.py::test_provenance_from_stored_recovers_all_forms	helper_internal_signal	558	DELETE	DELETED	直测 _provenance_from_stored 内部还原；非入口结构化结果	helper_internal_signal
F2-R11-2	tests/test_pihong_dossier_1490.py::test_657_p6_mapper_deliberate_preserve_free_text	helper_internal_signal	543	RETAIN	REMAINING_RETAIN	信号命中私有调用，但断言落在公开读口/落库/settle_tick/materials 等外部结果；非纯公式旁路	helper_internal_signal
F2-R11-2	tests/test_pihong_dossier_1490.py::test_657_return_revise_round_prior_and_clear_anchor	chinese_literal_assert	817	RETAIN	REMAINING_RETAIN	落库/投影结构化中文字段或标题枚举；非 prompt/日志呈现盯文（#1471 HUD 负向维持）	chinese_literal_assert
F2-R11-2	tests/test_pihong_dossier_1490.py::test_657_abi_mapper_matrix_a1_a12	chinese_literal_assert	901	RETAIN	REMAINING_RETAIN	落库/投影结构化中文字段或标题枚举；非 prompt/日志呈现盯文（#1471 HUD 负向维持）	chinese_literal_assert
F2-R11-2	tests/test_pihong_dossier_1490.py::test_658_stage_rejects_bad_backing_zero_write	helper_internal_signal	2171	RETAIN	REMAINING_RETAIN	信号命中私有调用，但断言落在公开读口/落库/settle_tick/materials 等外部结果；非纯公式旁路	helper_internal_signal
F2-R11-2	tests/test_pihong_dossier_1490.py::test_657_s10_http_five_actions_and_1490_no_regress	chinese_literal_assert	2507	RETAIN	REMAINING_RETAIN	落库/投影结构化中文字段或标题枚举；非 prompt/日志呈现盯文（#1471 HUD 负向维持）	chinese_literal_assert
F2-R11-2	tests/test_office_inference.py::test_runtime_cli_unknown_office_uses_configured_runner_without_env	chinese_literal_assert	78	RETAIN	REMAINING_RETAIN	落库/投影结构化中文字段或标题枚举；非 prompt/日志呈现盯文（#1471 HUD 负向维持）	chinese_literal_assert
F2-R11-2	tests/test_recommendations.py::test_listed_heard_for_selection_candidate_stays_recovery_type_through_context_and_restore	chinese_literal_assert	267	RETAIN	REMAINING_RETAIN	落库/投影结构化中文字段或标题枚举；非 prompt/日志呈现盯文（#1471 HUD 负向维持）	chinese_literal_assert
F2-R11-2	tests/test_cli_backend.py::test_run_backend_for_config_traces_every_call	chinese_literal_assert	609	RETAIN	REMAINING_RETAIN	落库/投影结构化中文字段或标题枚举；非 prompt/日志呈现盯文（#1471 HUD 负向维持）	chinese_literal_assert
F2-R11-2	tests/test_cli_backend.py::test_office_inference_llm_call_is_traced	chinese_literal_assert	650	RETAIN	REMAINING_RETAIN	落库/投影结构化中文字段或标题枚举；非 prompt/日志呈现盯文（#1471 HUD 负向维持）	chinese_literal_assert
F2-R11-2	tests/test_start_sh_deps_1721.py::test_start_sh_syncs_requirements_before_uvicorn	assert_startswith	92	RETAIN	REMAINING_RETAIN	结构性 id/路径/SSE/affair- 前缀契约；逐案核对非 #ticket/日志呈现弱化	assert_startswith
F2-R11-2	tests/test_start_sh_deps_1721.py::test_start_sh_default_path_runs_pip_frontend_and_uvicorn_in_order	assert_startswith	121	RETAIN	REMAINING_RETAIN	结构性 id/路径/SSE/affair- 前缀契约；逐案核对非 #ticket/日志呈现弱化	assert_startswith
F2-R11-2	tests/test_start_sh_deps_1721.py::test_start_sh_pip_failure_does_not_start_uvicorn	assert_startswith	142	RETAIN	REMAINING_RETAIN	结构性 id/路径/SSE/affair- 前缀契约；逐案核对非 #ticket/日志呈现弱化	assert_startswith
F2-R11-2	tests/test_web_budget_payload.py::test_budget_payload_filters_central_army_pay_fixed_flow	chinese_literal_assert	6	RETAIN	REMAINING_RETAIN	落库/投影结构化中文字段或标题枚举；非 prompt/日志呈现盯文（#1471 HUD 负向维持）	chinese_literal_assert
F2-R11-2	tests/test_faction_leverage_9.py::test_xingbu_has_leverage_weight_like_other_ministries	helper_internal_signal	0	DELETE	DELETED	纯权重表/_member_office_weight 常量锁	helper_internal_signal
F2-R11-2	tests/test_faction_leverage_9.py::test_all_court_allowed_types_have_leverage_weight	helper_internal_signal	0	DELETE	DELETED	遍历 allowed_types 对内部权重表完整性锁；非玩家入口行为	helper_internal_signal
