membership	kind	loc	note	text
TOOLING_or_HIST	commit_call	scripts/family_tail_acceptance_570.py:436	工具/历史	db.conn.commit()
TOOLING_or_HIST	commit_call	scripts/midzhi_spiral_judge_gate_570.py:132	工具/历史	db.conn.commit()
TOOLING_or_HIST	commit_call	scripts/midzhi_spiral_judge_gate_570.py:196	工具/历史	db.conn.commit()
TOOLING_or_HIST	commit_call	scripts/direct_decree_probe.py:115	工具/历史	session.db.conn.commit()
PROD_txn_site_obeys_single_authority	atomic_boundary	ming_sim/action_materialize.py:100	生产事务位点须服从单一权威	with atomic(session.db):
PROD_txn_site_obeys_single_authority	atomic_boundary	ming_sim/action_materialize.py:176	生产事务位点须服从单一权威	with atomic(session.db):
TOOLING_or_HIST	commit_call	scripts/promulgation_gate_561.py:127	工具/历史	db.conn.commit()
TOOLING_or_HIST	commit_call	scripts/promulgation_gate_561.py:252	工具/历史	db.conn.commit()
TOOLING_or_HIST	commit_call	scripts/promulgation_gate_561.py:319	工具/历史	db.conn.commit()
TOOLING_or_HIST	commit_call	scripts/promulgation_gate_561.py:353	工具/历史	db.conn.commit()
TOOLING_or_HIST	commit_call	scripts/promulgation_gate_561.py:364	工具/历史	db.conn.commit()
IN_CLASS_J4O_policy_callsite	ownership_policy_use	ming_sim/pay_order.py:338	写前归属引用公共真源	owns = db.owns_transaction() if commit else False
PROD_txn_site_obeys_single_authority	commit_call	ming_sim/pay_order.py:386	生产事务位点须服从单一权威	db.conn.commit()
PROD_txn_site_obeys_single_authority	commit_call	ming_sim/rescript_actions.py:1279	生产事务位点须服从单一权威	db.conn.commit()
PROD_txn_site_obeys_single_authority	commit_call	ming_sim/credit_events.py:720	生产事务位点须服从单一权威	db.conn.commit()
PROD_txn_site_obeys_single_authority	commit_call	ming_sim/credit_events.py:782	生产事务位点须服从单一权威	db.conn.commit()
PROD_txn_site_obeys_single_authority	commit_call	ming_sim/staged_commitment.py:290	生产事务位点须服从单一权威	db.conn.commit()
IN_CLASS_J4O_policy_callsite	ownership_policy_use	ming_sim/public_sayings.py:12	写前归属引用公共真源	from ming_sim.applier import connection_owns_transaction, sanitize_sqlite_text
IN_CLASS_J4O_policy_callsite	ownership_policy_use	ming_sim/public_sayings.py:64	写前归属引用公共真源	owns = bool(commit) and connection_owns_transaction(db.conn)
PROD_txn_site_obeys_single_authority	commit_call	ming_sim/public_sayings.py:89	生产事务位点须服从单一权威	db.conn.commit()
PROD_txn_site_obeys_single_authority	atomic_boundary	ming_sim/audience_translation.py:99	生产事务位点须服从单一权威	with atomic(db):
PROD_txn_site_obeys_single_authority	pause_depth_flags	ming_sim/audience_translation.py:160	生产事务位点须服从单一权威	not bool(getattr(db.conn, "_commit_suspended", False))
PROD_txn_site_obeys_single_authority	pause_depth_flags	ming_sim/audience_translation.py:161	生产事务位点须服从单一权威	and int(getattr(db.conn, "_atomic_depth", 0) or 0) == 0
PROD_txn_site_obeys_single_authority	commit_call	ming_sim/audience_translation.py:163	生产事务位点须服从单一权威	db.conn.commit()
IN_CLASS_J4O_policy_callsite	ownership_policy_use	ming_sim/declaration_dispatch.py:74	写前归属引用公共真源	connection_owns_transaction,
PROD_txn_site_obeys_single_authority	atomic_boundary	ming_sim/declaration_dispatch.py:614	生产事务位点须服从单一权威	with atomic(db):
PROD_txn_site_obeys_single_authority	savepoint	ming_sim/declaration_dispatch.py:802	生产事务位点须服从单一权威	的旨级 `atomic`）内时只用 SAVEPOINT 做本项细粒度回滚，不再另开一层
PROD_txn_site_obeys_single_authority	savepoint	ming_sim/declaration_dispatch.py:804	生产事务位点须服从单一权威	异常后继续下一项」判定为吞异常并响亮拦截（cmr S1 F2），SAVEPOINT 才是
NOT_CLASS_noise	other	ming_sim/declaration_dispatch.py:807	噪声/注释/非事务语义	commit_pending_actions` 既有 idiom（`atomic(self) if owns_transaction
PROD_txn_site_obeys_single_authority	savepoint	ming_sim/declaration_dispatch.py:808	生产事务位点须服从单一权威	else contextlib.nullcontext()` + SAVEPOINT，同一机制不重复发明）。
PROD_txn_site_obeys_single_authority	rollback_call	ming_sim/declaration_dispatch.py:814	生产事务位点须服从单一权威	`conn.rollback()`（`_SuspendableConnection.rollback`）时才会被执行；
PROD_txn_site_obeys_single_authority	savepoint	ming_sim/declaration_dispatch.py:815	生产事务位点须服从单一权威	SAVEPOINT 只回滚 DB 行，不会触发它。本函数复用同一个既有列表：本项
IN_CLASS_J4O_policy_callsite	ownership_policy_use	ming_sim/declaration_dispatch.py:821	写前归属引用公共真源	owns = connection_owns_transaction(db.conn)
PROD_txn_site_obeys_single_authority	savepoint	ming_sim/declaration_dispatch.py:829	生产事务位点须服从单一权威	db.conn.execute(f"SAVEPOINT {savepoint}")
PROD_txn_site_obeys_single_authority	savepoint	ming_sim/declaration_dispatch.py:833	生产事务位点须服从单一权威	db.conn.execute(f"ROLLBACK TO SAVEPOINT {savepoint}")
PROD_txn_site_obeys_single_authority	savepoint	ming_sim/declaration_dispatch.py:834	生产事务位点须服从单一权威	db.conn.execute(f"RELEASE SAVEPOINT {savepoint}")
PROD_txn_site_obeys_single_authority	savepoint	ming_sim/declaration_dispatch.py:841	生产事务位点须服从单一权威	db.conn.execute(f"RELEASE SAVEPOINT {savepoint}")
PROD_txn_site_obeys_single_authority	savepoint	ming_sim/declaration_dispatch.py:2419	生产事务位点须服从单一权威	SAVEPOINT 而非直接嵌套 `atomic(db)`：本函数可能被 `dispatch_declaration`
PROD_txn_site_obeys_single_authority	savepoint	ming_sim/declaration_dispatch.py:2420	生产事务位点须服从单一权威	自己的外层事务（直接分派或暂存结算）调用，SAVEPOINT 才能在共享事务内做
PROD_txn_site_obeys_single_authority	savepoint	ming_sim/declaration_dispatch.py:2640	生产事务位点须服从单一权威	不留半写的「有边事件没有所属事务」状态）；用 SAVEPOINT 而非直接嵌套
PROD_txn_site_obeys_single_authority	pause_depth_flags	ming_sim/error_pack.py:160	生产事务位点须服从单一权威	（_commit_suspended）会响亮 RuntimeError——这是设计约束（脏页备份），不在此处吞。
IN_CLASS_J4O_policy_callsite	ownership_policy_use	ming_sim/issues.py:16	写前归属引用公共真源	from ming_sim.applier import atomic, connection_owns_transaction
PROD_txn_site_obeys_single_authority	commit_call	ming_sim/issues.py:1012	生产事务位点须服从单一权威	db.conn.commit()
PROD_txn_site_obeys_single_authority	begin	ming_sim/issues.py:1237	生产事务位点须服从单一权威	# 所有权必须在写入前看。sqlite 对 DML 隐式 BEGIN，写完后再看 in_transaction
IN_CLASS_J4O_policy_callsite	ownership_policy_use	ming_sim/issues.py:1239	写前归属引用公共真源	owns_transaction = commit and connection_owns_transaction(db.conn)
NOT_CLASS_noise	other	ming_sim/issues.py:1244	噪声/注释/非事务语义	if owns_transaction:
PROD_txn_site_obeys_single_authority	commit_call	ming_sim/issues.py:1245	生产事务位点须服从单一权威	db.conn.commit()
IN_CLASS_J4O_policy_callsite	ownership_policy_use	ming_sim/issues.py:1500	写前归属引用公共真源	should_commit = commit and db.owns_transaction()
PROD_txn_site_obeys_single_authority	atomic_boundary	ming_sim/issues.py:1530	生产事务位点须服从单一权威	with atomic(db):
IN_CLASS_J4O_policy_callsite	ownership_policy_use	ming_sim/issues.py:1749	写前归属引用公共真源	should_commit = commit and db.owns_transaction()
PROD_txn_site_obeys_single_authority	atomic_boundary	ming_sim/issues.py:1782	生产事务位点须服从单一权威	with atomic(db):
IN_CLASS_J4O_policy_callsite	ownership_policy_use	ming_sim/issues.py:2304	写前归属引用公共真源	should_commit = commit and db.owns_transaction()
PROD_txn_site_obeys_single_authority	atomic_boundary	ming_sim/issues.py:2344	生产事务位点须服从单一权威	with atomic(db):
PROD_txn_site_obeys_single_authority	atomic_boundary	ming_sim/issues.py:2357	生产事务位点须服从单一权威	with atomic(db):
PROD_txn_site_obeys_single_authority	commit_call	ming_sim/issues.py:2577	生产事务位点须服从单一权威	db.conn.commit()
PROD_txn_site_obeys_single_authority	savepoint	ming_sim/issues.py:3824	生产事务位点须服从单一权威	db.conn.execute("SAVEPOINT strategic_entity_result_preflight")
PROD_txn_site_obeys_single_authority	savepoint	ming_sim/issues.py:3946	生产事务位点须服从单一权威	db.conn.execute("ROLLBACK TO SAVEPOINT strategic_entity_result_preflight")
PROD_txn_site_obeys_single_authority	savepoint	ming_sim/issues.py:3947	生产事务位点须服从单一权威	db.conn.execute("RELEASE SAVEPOINT strategic_entity_result_preflight")
PROD_txn_site_obeys_single_authority	savepoint	ming_sim/issues.py:3955	生产事务位点须服从单一权威	db.conn.execute("SAVEPOINT strategic_power_result_preflight")
PROD_txn_site_obeys_single_authority	savepoint	ming_sim/issues.py:3964	生产事务位点须服从单一权威	db.conn.execute("ROLLBACK TO SAVEPOINT strategic_power_result_preflight")
PROD_txn_site_obeys_single_authority	savepoint	ming_sim/issues.py:3965	生产事务位点须服从单一权威	db.conn.execute("RELEASE SAVEPOINT strategic_power_result_preflight")
PROD_txn_site_obeys_single_authority	savepoint	ming_sim/issues.py:4054	生产事务位点须服从单一权威	db.conn.execute("SAVEPOINT strategic_person_result_preflight")
PROD_txn_site_obeys_single_authority	savepoint	ming_sim/issues.py:4066	生产事务位点须服从单一权威	db.conn.execute("ROLLBACK TO SAVEPOINT strategic_person_result_preflight")
PROD_txn_site_obeys_single_authority	savepoint	ming_sim/issues.py:4067	生产事务位点须服从单一权威	db.conn.execute("RELEASE SAVEPOINT strategic_person_result_preflight")
PROD_txn_site_obeys_single_authority	savepoint	ming_sim/issues.py:4096	生产事务位点须服从单一权威	db.conn.execute("SAVEPOINT strategic_new_army_result_preflight")
PROD_txn_site_obeys_single_authority	savepoint	ming_sim/issues.py:4104	生产事务位点须服从单一权威	db.conn.execute("ROLLBACK TO SAVEPOINT strategic_new_army_result_preflight")
PROD_txn_site_obeys_single_authority	savepoint	ming_sim/issues.py:4105	生产事务位点须服从单一权威	db.conn.execute("RELEASE SAVEPOINT strategic_new_army_result_preflight")
IN_CLASS_J4O_policy_callsite	ownership_policy_use	ming_sim/issues.py:4457	写前归属引用公共真源	external_transaction = not db.owns_transaction()
PROD_txn_site_obeys_single_authority	commit_call	ming_sim/issues.py:5601	生产事务位点须服从单一权威	db.conn.commit()
PROD_txn_site_obeys_single_authority	commit_call	ming_sim/issues.py:5748	生产事务位点须服从单一权威	db.conn.commit()
PROD_txn_site_obeys_single_authority	commit_call	ming_sim/issues.py:5959	生产事务位点须服从单一权威	db.conn.commit()
IN_CLASS_J4O_policy_callsite	ownership_policy_use	ming_sim/issues.py:6062	写前归属引用公共真源	external_transaction = not db.owns_transaction()
PROD_txn_site_obeys_single_authority	commit_call	ming_sim/issues.py:6575	生产事务位点须服从单一权威	db.conn.commit()
PROD_txn_site_obeys_single_authority	commit_call	ming_sim/issues.py:6739	生产事务位点须服从单一权威	db.conn.commit()
PROD_txn_site_obeys_single_authority	atomic_boundary	ming_sim/issues.py:6830	生产事务位点须服从单一权威	with atomic(db):
PROD_txn_site_obeys_single_authority	savepoint	ming_sim/issues.py:6833	生产事务位点须服从单一权威	# 外层事务/SAVEPOINT 拥有所有权：不在本缝起 atomic。
PROD_txn_site_obeys_single_authority	commit_call	ming_sim/issues.py:6854	生产事务位点须服从单一权威	db.conn.commit()
IN_CLASS_J4O_policy_callsite	ownership_policy_use	ming_sim/issues.py:6965	写前归属引用公共真源	should_commit = bool(commit) and db.owns_transaction()
PROD_txn_site_obeys_single_authority	commit_call	ming_sim/issues.py:7072	生产事务位点须服从单一权威	db.conn.commit()
IN_CLASS_J4O_policy_callsite	ownership_policy_use	ming_sim/issues.py:7096	写前归属引用公共真源	should_commit = bool(commit) and db.owns_transaction()
PROD_txn_site_obeys_single_authority	commit_call	ming_sim/issues.py:7228	生产事务位点须服从单一权威	db.conn.commit()
IN_CLASS_J4O_policy_callsite	ownership_policy_use	ming_sim/issues.py:7354	写前归属引用公共真源	caller_transaction = not db.owns_transaction()
IN_CLASS_J4O_policy_callsite	ownership_policy_use	ming_sim/issues.py:7460	写前归属引用公共真源	caller_transaction = not db.owns_transaction()
PROD_txn_site_obeys_single_authority	savepoint	ming_sim/issues.py:7562	生产事务位点须服从单一权威	db.conn.execute("SAVEPOINT cannon_transfer")
PROD_txn_site_obeys_single_authority	savepoint	ming_sim/issues.py:7574	生产事务位点须服从单一权威	db.conn.execute("RELEASE SAVEPOINT cannon_transfer")
PROD_txn_site_obeys_single_authority	savepoint	ming_sim/issues.py:7576	生产事务位点须服从单一权威	db.conn.execute("ROLLBACK TO SAVEPOINT cannon_transfer")
PROD_txn_site_obeys_single_authority	savepoint	ming_sim/issues.py:7577	生产事务位点须服从单一权威	db.conn.execute("RELEASE SAVEPOINT cannon_transfer")
PROD_txn_site_obeys_single_authority	commit_call	ming_sim/issues.py:7581	生产事务位点须服从单一权威	db.conn.commit()
IN_CLASS_J4O_policy_callsite	ownership_policy_use	ming_sim/issues.py:8025	写前归属引用公共真源	external_transaction=not db.owns_transaction(),
PROD_txn_site_obeys_single_authority	savepoint	ming_sim/issues.py:8043	生产事务位点须服从单一权威	db.conn.execute(f"SAVEPOINT {savepoint}")
PROD_txn_site_obeys_single_authority	savepoint	ming_sim/issues.py:8050	生产事务位点须服从单一权威	db.conn.execute(f"ROLLBACK TO {savepoint}")
PROD_txn_site_obeys_single_authority	savepoint	ming_sim/issues.py:8051	生产事务位点须服从单一权威	db.conn.execute(f"RELEASE {savepoint}")
PROD_txn_site_obeys_single_authority	savepoint	ming_sim/issues.py:8055	生产事务位点须服从单一权威	db.conn.execute(f"ROLLBACK TO {savepoint}")
PROD_txn_site_obeys_single_authority	savepoint	ming_sim/issues.py:8056	生产事务位点须服从单一权威	db.conn.execute(f"RELEASE {savepoint}")
PROD_txn_site_obeys_single_authority	savepoint	ming_sim/issues.py:8067	生产事务位点须服从单一权威	db.conn.execute(f"ROLLBACK TO {savepoint}")
PROD_txn_site_obeys_single_authority	savepoint	ming_sim/issues.py:8068	生产事务位点须服从单一权威	db.conn.execute(f"RELEASE {savepoint}")
PROD_txn_site_obeys_single_authority	savepoint	ming_sim/issues.py:8095	生产事务位点须服从单一权威	db.conn.execute(f"SAVEPOINT {savepoint}")
PROD_txn_site_obeys_single_authority	savepoint	ming_sim/issues.py:8105	生产事务位点须服从单一权威	db.conn.execute(f"RELEASE {savepoint}")
PROD_txn_site_obeys_single_authority	savepoint	ming_sim/issues.py:8112	生产事务位点须服从单一权威	db.conn.execute(f"ROLLBACK TO {savepoint}")
PROD_txn_site_obeys_single_authority	savepoint	ming_sim/issues.py:8116	生产事务位点须服从单一权威	db.conn.execute(f"RELEASE {savepoint}")
PROD_txn_site_obeys_single_authority	savepoint	ming_sim/issues.py:8118	生产事务位点须服从单一权威	db.conn.execute(f"ROLLBACK TO {savepoint}")
PROD_txn_site_obeys_single_authority	savepoint	ming_sim/issues.py:8119	生产事务位点须服从单一权威	db.conn.execute(f"RELEASE {savepoint}")
PROD_txn_site_obeys_single_authority	savepoint	ming_sim/issues.py:8125	生产事务位点须服从单一权威	db.conn.execute(f"ROLLBACK TO {savepoint}")
PROD_txn_site_obeys_single_authority	savepoint	ming_sim/issues.py:8126	生产事务位点须服从单一权威	db.conn.execute(f"RELEASE {savepoint}")
PROD_txn_site_obeys_single_authority	commit_call	ming_sim/issues.py:8963	生产事务位点须服从单一权威	db.conn.commit()
PROD_txn_site_obeys_single_authority	commit_call	ming_sim/issues.py:9218	生产事务位点须服从单一权威	db.conn.commit()
PROD_txn_site_obeys_single_authority	commit_call	ming_sim/issues.py:9247	生产事务位点须服从单一权威	db.conn.commit()
PROD_txn_site_obeys_single_authority	commit_call	ming_sim/issues.py:9255	生产事务位点须服从单一权威	db.conn.commit()
PROD_txn_site_obeys_single_authority	pause_depth_flags	ming_sim/flows.py:54	生产事务位点须服从单一权威	if getattr(db.conn, "_commit_suspended", False):
PROD_txn_site_obeys_single_authority	commit_call	ming_sim/flows.py:938	生产事务位点须服从单一权威	db.conn.commit()
PROD_txn_site_obeys_single_authority	commit_call	ming_sim/flows.py:970	生产事务位点须服从单一权威	db.conn.commit()
PROD_txn_site_obeys_single_authority	pause_depth_flags	ming_sim/flows.py:1029	生产事务位点须服从单一权威	if not getattr(db.conn, "_commit_suspended", False):
PROD_txn_site_obeys_single_authority	atomic_boundary	ming_sim/flows.py:1033	生产事务位点须服从单一权威	with atomic(db):
IN_CLASS_J4O_policy_callsite	ownership_policy_use	ming_sim/flows.py:1385	写前归属引用公共真源	owns_transaction = db.owns_transaction()
NOT_CLASS_noise	other	ming_sim/flows.py:1425	噪声/注释/非事务语义	if advanced and owns_transaction:
PROD_txn_site_obeys_single_authority	commit_call	ming_sim/flows.py:1426	生产事务位点须服从单一权威	db.conn.commit()
PROD_txn_site_obeys_single_authority	commit_call	ming_sim/flows.py:1694	生产事务位点须服从单一权威	db.conn.commit()
PROD_txn_site_obeys_single_authority	atomic_boundary	web_app.py:2465	生产事务位点须服从单一权威	with atomic(self.db):
PROD_txn_site_obeys_single_authority	pause_depth_flags	web_app.py:3326	生产事务位点须服从单一权威	（`_commit_suspended=True`）跑财政 tick/硬立项，**到块尾才落 `turn_phase=SETTLING`**
PROD_txn_site_obeys_single_authority	pause_depth_flags	web_app.py:5807	生产事务位点须服从单一权威	# 走同一无锁连接（否则撞 _commit_suspended 守卫成 500）。走 _write_gate → 忙时干净 409
IN_CLASS_J4O_policy_callsite	ownership_policy_use	ming_sim/session.py:47	写前归属引用公共真源	connection_owns_transaction,
PROD_txn_site_obeys_single_authority	savepoint	ming_sim/session.py:332	生产事务位点须服从单一权威	# SAVEPOINT：add_character 写前已完成 seat 校验，但 characters + character_offices
PROD_txn_site_obeys_single_authority	savepoint	ming_sim/session.py:334	生产事务位点须服从单一权威	# RELEASE 之后、且仅当本核拥有事务时发生——否则 SAVEPOINT 期内 commit 会把
PROD_txn_site_obeys_single_authority	savepoint	ming_sim/session.py:335	生产事务位点须服从单一权威	# 整个事务提前提交，随后 RELEASE 无点。
IN_CLASS_J4O_policy_callsite	ownership_policy_use	ming_sim/session.py:336	写前归属引用公共真源	owns_transaction = connection_owns_transaction(db.conn)
PROD_txn_site_obeys_single_authority	savepoint	ming_sim/session.py:338	生产事务位点须服从单一权威	db.conn.execute(f"SAVEPOINT {savepoint}")
PROD_txn_site_obeys_single_authority	savepoint	ming_sim/session.py:347	生产事务位点须服从单一权威	db.conn.execute(f"ROLLBACK TO SAVEPOINT {savepoint}")
PROD_txn_site_obeys_single_authority	savepoint	ming_sim/session.py:348	生产事务位点须服从单一权威	db.conn.execute(f"RELEASE SAVEPOINT {savepoint}")
PROD_txn_site_obeys_single_authority	savepoint	ming_sim/session.py:352	生产事务位点须服从单一权威	db.conn.execute(f"RELEASE SAVEPOINT {savepoint}")
NOT_CLASS_noise	other	ming_sim/session.py:353	噪声/注释/非事务语义	if owns_transaction:
PROD_txn_site_obeys_single_authority	commit_call	ming_sim/session.py:354	生产事务位点须服从单一权威	db.conn.commit()
PROD_txn_site_obeys_single_authority	atomic_boundary	ming_sim/session.py:659	生产事务位点须服从单一权威	with atomic(self.db):
PROD_txn_site_obeys_single_authority	atomic_boundary	ming_sim/session.py:941	生产事务位点须服从单一权威	with atomic(self.db):
PROD_txn_site_obeys_single_authority	atomic_boundary	ming_sim/session.py:960	生产事务位点须服从单一权威	with atomic(self.db):
PROD_txn_site_obeys_single_authority	pause_depth_flags	ming_sim/session.py:1242	生产事务位点须服从单一权威	not bool(getattr(self.db.conn, "_commit_suspended", False))
PROD_txn_site_obeys_single_authority	pause_depth_flags	ming_sim/session.py:1243	生产事务位点须服从单一权威	and int(getattr(self.db.conn, "_atomic_depth", 0) or 0) == 0
PROD_txn_site_obeys_single_authority	commit_call	ming_sim/session.py:1245	生产事务位点须服从单一权威	self.db.conn.commit()
IN_CLASS_J4O_policy_callsite	ownership_policy_use	ming_sim/entities/affair/store.py:9	写前归属引用公共真源	from ming_sim.applier import connection_owns_transaction, sanitize_sqlite_text
IN_CLASS_J4O_policy_callsite	ownership_policy_use	ming_sim/entities/affair/store.py:104	写前归属引用公共真源	owns = connection_owns_transaction(self._conn)
PROD_txn_site_obeys_single_authority	commit_call	ming_sim/entities/affair/store.py:119	生产事务位点须服从单一权威	self._conn.commit()
IN_CLASS_J4O_policy_callsite	ownership_policy_use	ming_sim/entities/affair/store.py:144	写前归属引用公共真源	owns = connection_owns_transaction(self._conn)
PROD_txn_site_obeys_single_authority	commit_call	ming_sim/entities/affair/store.py:150	生产事务位点须服从单一权威	self._conn.commit()
IN_CLASS_J4O_policy_callsite	ownership_policy_use	ming_sim/entities/affair/store.py:272	写前归属引用公共真源	owns = connection_owns_transaction(self._conn)
PROD_txn_site_obeys_single_authority	commit_call	ming_sim/entities/affair/store.py:282	生产事务位点须服从单一权威	self._conn.commit()
PROD_txn_site_obeys_single_authority	commit_call	ming_sim/breach_plea.py:425	生产事务位点须服从单一权威	db.conn.commit()
PROD_txn_site_obeys_single_authority	commit_call	ming_sim/breach_plea.py:786	生产事务位点须服从单一权威	db.conn.commit()
PROD_txn_site_obeys_single_authority	commit_call	ming_sim/breach_plea.py:818	生产事务位点须服从单一权威	db.conn.commit()
PROD_txn_site_obeys_single_authority	commit_call	ming_sim/breach_plea.py:866	生产事务位点须服从单一权威	db.conn.commit()
PROD_txn_site_obeys_single_authority	commit_call	ming_sim/breach_plea.py:1215	生产事务位点须服从单一权威	db.conn.commit()
PROD_txn_site_obeys_single_authority	commit_call	ming_sim/breach_plea.py:1409	生产事务位点须服从单一权威	db.conn.commit()
PROD_txn_site_obeys_single_authority	pause_depth_flags	ming_sim/decree.py:927	生产事务位点须服从单一权威	if getattr(db.conn, "_atomic_depth", 0) > 0:
NOT_CLASS_noise	other	ming_sim/decree.py:960	噪声/注释/非事务语义	def atomic_and_reload(
PROD_txn_site_obeys_single_authority	atomic_boundary	ming_sim/decree.py:967	生产事务位点须服从单一权威	"""`with atomic(db)` + 「最外层异常回滚后从 DB 重载内存」的公共内核（ADR 0008 S4）。
PROD_txn_site_obeys_single_authority	atomic_boundary	ming_sim/decree.py:972	生产事务位点须服从单一权威	- body 包进 `with atomic(db)`，正常退出由 atomic 统一提交（嵌套时由最外层落定）。
PROD_txn_site_obeys_single_authority	pause_depth_flags	ming_sim/decree.py:973	生产事务位点须服从单一权威	- body 抛 BaseException 时：先（若有）调 on_error(exc)，再仅当 `_atomic_depth==0`（本层
PROD_txn_site_obeys_single_authority	atomic_boundary	ming_sim/decree.py:984	生产事务位点须服从单一权威	with atomic(db):
PROD_txn_site_obeys_single_authority	pause_depth_flags	ming_sim/decree.py:989	生产事务位点须服从单一权威	if getattr(db.conn, "_atomic_depth", 0) == 0:
PROD_txn_site_obeys_single_authority	commit_call	ming_sim/decree.py:1052	生产事务位点须服从单一权威	db.conn.commit()
IN_CLASS_J4O_policy_callsite	ownership_policy_use	ming_sim/entities/textual_fact/store.py:8	写前归属引用公共真源	from ming_sim.applier import connection_owns_transaction, sanitize_sqlite_text
IN_CLASS_J4O_policy_callsite	ownership_policy_use	ming_sim/entities/textual_fact/store.py:81	写前归属引用公共真源	owns = connection_owns_transaction(self._conn)
PROD_txn_site_obeys_single_authority	commit_call	ming_sim/entities/textual_fact/store.py:89	生产事务位点须服从单一权威	self._conn.commit()
PROD_txn_site_obeys_single_authority	commit_call	ming_sim/urge_lever.py:358	生产事务位点须服从单一权威	db.conn.commit()
PROD_txn_site_obeys_single_authority	commit_call	ming_sim/urge_lever.py:436	生产事务位点须服从单一权威	db.conn.commit()
PROD_txn_site_obeys_single_authority	commit_call	ming_sim/applier.py:51	生产事务位点须服从单一权威	GameDB 全库 79 处 self.conn.commit() 在 atomic 内自动失效、由最外层统一提交，
IN_CLASS_J4O_authority_impl	pause_depth_flags	ming_sim/applier.py:55	唯一权威：归属判据与 atomic 实际提交/回滚必须一致；借用外层不得抢 COMMIT/ROLLBACK；rollback-only 措辞须如实	_commit_suspended 默认 off：保证 GameDB.__init__ 紧接的 init_schema 建表照常提交。
IN_CLASS_J4O_authority_impl	pause_depth_flags	ming_sim/applier.py:65	唯一权威：归属判据与 atomic 实际提交/回滚必须一致；借用外层不得抢 COMMIT/ROLLBACK；rollback-only 措辞须如实	_commit_suspended = False
IN_CLASS_J4O_authority_impl	pause_depth_flags	ming_sim/applier.py:68	唯一权威：归属判据与 atomic 实际提交/回滚必须一致；借用外层不得抢 COMMIT/ROLLBACK；rollback-only 措辞须如实	if self._commit_suspended:
PROD_txn_site_obeys_single_authority	commit_call	ming_sim/applier.py:72	生产事务位点须服从单一权威	super().commit()
PROD_txn_site_obeys_single_authority	rollback_call	ming_sim/applier.py:86	生产事务位点须服从单一权威	super().rollback()
IN_CLASS_J4O_authority_impl	pause_depth_flags	ming_sim/applier.py:98	唯一权威：归属判据与 atomic 实际提交/回滚必须一致；借用外层不得抢 COMMIT/ROLLBACK；rollback-only 措辞须如实	if self._commit_suspended:
PROD_txn_site_obeys_single_authority	begin	ming_sim/applier.py:99	生产事务位点须服从单一权威	# 中途回滚（显式或 with conn: 异常）结束了 BEGIN 的事务；立即重开，
PROD_txn_site_obeys_single_authority	begin	ming_sim/applier.py:102	生产事务位点须服从单一权威	self.execute("BEGIN")
PROD_txn_site_obeys_single_authority	commit_call	ming_sim/applier.py:114	生产事务位点须服从单一权威	self.commit()
PROD_txn_site_obeys_single_authority	rollback_call	ming_sim/applier.py:117	生产事务位点须服从单一权威	self.rollback()
IN_CLASS_J4O_authority_impl	pause_depth_flags	ming_sim/applier.py:120	唯一权威：归属判据与 atomic 实际提交/回滚必须一致；借用外层不得抢 COMMIT/ROLLBACK；rollback-only 措辞须如实	if self._commit_suspended:
IN_CLASS_J4O_authority_impl	pause_depth_flags	ming_sim/applier.py:123	唯一权威：归属判据与 atomic 实际提交/回滚必须一致；借用外层不得抢 COMMIT/ROLLBACK；rollback-only 措辞须如实	self._atomic_rollback_only = True
PROD_txn_site_obeys_single_authority	rollback_call	ming_sim/applier.py:124	生产事务位点须服从单一权威	self.rollback()
IN_CLASS_J4O_authority_impl	pause_depth_flags	ming_sim/applier.py:128	唯一权威：归属判据与 atomic 实际提交/回滚必须一致；借用外层不得抢 COMMIT/ROLLBACK；rollback-only 措辞须如实	if self._commit_suspended:
IN_CLASS_J4O_authority_impl	ownership_authority_def	ming_sim/applier.py:136	唯一权威：归属判据与 atomic 实际提交/回滚必须一致；借用外层不得抢 COMMIT/ROLLBACK；rollback-only 措辞须如实	def connection_owns_transaction(conn: Any) -> bool:
PROD_txn_site_obeys_single_authority	begin	ming_sim/applier.py:140	生产事务位点须服从单一权威	outer atomic/BEGIN already owns the transaction.
IN_CLASS_J4O_authority_impl	pause_depth_flags	ming_sim/applier.py:143	唯一权威：归属判据与 atomic 实际提交/回滚必须一致；借用外层不得抢 COMMIT/ROLLBACK；rollback-only 措辞须如实	bool(getattr(conn, "_commit_suspended", False))
IN_CLASS_J4O_authority_impl	pause_depth_flags	ming_sim/applier.py:144	唯一权威：归属判据与 atomic 实际提交/回滚必须一致；借用外层不得抢 COMMIT/ROLLBACK；rollback-only 措辞须如实	or int(getattr(conn, "_atomic_depth", 0) or 0) > 0
PROD_txn_site_obeys_single_authority	in_transaction_probe	ming_sim/applier.py:145	生产事务位点须服从单一权威	or conn.in_transaction
IN_CLASS_J4O_authority_impl	atomic_boundary	ming_sim/applier.py:150	唯一权威：归属判据与 atomic 实际提交/回滚必须一致；借用外层不得抢 COMMIT/ROLLBACK；rollback-only 措辞须如实	def atomic(db: Any) -> Iterator[None]:
PROD_txn_site_obeys_single_authority	commit_call	ming_sim/applier.py:153	生产事务位点须服从单一权威	进入：置暂停标志，期内全部 self.conn.commit() 变 no-op。
IN_CLASS_J4O_policy_callsite	ownership_policy_use	ming_sim/applier.py:164	写前归属引用公共真源	与 :func:`connection_owns_transaction` 同一归属契约：外层已 BEGIN / 已在
IN_CLASS_J4O_authority_impl	pause_depth_flags	ming_sim/applier.py:178	唯一权威：归属判据与 atomic 实际提交/回滚必须一致；借用外层不得抢 COMMIT/ROLLBACK；rollback-only 措辞须如实	depth = getattr(conn, "_atomic_depth", 0) + 1
PROD_txn_site_obeys_single_authority	begin	ming_sim/applier.py:179	生产事务位点须服从单一权威	# 本层是否开了事务：已有外层 BEGIN/atomic 时借用，不得在退出时抢提交。
IN_CLASS_J4O_authority_impl	pause_depth_flags	ming_sim/applier.py:180	唯一权威：归属判据与 atomic 实际提交/回滚必须一致；借用外层不得抢 COMMIT/ROLLBACK；rollback-only 措辞须如实	started_here = False
PROD_txn_site_obeys_single_authority	begin	ming_sim/applier.py:181	生产事务位点须服从单一权威	# 状态变更全部在 try 内：BEGIN 抛错 / KeyboardInterrupt 落在入口窗口时，
IN_CLASS_J4O_authority_impl	pause_depth_flags	ming_sim/applier.py:185	唯一权威：归属判据与 atomic 实际提交/回滚必须一致；借用外层不得抢 COMMIT/ROLLBACK；rollback-only 措辞须如实	conn._commit_suspended = True
IN_CLASS_J4O_authority_impl	pause_depth_flags	ming_sim/applier.py:186	唯一权威：归属判据与 atomic 实际提交/回滚必须一致；借用外层不得抢 COMMIT/ROLLBACK；rollback-only 措辞须如实	conn._atomic_depth = depth
PROD_txn_site_obeys_single_authority	in_transaction_probe	ming_sim/applier.py:187	生产事务位点须服从单一权威	if depth == 1 and not conn.in_transaction:
PROD_txn_site_obeys_single_authority	begin	ming_sim/applier.py:188	生产事务位点须服从单一权威	# legacy 模式只有 DML 隐式开事务；不显式 BEGIN 的话，DDL 打头的
PROD_txn_site_obeys_single_authority	begin	ming_sim/applier.py:190	生产事务位点须服从单一权威	conn.execute("BEGIN")
IN_CLASS_J4O_authority_impl	pause_depth_flags	ming_sim/applier.py:191	唯一权威：归属判据与 atomic 实际提交/回滚必须一致；借用外层不得抢 COMMIT/ROLLBACK；rollback-only 措辞须如实	started_here = True
IN_CLASS_J4O_authority_impl	pause_depth_flags	ming_sim/applier.py:194	唯一权威：归属判据与 atomic 实际提交/回滚必须一致；借用外层不得抢 COMMIT/ROLLBACK；rollback-only 措辞须如实	conn._atomic_depth = depth - 1
IN_CLASS_J4O_authority_impl	pause_depth_flags	ming_sim/applier.py:196	唯一权威：归属判据与 atomic 实际提交/回滚必须一致；借用外层不得抢 COMMIT/ROLLBACK；rollback-only 措辞须如实	conn._atomic_rollback_only = False
IN_CLASS_J4O_authority_impl	pause_depth_flags	ming_sim/applier.py:197	唯一权威：归属判据与 atomic 实际提交/回滚必须一致；借用外层不得抢 COMMIT/ROLLBACK；rollback-only 措辞须如实	conn._commit_suspended = False
IN_CLASS_J4O_authority_impl	pause_depth_flags	ming_sim/applier.py:198	唯一权威：归属判据与 atomic 实际提交/回滚必须一致；借用外层不得抢 COMMIT/ROLLBACK；rollback-only 措辞须如实	if started_here:
PROD_txn_site_obeys_single_authority	rollback_call	ming_sim/applier.py:199	生产事务位点须服从单一权威	conn.rollback()
IN_CLASS_J4O_authority_impl	pause_depth_flags	ming_sim/applier.py:202	唯一权威：归属判据与 atomic 实际提交/回滚必须一致；借用外层不得抢 COMMIT/ROLLBACK；rollback-only 措辞须如实	conn._atomic_rollback_only = True
IN_CLASS_J4O_authority_impl	pause_depth_flags	ming_sim/applier.py:205	唯一权威：归属判据与 atomic 实际提交/回滚必须一致；借用外层不得抢 COMMIT/ROLLBACK；rollback-only 措辞须如实	conn._atomic_depth = depth - 1
IN_CLASS_J4O_authority_impl	pause_depth_flags	ming_sim/applier.py:207	唯一权威：归属判据与 atomic 实际提交/回滚必须一致；借用外层不得抢 COMMIT/ROLLBACK；rollback-only 措辞须如实	conn._commit_suspended = False
IN_CLASS_J4O_authority_impl	pause_depth_flags	ming_sim/applier.py:208	唯一权威：归属判据与 atomic 实际提交/回滚必须一致；借用外层不得抢 COMMIT/ROLLBACK；rollback-only 措辞须如实	if getattr(conn, "_atomic_rollback_only", False):
IN_CLASS_J4O_authority_impl	pause_depth_flags	ming_sim/applier.py:209	唯一权威：归属判据与 atomic 实际提交/回滚必须一致；借用外层不得抢 COMMIT/ROLLBACK；rollback-only 措辞须如实	conn._atomic_rollback_only = False
IN_CLASS_J4O_authority_impl	pause_depth_flags	ming_sim/applier.py:210	唯一权威：归属判据与 atomic 实际提交/回滚必须一致；借用外层不得抢 COMMIT/ROLLBACK；rollback-only 措辞须如实	if started_here:
PROD_txn_site_obeys_single_authority	rollback_call	ming_sim/applier.py:211	生产事务位点须服从单一权威	conn.rollback()
PROD_txn_site_obeys_single_authority	begin	ming_sim/applier.py:216	生产事务位点须服从单一权威	# 借用外层 BEGIN/atomic：本层不得抢先 ROLLBACK；只响亮要求外层整体回滚。
IN_CLASS_J4O_authority_impl	pause_depth_flags	ming_sim/applier.py:222	唯一权威：归属判据与 atomic 实际提交/回滚必须一致；借用外层不得抢 COMMIT/ROLLBACK；rollback-only 措辞须如实	if not started_here:
PROD_txn_site_obeys_single_authority	commit_call	ming_sim/applier.py:226	生产事务位点须服从单一权威	conn.commit()
PROD_txn_site_obeys_single_authority	rollback_call	ming_sim/applier.py:229	生产事务位点须服从单一权威	conn.rollback()
IN_CLASS_J4O_authority_impl	pause_depth_flags	ming_sim/applier.py:419	唯一权威：归属判据与 atomic 实际提交/回滚必须一致；借用外层不得抢 COMMIT/ROLLBACK；rollback-only 措辞须如实	if getattr(db.conn, "_atomic_depth", 0) == 0:
PROD_txn_site_obeys_single_authority	atomic_boundary	ming_sim/centrifuge_ledger.py:195	生产事务位点须服从单一权威	with atomic(db):
PROD_txn_site_obeys_single_authority	atomic_boundary	ming_sim/centrifuge_ledger.py:346	生产事务位点须服从单一权威	with atomic(db):
PROD_txn_site_obeys_single_authority	commit_call	ming_sim/army_pay.py:449	生产事务位点须服从单一权威	db.conn.commit()
PROD_txn_site_obeys_single_authority	pause_depth_flags	ming_sim/covert_progress.py:1529	生产事务位点须服从单一权威	if commit and int(getattr(db.conn, "_atomic_depth", 0) or 0) == 0:
PROD_txn_site_obeys_single_authority	commit_call	ming_sim/covert_progress.py:1530	生产事务位点须服从单一权威	db.conn.commit()
PROD_txn_site_obeys_single_authority	pause_depth_flags	ming_sim/covert_progress.py:1870	生产事务位点须服从单一权威	if commit and int(getattr(db.conn, "_atomic_depth", 0) or 0) == 0:
PROD_txn_site_obeys_single_authority	commit_call	ming_sim/covert_progress.py:1871	生产事务位点须服从单一权威	db.conn.commit()
PROD_txn_site_obeys_single_authority	pause_depth_flags	ming_sim/covert_progress.py:2091	生产事务位点须服从单一权威	if commit and int(getattr(db.conn, "_atomic_depth", 0) or 0) == 0:
PROD_txn_site_obeys_single_authority	commit_call	ming_sim/covert_progress.py:2092	生产事务位点须服从单一权威	db.conn.commit()
PROD_txn_site_obeys_single_authority	atomic_boundary	ming_sim/cli/terminal.py:365	生产事务位点须服从单一权威	with atomic(session.db):
IN_CLASS_J4O_policy_callsite	ownership_policy_use	ming_sim/entities/staged_declaration/store.py:17	写前归属引用公共真源	from ming_sim.applier import atomic, connection_owns_transaction, sanitize_sqlite_text
IN_CLASS_J4O_policy_callsite	ownership_policy_use	ming_sim/entities/staged_declaration/store.py:121	写前归属引用公共真源	if connection_owns_transaction(self._conn):
PROD_txn_site_obeys_single_authority	atomic_boundary	ming_sim/entities/staged_declaration/store.py:122	生产事务位点须服从单一权威	with atomic(SimpleNamespace(conn=self._conn)):
IN_CLASS_J4O_policy_callsite	ownership_policy_use	ming_sim/entities/staged_declaration/store.py:155	写前归属引用公共真源	if connection_owns_transaction(self._conn):
PROD_txn_site_obeys_single_authority	atomic_boundary	ming_sim/entities/staged_declaration/store.py:156	生产事务位点须服从单一权威	with atomic(SimpleNamespace(conn=self._conn)):
IN_CLASS_J4O_policy_callsite	ownership_policy_use	ming_sim/entities/staged_declaration/store.py:230	写前归属引用公共真源	owns = connection_owns_transaction(self._conn)
PROD_txn_site_obeys_single_authority	commit_call	ming_sim/entities/staged_declaration/store.py:237	生产事务位点须服从单一权威	self._conn.commit()
IN_CLASS_J4O_policy_callsite	ownership_policy_use	ming_sim/entities/staged_declaration/store.py:242	写前归属引用公共真源	owns = connection_owns_transaction(self._conn)
PROD_txn_site_obeys_single_authority	commit_call	ming_sim/entities/staged_declaration/store.py:249	生产事务位点须服从单一权威	self._conn.commit()
IN_CLASS_J4O_policy_callsite	ownership_policy_use	ming_sim/db.py:18	写前归属引用公共真源	from ming_sim.applier import atomic, connection_owns_transaction, safe_json_dumps, sanitize_sqlite_text
NOT_CLASS_noise	ownership_authority_def	ming_sim/db.py:979	噪声/注释/非事务语义	def owns_transaction(self) -> bool:
IN_CLASS_J4O_policy_callsite	ownership_policy_use	ming_sim/db.py:981	写前归属引用公共真源	return connection_owns_transaction(self.conn)
PROD_txn_site_obeys_single_authority	commit_call	ming_sim/db.py:2466	生产事务位点须服从单一权威	self.conn.commit()
PROD_txn_site_obeys_single_authority	commit_call	ming_sim/db.py:2696	生产事务位点须服从单一权威	self.conn.commit()
PROD_txn_site_obeys_single_authority	commit_call	ming_sim/db.py:2725	生产事务位点须服从单一权威	self.conn.commit()
PROD_txn_site_obeys_single_authority	commit_call	ming_sim/db.py:2738	生产事务位点须服从单一权威	self.conn.commit()
PROD_txn_site_obeys_single_authority	commit_call	ming_sim/db.py:2748	生产事务位点须服从单一权威	self.conn.commit()
PROD_txn_site_obeys_single_authority	commit_call	ming_sim/db.py:2830	生产事务位点须服从单一权威	self.conn.commit()
PROD_txn_site_obeys_single_authority	commit_call	ming_sim/db.py:2915	生产事务位点须服从单一权威	self.conn.commit()
IN_CLASS_J4O_policy_callsite	ownership_policy_use	ming_sim/db.py:3009	写前归属引用公共真源	owns_transaction = self.owns_transaction() if commit else False
NOT_CLASS_noise	other	ming_sim/db.py:3014	噪声/注释/非事务语义	if commit and owns_transaction:
PROD_txn_site_obeys_single_authority	commit_call	ming_sim/db.py:3015	生产事务位点须服从单一权威	self.conn.commit()
IN_CLASS_J4O_policy_callsite	ownership_policy_use	ming_sim/db.py:3018	写前归属引用公共真源	owns_transaction = self.owns_transaction() if commit else False
NOT_CLASS_noise	other	ming_sim/db.py:3025	噪声/注释/非事务语义	if commit and owns_transaction:
PROD_txn_site_obeys_single_authority	commit_call	ming_sim/db.py:3026	生产事务位点须服从单一权威	self.conn.commit()
PROD_txn_site_obeys_single_authority	commit_call	ming_sim/db.py:3091	生产事务位点须服从单一权威	self.conn.commit()
PROD_txn_site_obeys_single_authority	commit_call	ming_sim/db.py:3139	生产事务位点须服从单一权威	self.conn.commit()
PROD_txn_site_obeys_single_authority	commit_call	ming_sim/db.py:3346	生产事务位点须服从单一权威	self.conn.commit()
PROD_txn_site_obeys_single_authority	commit_call	ming_sim/db.py:3401	生产事务位点须服从单一权威	self.conn.commit()
PROD_txn_site_obeys_single_authority	commit_call	ming_sim/db.py:3455	生产事务位点须服从单一权威	self.conn.commit()
PROD_txn_site_obeys_single_authority	commit_call	ming_sim/db.py:4044	生产事务位点须服从单一权威	self.conn.commit()
PROD_txn_site_obeys_single_authority	commit_call	ming_sim/db.py:4085	生产事务位点须服从单一权威	self.conn.commit()
PROD_txn_site_obeys_single_authority	commit_call	ming_sim/db.py:5298	生产事务位点须服从单一权威	self.conn.commit()  # DDL 显式提交，保证 drop 跨打开/环境持久（Gemini PR R3；init_schema
PROD_txn_site_obeys_single_authority	commit_call	ming_sim/db.py:5364	生产事务位点须服从单一权威	self.conn.commit()
PROD_txn_site_obeys_single_authority	commit_call	ming_sim/db.py:5414	生产事务位点须服从单一权威	self.conn.commit()
PROD_txn_site_obeys_single_authority	commit_call	ming_sim/db.py:5474	生产事务位点须服从单一权威	self.conn.commit()
PROD_txn_site_obeys_single_authority	commit_call	ming_sim/db.py:5511	生产事务位点须服从单一权威	self.conn.commit()
PROD_txn_site_obeys_single_authority	commit_call	ming_sim/db.py:5541	生产事务位点须服从单一权威	self.conn.commit()
PROD_txn_site_obeys_single_authority	commit_call	ming_sim/db.py:5589	生产事务位点须服从单一权威	self.conn.commit()
PROD_txn_site_obeys_single_authority	commit_call	ming_sim/db.py:5627	生产事务位点须服从单一权威	self.conn.commit()
PROD_txn_site_obeys_single_authority	commit_call	ming_sim/db.py:5651	生产事务位点须服从单一权威	self.conn.commit()
PROD_txn_site_obeys_single_authority	commit_call	ming_sim/db.py:5670	生产事务位点须服从单一权威	self.conn.commit()
PROD_txn_site_obeys_single_authority	commit_call	ming_sim/db.py:5766	生产事务位点须服从单一权威	self.conn.commit()
PROD_txn_site_obeys_single_authority	commit_call	ming_sim/db.py:5805	生产事务位点须服从单一权威	self.conn.commit()
PROD_txn_site_obeys_single_authority	commit_call	ming_sim/db.py:5859	生产事务位点须服从单一权威	self.conn.commit()
PROD_txn_site_obeys_single_authority	commit_call	ming_sim/db.py:6131	生产事务位点须服从单一权威	self.conn.commit()
PROD_txn_site_obeys_single_authority	commit_call	ming_sim/db.py:6230	生产事务位点须服从单一权威	self.conn.commit()
PROD_txn_site_obeys_single_authority	commit_call	ming_sim/db.py:6288	生产事务位点须服从单一权威	self.conn.commit()
PROD_txn_site_obeys_single_authority	commit_call	ming_sim/db.py:6416	生产事务位点须服从单一权威	self.conn.commit()
PROD_txn_site_obeys_single_authority	savepoint	ming_sim/db.py:6455	生产事务位点须服从单一权威	# waiting on a later outer commit. SAVEPOINT isolation is complementary,
PROD_txn_site_obeys_single_authority	commit_call	ming_sim/db.py:6514	生产事务位点须服从单一权威	self.conn.commit()
PROD_txn_site_obeys_single_authority	commit_call	ming_sim/db.py:6526	生产事务位点须服从单一权威	self.conn.commit()
PROD_txn_site_obeys_single_authority	commit_call	ming_sim/db.py:6550	生产事务位点须服从单一权威	self.conn.commit()
PROD_txn_site_obeys_single_authority	commit_call	ming_sim/db.py:6867	生产事务位点须服从单一权威	self.conn.commit()
PROD_txn_site_obeys_single_authority	commit_call	ming_sim/db.py:7118	生产事务位点须服从单一权威	self.conn.commit()
PROD_txn_site_obeys_single_authority	commit_call	ming_sim/db.py:7173	生产事务位点须服从单一权威	self.conn.commit()
PROD_txn_site_obeys_single_authority	commit_call	ming_sim/db.py:7636	生产事务位点须服从单一权威	self.conn.commit()
PROD_txn_site_obeys_single_authority	commit_call	ming_sim/db.py:8375	生产事务位点须服从单一权威	self.conn.commit()
PROD_txn_site_obeys_single_authority	commit_call	ming_sim/db.py:8664	生产事务位点须服从单一权威	self.conn.commit()
PROD_txn_site_obeys_single_authority	commit_call	ming_sim/db.py:8734	生产事务位点须服从单一权威	self.conn.commit()
PROD_txn_site_obeys_single_authority	commit_call	ming_sim/db.py:8760	生产事务位点须服从单一权威	self.conn.commit()
PROD_txn_site_obeys_single_authority	commit_call	ming_sim/db.py:8854	生产事务位点须服从单一权威	self.conn.commit()
PROD_txn_site_obeys_single_authority	commit_call	ming_sim/db.py:9003	生产事务位点须服从单一权威	self.conn.commit()
PROD_txn_site_obeys_single_authority	commit_call	ming_sim/db.py:9112	生产事务位点须服从单一权威	self.conn.commit()
PROD_txn_site_obeys_single_authority	commit_call	ming_sim/db.py:9131	生产事务位点须服从单一权威	self.conn.commit()
PROD_txn_site_obeys_single_authority	pause_depth_flags	ming_sim/db.py:9357	生产事务位点须服从单一权威	not bool(getattr(self.conn, "_commit_suspended", False))
PROD_txn_site_obeys_single_authority	pause_depth_flags	ming_sim/db.py:9358	生产事务位点须服从单一权威	and int(getattr(self.conn, "_atomic_depth", 0) or 0) == 0
PROD_txn_site_obeys_single_authority	commit_call	ming_sim/db.py:9360	生产事务位点须服从单一权威	self.conn.commit()
PROD_txn_site_obeys_single_authority	commit_call	ming_sim/db.py:9503	生产事务位点须服从单一权威	self.conn.commit()
PROD_txn_site_obeys_single_authority	commit_call	ming_sim/db.py:9511	生产事务位点须服从单一权威	self.conn.commit()
PROD_txn_site_obeys_single_authority	commit_call	ming_sim/db.py:9520	生产事务位点须服从单一权威	self.conn.commit()
PROD_txn_site_obeys_single_authority	commit_call	ming_sim/db.py:9529	生产事务位点须服从单一权威	self.conn.commit()
PROD_txn_site_obeys_single_authority	commit_call	ming_sim/db.py:9537	生产事务位点须服从单一权威	self.conn.commit()
PROD_txn_site_obeys_single_authority	commit_call	ming_sim/db.py:9547	生产事务位点须服从单一权威	self.conn.commit()
PROD_txn_site_obeys_single_authority	pause_depth_flags	ming_sim/db.py:9642	生产事务位点须服从单一权威	not bool(getattr(self.conn, "_commit_suspended", False))
PROD_txn_site_obeys_single_authority	pause_depth_flags	ming_sim/db.py:9643	生产事务位点须服从单一权威	and int(getattr(self.conn, "_atomic_depth", 0) or 0) == 0
PROD_txn_site_obeys_single_authority	commit_call	ming_sim/db.py:9645	生产事务位点须服从单一权威	self.conn.commit()
PROD_txn_site_obeys_single_authority	commit_call	ming_sim/db.py:9672	生产事务位点须服从单一权威	self.conn.commit()
PROD_txn_site_obeys_single_authority	commit_call	ming_sim/db.py:9680	生产事务位点须服从单一权威	self.conn.commit()
PROD_txn_site_obeys_single_authority	commit_call	ming_sim/db.py:9696	生产事务位点须服从单一权威	self.conn.commit()
PROD_txn_site_obeys_single_authority	commit_call	ming_sim/db.py:9789	生产事务位点须服从单一权威	self.conn.commit()
PROD_txn_site_obeys_single_authority	commit_call	ming_sim/db.py:10051	生产事务位点须服从单一权威	self.conn.commit()
PROD_txn_site_obeys_single_authority	commit_call	ming_sim/db.py:10060	生产事务位点须服从单一权威	self.conn.commit()
PROD_txn_site_obeys_single_authority	commit_call	ming_sim/db.py:10518	生产事务位点须服从单一权威	self.conn.commit()
PROD_txn_site_obeys_single_authority	commit_call	ming_sim/db.py:10723	生产事务位点须服从单一权威	self.conn.commit()
PROD_txn_site_obeys_single_authority	commit_call	ming_sim/db.py:10970	生产事务位点须服从单一权威	self.conn.commit()
PROD_txn_site_obeys_single_authority	commit_call	ming_sim/db.py:11038	生产事务位点须服从单一权威	self.conn.commit()
PROD_txn_site_obeys_single_authority	pause_depth_flags	ming_sim/db.py:11850	生产事务位点须服从单一权威	if commit and not bool(getattr(self.conn, "_commit_suspended", False)) and int(
PROD_txn_site_obeys_single_authority	pause_depth_flags	ming_sim/db.py:11851	生产事务位点须服从单一权威	getattr(self.conn, "_atomic_depth", 0) or 0
PROD_txn_site_obeys_single_authority	commit_call	ming_sim/db.py:11853	生产事务位点须服从单一权威	self.conn.commit()
PROD_txn_site_obeys_single_authority	commit_call	ming_sim/db.py:12622	生产事务位点须服从单一权威	self.conn.commit()
PROD_txn_site_obeys_single_authority	commit_call	ming_sim/db.py:12658	生产事务位点须服从单一权威	self.conn.commit()
PROD_txn_site_obeys_single_authority	commit_call	ming_sim/db.py:12673	生产事务位点须服从单一权威	self.conn.commit()
PROD_txn_site_obeys_single_authority	commit_call	ming_sim/db.py:12714	生产事务位点须服从单一权威	self.conn.commit()
PROD_txn_site_obeys_single_authority	commit_call	ming_sim/db.py:13332	生产事务位点须服从单一权威	self.conn.commit()
PROD_txn_site_obeys_single_authority	commit_call	ming_sim/db.py:13510	生产事务位点须服从单一权威	self.conn.commit()
PROD_txn_site_obeys_single_authority	atomic_boundary	ming_sim/db.py:15390	生产事务位点须服从单一权威	with atomic(self):
PROD_txn_site_obeys_single_authority	commit_call	ming_sim/db.py:15860	生产事务位点须服从单一权威	self.conn.commit()
PROD_txn_site_obeys_single_authority	commit_call	ming_sim/db.py:15955	生产事务位点须服从单一权威	self.conn.commit()
PROD_txn_site_obeys_single_authority	atomic_boundary	ming_sim/db.py:16223	生产事务位点须服从单一权威	with atomic(self):
IN_CLASS_J4O_policy_callsite	ownership_policy_use	ming_sim/db.py:17258	写前归属引用公共真源	# 不可用 owns_transaction()——INSERT 已打开隐式事务时它恒 False。
PROD_txn_site_obeys_single_authority	pause_depth_flags	ming_sim/db.py:17260	生产事务位点须服从单一权威	not bool(getattr(self.conn, "_commit_suspended", False))
PROD_txn_site_obeys_single_authority	pause_depth_flags	ming_sim/db.py:17261	生产事务位点须服从单一权威	and int(getattr(self.conn, "_atomic_depth", 0) or 0) == 0
PROD_txn_site_obeys_single_authority	commit_call	ming_sim/db.py:17263	生产事务位点须服从单一权威	self.conn.commit()
PROD_txn_site_obeys_single_authority	pause_depth_flags	ming_sim/db.py:17310	生产事务位点须服从单一权威	not bool(getattr(self.conn, "_commit_suspended", False))
PROD_txn_site_obeys_single_authority	pause_depth_flags	ming_sim/db.py:17311	生产事务位点须服从单一权威	and int(getattr(self.conn, "_atomic_depth", 0) or 0) == 0
PROD_txn_site_obeys_single_authority	commit_call	ming_sim/db.py:17313	生产事务位点须服从单一权威	self.conn.commit()
PROD_txn_site_obeys_single_authority	pause_depth_flags	ming_sim/db.py:17388	生产事务位点须服从单一权威	not bool(getattr(self.conn, "_commit_suspended", False))
PROD_txn_site_obeys_single_authority	pause_depth_flags	ming_sim/db.py:17389	生产事务位点须服从单一权威	and int(getattr(self.conn, "_atomic_depth", 0) or 0) == 0
PROD_txn_site_obeys_single_authority	commit_call	ming_sim/db.py:17391	生产事务位点须服从单一权威	self.conn.commit()
PROD_txn_site_obeys_single_authority	pause_depth_flags	ming_sim/db.py:17422	生产事务位点须服从单一权威	not bool(getattr(self.conn, "_commit_suspended", False))
PROD_txn_site_obeys_single_authority	pause_depth_flags	ming_sim/db.py:17423	生产事务位点须服从单一权威	and int(getattr(self.conn, "_atomic_depth", 0) or 0) == 0
PROD_txn_site_obeys_single_authority	commit_call	ming_sim/db.py:17425	生产事务位点须服从单一权威	self.conn.commit()
PROD_txn_site_obeys_single_authority	commit_call	ming_sim/db.py:17500	生产事务位点须服从单一权威	self.conn.commit()
PROD_txn_site_obeys_single_authority	pause_depth_flags	ming_sim/db.py:17552	生产事务位点须服从单一权威	not bool(getattr(self.conn, "_commit_suspended", False))
PROD_txn_site_obeys_single_authority	pause_depth_flags	ming_sim/db.py:17553	生产事务位点须服从单一权威	and int(getattr(self.conn, "_atomic_depth", 0) or 0) == 0
PROD_txn_site_obeys_single_authority	commit_call	ming_sim/db.py:17555	生产事务位点须服从单一权威	self.conn.commit()
PROD_txn_site_obeys_single_authority	commit_call	ming_sim/db.py:17586	生产事务位点须服从单一权威	self.conn.commit()
PROD_txn_site_obeys_single_authority	savepoint	ming_sim/db.py:17600	生产事务位点须服从单一权威	调用方已 ROLLBACK TO savepoint（及必要的输入/内存恢复）。
NOT_CLASS_noise	other	ming_sim/db.py:17636	噪声/注释/非事务语义	owns_transaction: Optional[bool] = None,
NOT_CLASS_noise	other	ming_sim/db.py:17646	噪声/注释/非事务语义	if owns_transaction is None:
IN_CLASS_J4O_policy_callsite	ownership_policy_use	ming_sim/db.py:17647	写前归属引用公共真源	owns_transaction = self.owns_transaction()
NOT_CLASS_noise	other	ming_sim/db.py:17648	噪声/注释/非事务语义	cm = atomic(self) if owns_transaction else contextlib.nullcontext()
PROD_txn_site_obeys_single_authority	savepoint	ming_sim/db.py:17652	生产事务位点须服从单一权威	self.conn.execute(f"SAVEPOINT {savepoint}")
PROD_txn_site_obeys_single_authority	savepoint	ming_sim/db.py:17663	生产事务位点须服从单一权威	self.conn.execute(f"ROLLBACK TO {savepoint}")
PROD_txn_site_obeys_single_authority	savepoint	ming_sim/db.py:17673	生产事务位点须服从单一权威	self.conn.execute(f"ROLLBACK TO {savepoint}")
PROD_txn_site_obeys_single_authority	savepoint	ming_sim/db.py:17680	生产事务位点须服从单一权威	self.conn.execute(f"RELEASE {savepoint}")
PROD_txn_site_obeys_single_authority	commit_call	ming_sim/db.py:17841	生产事务位点须服从单一权威	self.conn.commit()
PROD_txn_site_obeys_single_authority	commit_call	ming_sim/db.py:18000	生产事务位点须服从单一权威	self.conn.commit()
IN_CLASS_J4O_policy_callsite	ownership_policy_use	ming_sim/db.py:18131	写前归属引用公共真源	owns_transaction = self.owns_transaction()
NOT_CLASS_noise	other	ming_sim/db.py:18142	噪声/注释/非事务语义	cm = atomic(self) if owns_transaction else contextlib.nullcontext()
NOT_CLASS_noise	other	ming_sim/db.py:18185	噪声/注释/非事务语义	owns_transaction=owns_transaction,
IN_CLASS_J4O_policy_callsite	ownership_policy_use	ming_sim/db.py:18865	写前归属引用公共真源	owns_transaction = self.owns_transaction()
NOT_CLASS_noise	other	ming_sim/db.py:18884	噪声/注释/非事务语义	if owns_transaction:
PROD_txn_site_obeys_single_authority	commit_call	ming_sim/db.py:18885	生产事务位点须服从单一权威	self.conn.commit()
IN_CLASS_J4O_policy_callsite	ownership_policy_use	ming_sim/db.py:18895	写前归属引用公共真源	owns_transaction = self.owns_transaction()
NOT_CLASS_noise	other	ming_sim/db.py:18910	噪声/注释/非事务语义	if owns_transaction:
PROD_txn_site_obeys_single_authority	commit_call	ming_sim/db.py:18911	生产事务位点须服从单一权威	self.conn.commit()
IN_CLASS_J4O_policy_callsite	ownership_policy_use	ming_sim/db.py:18924	写前归属引用公共真源	owns_transaction = self.owns_transaction()
NOT_CLASS_noise	other	ming_sim/db.py:18961	噪声/注释/非事务语义	if owns_transaction:
PROD_txn_site_obeys_single_authority	commit_call	ming_sim/db.py:18962	生产事务位点须服从单一权威	self.conn.commit()
PROD_txn_site_obeys_single_authority	commit_call	ming_sim/db.py:19024	生产事务位点须服从单一权威	self.conn.commit()
PROD_txn_site_obeys_single_authority	commit_call	ming_sim/db.py:19052	生产事务位点须服从单一权威	self.conn.commit()
PROD_txn_site_obeys_single_authority	commit_call	ming_sim/db.py:19078	生产事务位点须服从单一权威	self.conn.commit()
PROD_txn_site_obeys_single_authority	commit_call	ming_sim/db.py:19102	生产事务位点须服从单一权威	self.conn.commit()
PROD_txn_site_obeys_single_authority	atomic_boundary	ming_sim/db.py:19238	生产事务位点须服从单一权威	with atomic(self):
PROD_txn_site_obeys_single_authority	atomic_boundary	ming_sim/db.py:19406	生产事务位点须服从单一权威	with atomic(self):
PROD_txn_site_obeys_single_authority	savepoint	ming_sim/db.py:19428	生产事务位点须服从单一权威	#654 r3-C.2 路3：每道旨独立 SAVEPOINT；单旨产物错记 rejection、保持 draft，不波及他旨。
PROD_txn_site_obeys_single_authority	atomic_boundary	ming_sim/db.py:19449	生产事务位点须服从单一权威	with atomic(self):
PROD_txn_site_obeys_single_authority	savepoint	ming_sim/db.py:19456	生产事务位点须服从单一权威	self.conn.execute(f"SAVEPOINT {sp}")
PROD_txn_site_obeys_single_authority	savepoint	ming_sim/db.py:19464	生产事务位点须服从单一权威	self.conn.execute(f"ROLLBACK TO {sp}")
PROD_txn_site_obeys_single_authority	savepoint	ming_sim/db.py:19482	生产事务位点须服从单一权威	self.conn.execute(f"ROLLBACK TO {sp}")
PROD_txn_site_obeys_single_authority	savepoint	ming_sim/db.py:19487	生产事务位点须服从单一权威	self.conn.execute(f"RELEASE {sp}")
PROD_txn_site_obeys_single_authority	commit_call	ming_sim/db.py:19518	生产事务位点须服从单一权威	self.conn.commit()
PROD_txn_site_obeys_single_authority	atomic_boundary	ming_sim/db.py:19554	生产事务位点须服从单一权威	with atomic(self):
PROD_txn_site_obeys_single_authority	commit_call	ming_sim/db.py:19575	生产事务位点须服从单一权威	self.conn.commit()
PROD_txn_site_obeys_single_authority	commit_call	ming_sim/db.py:19601	生产事务位点须服从单一权威	self.conn.commit()
PROD_txn_site_obeys_single_authority	commit_call	ming_sim/db.py:19737	生产事务位点须服从单一权威	self.conn.commit()
PROD_txn_site_obeys_single_authority	commit_call	ming_sim/db.py:19760	生产事务位点须服从单一权威	self.conn.commit()
PROD_txn_site_obeys_single_authority	commit_call	ming_sim/db.py:19783	生产事务位点须服从单一权威	self.conn.commit()
PROD_txn_site_obeys_single_authority	commit_call	ming_sim/db.py:19798	生产事务位点须服从单一权威	self.conn.commit()
PROD_txn_site_obeys_single_authority	commit_call	ming_sim/db.py:19903	生产事务位点须服从单一权威	self.conn.commit()
PROD_txn_site_obeys_single_authority	commit_call	ming_sim/db.py:19951	生产事务位点须服从单一权威	self.conn.commit()
PROD_txn_site_obeys_single_authority	commit_call	ming_sim/db.py:20054	生产事务位点须服从单一权威	self.conn.commit()
PROD_txn_site_obeys_single_authority	commit_call	ming_sim/db.py:20164	生产事务位点须服从单一权威	self.conn.commit()
PROD_txn_site_obeys_single_authority	commit_call	ming_sim/db.py:20260	生产事务位点须服从单一权威	self.conn.commit()
IN_CLASS_J4O_policy_callsite	ownership_policy_use	ming_sim/db.py:20302	写前归属引用公共真源	outer_owns = not self.owns_transaction()
PROD_txn_site_obeys_single_authority	atomic_boundary	ming_sim/db.py:20305	生产事务位点须服从单一权威	with atomic(self):
PROD_txn_site_obeys_single_authority	commit_call	ming_sim/db.py:20381	生产事务位点须服从单一权威	self.conn.commit()
PROD_txn_site_obeys_single_authority	commit_call	ming_sim/db.py:20435	生产事务位点须服从单一权威	self.conn.commit()
PROD_txn_site_obeys_single_authority	commit_call	ming_sim/db.py:20470	生产事务位点须服从单一权威	self.conn.commit()
IN_CLASS_J4O_policy_callsite	ownership_policy_use	ming_sim/db.py:20476	写前归属引用公共真源	external_transaction = not self.owns_transaction()
PROD_txn_site_obeys_single_authority	commit_call	ming_sim/db.py:20501	生产事务位点须服从单一权威	self.conn.commit()
IN_CLASS_J4O_policy_callsite	ownership_policy_use	ming_sim/db.py:20525	写前归属引用公共真源	cache_allowed = self.owns_transaction()
PROD_txn_site_obeys_single_authority	commit_call	ming_sim/db.py:20597	生产事务位点须服从单一权威	self.conn.commit()
PROD_txn_site_obeys_single_authority	commit_call	ming_sim/db.py:20680	生产事务位点须服从单一权威	self.conn.commit()
PROD_txn_site_obeys_single_authority	pause_depth_flags	ming_sim/db.py:20768	生产事务位点须服从单一权威	if commit and int(getattr(self.conn, "_atomic_depth", 0) or 0) == 0:
PROD_txn_site_obeys_single_authority	commit_call	ming_sim/db.py:20769	生产事务位点须服从单一权威	self.conn.commit()
PROD_txn_site_obeys_single_authority	pause_depth_flags	ming_sim/db.py:20842	生产事务位点须服从单一权威	if commit and int(getattr(self.conn, "_atomic_depth", 0) or 0) == 0:
PROD_txn_site_obeys_single_authority	commit_call	ming_sim/db.py:20843	生产事务位点须服从单一权威	self.conn.commit()
PROD_txn_site_obeys_single_authority	commit_call	ming_sim/db.py:20914	生产事务位点须服从单一权威	self.conn.commit()
PROD_txn_site_obeys_single_authority	commit_call	ming_sim/db.py:21302	生产事务位点须服从单一权威	self.conn.commit()
PROD_txn_site_obeys_single_authority	commit_call	ming_sim/db.py:21416	生产事务位点须服从单一权威	self.conn.commit()
PROD_txn_site_obeys_single_authority	commit_call	ming_sim/db.py:21436	生产事务位点须服从单一权威	self.conn.commit()
PROD_txn_site_obeys_single_authority	commit_call	ming_sim/db.py:21472	生产事务位点须服从单一权威	self.conn.commit()
PROD_txn_site_obeys_single_authority	commit_call	ming_sim/db.py:21551	生产事务位点须服从单一权威	self.conn.commit()
PROD_txn_site_obeys_single_authority	commit_call	ming_sim/db.py:21591	生产事务位点须服从单一权威	self.conn.commit()
PROD_txn_site_obeys_single_authority	commit_call	ming_sim/db.py:21648	生产事务位点须服从单一权威	self.conn.commit()
PROD_txn_site_obeys_single_authority	commit_call	ming_sim/db.py:21669	生产事务位点须服从单一权威	self.conn.commit()
PROD_txn_site_obeys_single_authority	commit_call	ming_sim/db.py:21692	生产事务位点须服从单一权威	self.conn.commit()
PROD_txn_site_obeys_single_authority	pause_depth_flags	ming_sim/db.py:21708	生产事务位点须服从单一权威	if not bool(getattr(self.conn, "_commit_suspended", False)) and int(
PROD_txn_site_obeys_single_authority	pause_depth_flags	ming_sim/db.py:21709	生产事务位点须服从单一权威	getattr(self.conn, "_atomic_depth", 0) or 0
PROD_txn_site_obeys_single_authority	commit_call	ming_sim/db.py:21711	生产事务位点须服从单一权威	self.conn.commit()
PROD_txn_site_obeys_single_authority	atomic_boundary	ming_sim/db.py:21837	生产事务位点须服从单一权威	with atomic(self):
PROD_txn_site_obeys_single_authority	atomic_boundary	ming_sim/db.py:22014	生产事务位点须服从单一权威	with atomic(self):
PROD_txn_site_obeys_single_authority	in_transaction_probe	ming_sim/db.py:22154	生产事务位点须服从单一权威	if self.conn.in_transaction:
PROD_txn_site_obeys_single_authority	savepoint	ming_sim/db.py:22156	生产事务位点须服从单一权威	self.conn.execute(f"SAVEPOINT {savepoint}")
PROD_txn_site_obeys_single_authority	savepoint	ming_sim/db.py:22160	生产事务位点须服从单一权威	self.conn.execute(f"ROLLBACK TO {savepoint}")
PROD_txn_site_obeys_single_authority	savepoint	ming_sim/db.py:22161	生产事务位点须服从单一权威	self.conn.execute(f"RELEASE {savepoint}")
PROD_txn_site_obeys_single_authority	savepoint	ming_sim/db.py:22164	生产事务位点须服从单一权威	self.conn.execute(f"RELEASE {savepoint}")
PROD_txn_site_obeys_single_authority	pause_depth_flags	ming_sim/db.py:22165	生产事务位点须服从单一权威	if commit and int(getattr(self.conn, "_atomic_depth", 0) or 0) == 0:
PROD_txn_site_obeys_single_authority	commit_call	ming_sim/db.py:22166	生产事务位点须服从单一权威	self.conn.commit()
PROD_txn_site_obeys_single_authority	atomic_boundary	ming_sim/db.py:22168	生产事务位点须服从单一权威	with atomic(self):
PROD_txn_site_obeys_single_authority	begin	ming_sim/db.py:22171	生产事务位点须服从单一权威	self.conn.execute("BEGIN")
PROD_txn_site_obeys_single_authority	rollback_call	ming_sim/db.py:22175	生产事务位点须服从单一权威	self.conn.rollback()
PROD_txn_site_obeys_single_authority	atomic_boundary	ming_sim/db.py:22238	生产事务位点须服从单一权威	with atomic(self):
PROD_txn_site_obeys_single_authority	commit_call	ming_sim/db.py:22285	生产事务位点须服从单一权威	self.conn.commit()
PROD_txn_site_obeys_single_authority	atomic_boundary	ming_sim/db.py:22300	生产事务位点须服从单一权威	with atomic(self):
PROD_txn_site_obeys_single_authority	atomic_boundary	ming_sim/db.py:22328	生产事务位点须服从单一权威	with atomic(self):
PROD_txn_site_obeys_single_authority	in_transaction_probe	ming_sim/db.py:22329	生产事务位点须服从单一权威	self._update_secret_order_sim_note_in_transaction(
PROD_txn_site_obeys_single_authority	in_transaction_probe	ming_sim/db.py:22333	生产事务位点须服从单一权威	self._update_secret_order_sim_note_in_transaction(
PROD_txn_site_obeys_single_authority	in_transaction_probe	ming_sim/db.py:22338	生产事务位点须服从单一权威	def _update_secret_order_sim_note_in_transaction(
PROD_txn_site_obeys_single_authority	atomic_boundary	ming_sim/db.py:22395	生产事务位点须服从单一权威	with atomic(self):
PROD_txn_site_obeys_single_authority	atomic_boundary	ming_sim/db.py:22457	生产事务位点须服从单一权威	with atomic(self):
PROD_txn_site_obeys_single_authority	commit_call	ming_sim/db.py:22541	生产事务位点须服从单一权威	self.conn.commit()
PROD_txn_site_obeys_single_authority	commit_call	ming_sim/db.py:22549	生产事务位点须服从单一权威	self.conn.commit()
PROD_txn_site_obeys_single_authority	begin	ming_sim/db.py:22568	生产事务位点须服从单一权威	事务（atomic 内或裸 BEGIN/DML 使 conn.in_transaction 为真）时不提前
PROD_txn_site_obeys_single_authority	commit_call	ming_sim/db.py:22569	生产事务位点须服从单一权威	commit。不调 load_state()——其末尾 self.conn.commit() 会把调用方半成品
IN_CLASS_J4O_policy_callsite	ownership_policy_use	ming_sim/db.py:22585	写前归属引用公共真源	owns_transaction = self.owns_transaction()
NOT_CLASS_noise	other	ming_sim/db.py:22613	噪声/注释/非事务语义	if owns_transaction:
PROD_txn_site_obeys_single_authority	commit_call	ming_sim/db.py:22614	生产事务位点须服从单一权威	self.conn.commit()
IN_CLASS_J4O_policy_callsite	ownership_policy_use	ming_sim/db.py:22692	写前归属引用公共真源	owns = self.owns_transaction()
PROD_txn_site_obeys_single_authority	commit_call	ming_sim/db.py:22707	生产事务位点须服从单一权威	self.conn.commit()
IN_CLASS_J4O_policy_callsite	ownership_policy_use	ming_sim/db.py:22741	写前归属引用公共真源	owns = self.owns_transaction()
PROD_txn_site_obeys_single_authority	commit_call	ming_sim/db.py:22770	生产事务位点须服从单一权威	self.conn.commit()
PROD_txn_site_obeys_single_authority	rollback_call	ming_sim/db.py:22776	生产事务位点须服从单一权威	self.conn.rollback()
IN_CLASS_J4O_policy_callsite	ownership_policy_use	ming_sim/db.py:22791	写前归属引用公共真源	owns = self.owns_transaction()
PROD_txn_site_obeys_single_authority	commit_call	ming_sim/db.py:22805	生产事务位点须服从单一权威	self.conn.commit()
PROD_txn_site_obeys_single_authority	rollback_call	ming_sim/db.py:22809	生产事务位点须服从单一权威	self.conn.rollback()
IN_CLASS_J4O_policy_callsite	ownership_policy_use	ming_sim/db.py:22822	写前归属引用公共真源	owns = self.owns_transaction()
PROD_txn_site_obeys_single_authority	commit_call	ming_sim/db.py:22838	生产事务位点须服从单一权威	self.conn.commit()
IN_CLASS_J4O_policy_callsite	ownership_policy_use	ming_sim/db.py:22877	写前归属引用公共真源	owns = self.owns_transaction()
PROD_txn_site_obeys_single_authority	commit_call	ming_sim/db.py:22894	生产事务位点须服从单一权威	self.conn.commit()
IN_CLASS_J4O_policy_callsite	ownership_policy_use	ming_sim/db.py:22923	写前归属引用公共真源	owns = self.owns_transaction()
PROD_txn_site_obeys_single_authority	commit_call	ming_sim/db.py:22938	生产事务位点须服从单一权威	self.conn.commit()
PROD_txn_site_obeys_single_authority	rollback_call	ming_sim/db.py:22942	生产事务位点须服从单一权威	self.conn.rollback()
IN_CLASS_J4O_policy_callsite	ownership_policy_use	ming_sim/db.py:22963	写前归属引用公共真源	owns = self.owns_transaction()
PROD_txn_site_obeys_single_authority	commit_call	ming_sim/db.py:22990	生产事务位点须服从单一权威	self.conn.commit()
PROD_txn_site_obeys_single_authority	rollback_call	ming_sim/db.py:22996	生产事务位点须服从单一权威	self.conn.rollback()
PROD_txn_site_obeys_single_authority	pause_depth_flags	ming_sim/db.py:23010	生产事务位点须服从单一权威	if getattr(self.conn, "_commit_suspended", False):
PROD_txn_site_obeys_single_authority	commit_call	ming_sim/db.py:23019	生产事务位点须服从单一权威	self.conn.commit()
PROD_txn_site_obeys_single_authority	commit_call	ming_sim/due_review.py:557	生产事务位点须服从单一权威	db.conn.commit()
PROD_txn_site_obeys_single_authority	commit_call	ming_sim/due_review.py:593	生产事务位点须服从单一权威	db.conn.commit()
TEST_annotate	commit_call	tests/test_breach_plea_623.py:132	测试命中，非生产冲突源	db.conn.commit()
TEST_annotate	commit_call	tests/test_breach_plea_623.py:174	测试命中，非生产冲突源	db.conn.commit()
TEST_annotate	commit_call	tests/test_breach_plea_623.py:186	测试命中，非生产冲突源	db.conn.commit()
TEST_annotate	commit_call	tests/test_breach_plea_623.py:204	测试命中，非生产冲突源	db.conn.commit()
TEST_annotate	commit_call	tests/test_breach_plea_623.py:216	测试命中，非生产冲突源	db.conn.commit()
TEST_annotate	commit_call	tests/test_breach_plea_623.py:232	测试命中，非生产冲突源	db.conn.commit()
TEST_annotate	commit_call	tests/test_breach_plea_623.py:279	测试命中，非生产冲突源	db.conn.commit()
TEST_annotate	commit_call	tests/test_breach_plea_623.py:314	测试命中，非生产冲突源	db.conn.commit()
TEST_annotate	commit_call	tests/test_breach_plea_623.py:356	测试命中，非生产冲突源	db.conn.commit()
TEST_annotate	commit_call	tests/test_breach_plea_623.py:394	测试命中，非生产冲突源	db.conn.commit()
TEST_annotate	commit_call	tests/test_breach_plea_623.py:430	测试命中，非生产冲突源	db.conn.commit()
TEST_annotate	commit_call	tests/test_breach_plea_623.py:519	测试命中，非生产冲突源	db.conn.commit()
TEST_annotate	commit_call	tests/test_breach_plea_623.py:571	测试命中，非生产冲突源	db.conn.commit()
TEST_annotate	commit_call	tests/test_breach_plea_623.py:601	测试命中，非生产冲突源	db.conn.commit()
TEST_annotate	commit_call	tests/test_breach_plea_623.py:638	测试命中，非生产冲突源	db.conn.commit()
TEST_annotate	commit_call	tests/test_breach_plea_623.py:688	测试命中，非生产冲突源	db.conn.commit()
TEST_annotate	commit_call	tests/test_breach_plea_623.py:746	测试命中，非生产冲突源	db.conn.commit()
TEST_annotate	commit_call	tests/test_breach_plea_623.py:795	测试命中，非生产冲突源	db.conn.commit()
TEST_annotate	commit_call	tests/test_breach_plea_623.py:821	测试命中，非生产冲突源	db.conn.commit()
TEST_annotate	commit_call	tests/test_breach_plea_623.py:853	测试命中，非生产冲突源	db.conn.commit()
TEST_annotate	commit_call	tests/test_breach_plea_623.py:869	测试命中，非生产冲突源	db.conn.commit()
TEST_annotate	commit_call	tests/test_breach_plea_623.py:887	测试命中，非生产冲突源	db.conn.commit()
TEST_annotate	commit_call	tests/test_breach_plea_623.py:919	测试命中，非生产冲突源	db.conn.commit()
TEST_annotate	commit_call	tests/test_breach_plea_623.py:942	测试命中，非生产冲突源	db.conn.commit()
TEST_annotate	commit_call	tests/test_breach_plea_623.py:952	测试命中，非生产冲突源	db.conn.commit()
TEST_annotate	commit_call	tests/test_breach_plea_623.py:973	测试命中，非生产冲突源	db.conn.commit()
TEST_annotate	commit_call	tests/test_breach_plea_623.py:991	测试命中，非生产冲突源	db.conn.commit()
TEST_annotate	commit_call	tests/test_breach_plea_623.py:1020	测试命中，非生产冲突源	db.conn.commit()
TEST_annotate	commit_call	tests/test_breach_plea_623.py:1041	测试命中，非生产冲突源	db.conn.commit()
TEST_annotate	commit_call	tests/test_breach_plea_623.py:1077	测试命中，非生产冲突源	db.conn.commit()
TEST_annotate	commit_call	tests/test_breach_plea_623.py:1087	测试命中，非生产冲突源	db.conn.commit()
TEST_annotate	commit_call	tests/test_breach_plea_623.py:1116	测试命中，非生产冲突源	db.conn.commit()
TEST_annotate	commit_call	tests/test_breach_plea_623.py:1148	测试命中，非生产冲突源	db.conn.commit()
TEST_annotate	commit_call	tests/test_breach_plea_623.py:1198	测试命中，非生产冲突源	db.conn.commit()
TEST_annotate	commit_call	tests/test_breach_plea_623.py:1263	测试命中，非生产冲突源	db.conn.commit()
TEST_annotate	commit_call	tests/test_breach_plea_623.py:1297	测试命中，非生产冲突源	db.conn.commit()
TEST_annotate	commit_call	tests/test_breach_plea_623.py:1322	测试命中，非生产冲突源	db.conn.commit()
TEST_annotate	commit_call	tests/test_breach_plea_623.py:1361	测试命中，非生产冲突源	db.conn.commit()
IN_CLASS_J4O_policy_callsite	ownership_policy_use	ming_sim/audience_night.py:23	写前归属引用公共真源	from ming_sim.applier import connection_owns_transaction
IN_CLASS_J4O_policy_callsite	ownership_policy_use	ming_sim/audience_night.py:270	写前归属引用公共真源	"""本域多语句写各自开隐式事务，故用 owns_transaction() 会因自身 in_transaction 恒 False
PROD_txn_site_obeys_single_authority	pause_depth_flags	ming_sim/audience_night.py:272	生产事务位点须服从单一权威	suspend 持有事务时才提交（用 _commit_suspended / _atomic_depth 判据，不看 in_transaction）。
PROD_txn_site_obeys_single_authority	pause_depth_flags	ming_sim/audience_night.py:278	生产事务位点须服从单一权威	not bool(getattr(conn, "_commit_suspended", False))
PROD_txn_site_obeys_single_authority	pause_depth_flags	ming_sim/audience_night.py:279	生产事务位点须服从单一权威	and int(getattr(conn, "_atomic_depth", 0) or 0) == 0
PROD_txn_site_obeys_single_authority	commit_call	ming_sim/audience_night.py:285	生产事务位点须服从单一权威	db.conn.commit()
PROD_txn_site_obeys_single_authority	commit_call	ming_sim/audience_night.py:871	生产事务位点须服从单一权威	db.conn.commit()
PROD_txn_site_obeys_single_authority	savepoint	ming_sim/audience_night.py:906	生产事务位点须服从单一权威	# 原子：实体 + 员额入殿账，SAVEPOINT 全有或全无。
PROD_txn_site_obeys_single_authority	savepoint	ming_sim/audience_night.py:908	生产事务位点须服从单一权威	db.conn.execute(f"SAVEPOINT {sp}")
PROD_txn_site_obeys_single_authority	savepoint	ming_sim/audience_night.py:938	生产事务位点须服从单一权威	db.conn.execute(f"RELEASE SAVEPOINT {sp}")
PROD_txn_site_obeys_single_authority	commit_call	ming_sim/audience_night.py:940	生产事务位点须服从单一权威	db.conn.commit()
PROD_txn_site_obeys_single_authority	savepoint	ming_sim/audience_night.py:943	生产事务位点须服从单一权威	db.conn.execute(f"ROLLBACK TO SAVEPOINT {sp}")
PROD_txn_site_obeys_single_authority	savepoint	ming_sim/audience_night.py:944	生产事务位点须服从单一权威	db.conn.execute(f"RELEASE SAVEPOINT {sp}")
PROD_txn_site_obeys_single_authority	commit_call	ming_sim/audience_night.py:1554	生产事务位点须服从单一权威	db.conn.commit()
PROD_txn_site_obeys_single_authority	savepoint	ming_sim/audience_night.py:1566	生产事务位点须服从单一权威	行止接缝须传 commit=commit_person_change，避免 SAVEPOINT/外层事务中擅自提交。
PROD_txn_site_obeys_single_authority	commit_call	ming_sim/audience_night.py:1584	生产事务位点须服从单一权威	db.conn.commit()
PROD_txn_site_obeys_single_authority	pause_depth_flags	ming_sim/audience_night.py:1712	生产事务位点须服从单一权威	not bool(getattr(db.conn, "_commit_suspended", False))
PROD_txn_site_obeys_single_authority	pause_depth_flags	ming_sim/audience_night.py:1713	生产事务位点须服从单一权威	and int(getattr(db.conn, "_atomic_depth", 0) or 0) == 0
PROD_txn_site_obeys_single_authority	commit_call	ming_sim/audience_night.py:1715	生产事务位点须服从单一权威	db.conn.commit()
NOT_CLASS_noise	other	ming_sim/audience_night.py:1744	噪声/注释/非事务语义	Matches withdraw/drop owns_transaction: do not commit over a caller-owned
PROD_txn_site_obeys_single_authority	begin	ming_sim/audience_night.py:1745	生产事务位点须服从单一权威	BEGIN/atomic, so outer rollback can restore pending + origin together.
IN_CLASS_J4O_policy_callsite	ownership_policy_use	ming_sim/audience_night.py:1748	写前归属引用公共真源	owns_transaction = connection_owns_transaction(conn)
NOT_CLASS_noise	other	ming_sim/audience_night.py:1761	噪声/注释/非事务语义	if owns_transaction:
PROD_txn_site_obeys_single_authority	commit_call	ming_sim/audience_night.py:1762	生产事务位点须服从单一权威	conn.commit()
PROD_txn_site_obeys_single_authority	commit_call	ming_sim/audience_night.py:2164	生产事务位点须服从单一权威	db.conn.commit()
PROD_txn_site_obeys_single_authority	atomic_boundary	ming_sim/audience_night.py:2384	生产事务位点须服从单一权威	with atomic(db):
PROD_txn_site_obeys_single_authority	commit_call	ming_sim/situation_drift.py:300	生产事务位点须服从单一权威	db.conn.commit()
PROD_txn_site_obeys_single_authority	commit_call	ming_sim/situation_drift.py:344	生产事务位点须服从单一权威	db.conn.commit()
IN_CLASS_J4O_policy_callsite	ownership_policy_use	ming_sim/situation_drift.py:358	写前归属引用公共真源	commit_local = db.owns_transaction()
PROD_txn_site_obeys_single_authority	commit_call	ming_sim/situation_drift.py:601	生产事务位点须服从单一权威	db.conn.commit()
PROD_txn_site_obeys_single_authority	atomic_boundary	ming_sim/month_chain.py:411	生产事务位点须服从单一权威	with atomic(db):
PROD_txn_site_obeys_single_authority	atomic_boundary	ming_sim/month_chain.py:642	生产事务位点须服从单一权威	with atomic(db):
PROD_txn_site_obeys_single_authority	pause_depth_flags	ming_sim/month_chain.py:711	生产事务位点须服从单一权威	and int(getattr(db.conn, "_atomic_depth", 0) or 0) == 0
PROD_txn_site_obeys_single_authority	atomic_boundary	ming_sim/month_chain.py:875	生产事务位点须服从单一权威	with atomic(db):
PROD_txn_site_obeys_single_authority	atomic_boundary	ming_sim/month_chain.py:957	生产事务位点须服从单一权威	with atomic(db):
PROD_txn_site_obeys_single_authority	atomic_boundary	ming_sim/month_chain.py:970	生产事务位点须服从单一权威	with atomic(db):
PROD_txn_site_obeys_single_authority	atomic_boundary	ming_sim/month_chain.py:1026	生产事务位点须服从单一权威	with atomic(db):
PROD_txn_site_obeys_single_authority	atomic_boundary	ming_sim/month_chain.py:1037	生产事务位点须服从单一权威	with atomic(db):
PROD_txn_site_obeys_single_authority	atomic_boundary	ming_sim/month_chain.py:1318	生产事务位点须服从单一权威	with atomic(db):
PROD_txn_site_obeys_single_authority	atomic_boundary	ming_sim/month_chain.py:1368	生产事务位点须服从单一权威	with atomic(db):
PROD_txn_site_obeys_single_authority	atomic_boundary	ming_sim/month_chain.py:1400	生产事务位点须服从单一权威	with atomic(db):
PROD_txn_site_obeys_single_authority	atomic_boundary	ming_sim/month_chain.py:1427	生产事务位点须服从单一权威	with atomic(db):
PROD_txn_site_obeys_single_authority	atomic_boundary	ming_sim/month_chain.py:1676	生产事务位点须服从单一权威	with atomic(db):
TEST_annotate	commit_call	tests/test_db_broad_except_surface.py:30	测试命中，非生产冲突源	db.conn.commit()
TEST_annotate	commit_call	tests/test_db_broad_except_surface.py:49	测试命中，非生产冲突源	db.conn.commit()
TEST_annotate	commit_call	tests/test_db_broad_except_surface.py:67	测试命中，非生产冲突源	db.conn.commit()
TEST_annotate	commit_call	tests/test_db_broad_except_surface.py:89	测试命中，非生产冲突源	db.conn.commit()
TEST_annotate	commit_call	tests/test_urge_lever_624.py:80	测试命中，非生产冲突源	db.conn.commit()
TEST_annotate	commit_call	tests/test_urge_lever_624.py:108	测试命中，非生产冲突源	db.conn.commit()
TEST_annotate	commit_call	tests/test_urge_lever_624.py:177	测试命中，非生产冲突源	db.conn.commit()
TEST_annotate	commit_call	tests/test_urge_lever_624.py:234	测试命中，非生产冲突源	db.conn.commit()
TEST_annotate	commit_call	tests/test_urge_lever_624.py:237	测试命中，非生产冲突源	db.conn.commit()
TEST_annotate	commit_call	tests/test_urge_lever_624.py:312	测试命中，非生产冲突源	db.conn.commit()
TEST_annotate	commit_call	tests/test_urge_lever_624.py:339	测试命中，非生产冲突源	db.conn.commit()
TEST_annotate	commit_call	tests/test_urge_lever_624.py:376	测试命中，非生产冲突源	db.conn.commit()
TEST_annotate	commit_call	tests/test_urge_lever_624.py:443	测试命中，非生产冲突源	db.conn.commit()
TEST_annotate	commit_call	tests/test_urge_lever_624.py:477	测试命中，非生产冲突源	db.conn.commit()
TEST_annotate	commit_call	tests/test_urge_lever_624.py:485	测试命中，非生产冲突源	db.conn.commit()
TEST_annotate	commit_call	tests/test_urge_lever_624.py:507	测试命中，非生产冲突源	db.conn.commit()
TEST_annotate	commit_call	tests/test_urge_lever_624.py:510	测试命中，非生产冲突源	db.conn.commit()
TEST_annotate	commit_call	tests/test_urge_lever_624.py:553	测试命中，非生产冲突源	db.conn.commit()
TEST_annotate	commit_call	tests/test_urge_lever_624.py:558	测试命中，非生产冲突源	db.conn.commit()
TEST_annotate	commit_call	tests/test_fiscal_substrate_bridge.py:82	测试命中，非生产冲突源	db.conn.commit()
TEST_annotate	commit_call	tests/test_fiscal_substrate_bridge.py:155	测试命中，非生产冲突源	db.conn.commit()
TEST_annotate	commit_call	tests/test_fiscal_substrate_bridge.py:167	测试命中，非生产冲突源	db.conn.commit()
TEST_annotate	commit_call	tests/test_fiscal_substrate_bridge.py:298	测试命中，非生产冲突源	db.conn.commit()
TEST_annotate	commit_call	tests/test_fiscal_substrate_bridge.py:747	测试命中，非生产冲突源	db.conn.commit()
TEST_annotate	commit_call	tests/test_fiscal_substrate_bridge.py:794	测试命中，非生产冲突源	db.conn.commit()
TEST_annotate	commit_call	tests/test_fiscal_substrate_bridge.py:890	测试命中，非生产冲突源	db.conn.commit()
TEST_annotate	commit_call	tests/test_fiscal_substrate_bridge.py:987	测试命中，非生产冲突源	db.conn.commit()
TEST_annotate	commit_call	tests/test_fiscal_substrate_bridge.py:1125	测试命中，非生产冲突源	db.conn.commit()
TEST_annotate	commit_call	tests/test_fiscal_substrate_bridge.py:1313	测试命中，非生产冲突源	db.conn.commit()
TEST_annotate	commit_call	tests/test_fiscal_substrate_bridge.py:1434	测试命中，非生产冲突源	fresh_db.conn.commit()
TEST_annotate	commit_call	tests/test_fiscal_substrate_bridge.py:1488	测试命中，非生产冲突源	db.conn.commit()
TEST_annotate	commit_call	tests/test_fiscal_substrate_bridge.py:1533	测试命中，非生产冲突源	db.conn.commit()
TEST_annotate	commit_call	tests/test_fiscal_substrate_bridge.py:1629	测试命中，非生产冲突源	db.conn.commit()
TEST_annotate	commit_call	tests/test_fiscal_substrate_bridge.py:1727	测试命中，非生产冲突源	db.conn.commit()
TEST_annotate	commit_call	tests/test_fiscal_substrate_bridge.py:1848	测试命中，非生产冲突源	db.conn.commit()
TEST_annotate	commit_call	tests/test_fiscal_substrate_bridge.py:1892	测试命中，非生产冲突源	fresh_db.conn.commit()
TEST_annotate	commit_call	tests/test_fiscal_substrate_bridge.py:1957	测试命中，非生产冲突源	db.conn.commit()
TEST_annotate	commit_call	tests/test_fiscal_substrate_bridge.py:2013	测试命中，非生产冲突源	db.conn.commit()
TEST_annotate	commit_call	tests/test_fiscal_substrate_bridge.py:2061	测试命中，非生产冲突源	fresh_db.conn.commit()
TEST_annotate	commit_call	tests/test_fiscal_substrate_bridge.py:2111	测试命中，非生产冲突源	fresh_db.conn.commit()
TEST_annotate	commit_call	tests/test_fiscal_substrate_bridge.py:2182	测试命中，非生产冲突源	fresh_db.conn.commit()
TEST_annotate	commit_call	tests/test_fiscal_substrate_bridge.py:2291	测试命中，非生产冲突源	fresh_db.conn.commit()
TEST_annotate	commit_call	tests/test_fiscal_substrate_bridge.py:2349	测试命中，非生产冲突源	fresh_db.conn.commit()
TEST_annotate	commit_call	tests/test_fiscal_substrate_bridge.py:2427	测试命中，非生产冲突源	db.conn.commit()
TEST_annotate	commit_call	tests/test_fiscal_substrate_bridge.py:2560	测试命中，非生产冲突源	fresh_db.conn.commit()
TEST_annotate	commit_call	tests/test_fiscal_substrate_bridge.py:2638	测试命中，非生产冲突源	fresh_db.conn.commit()
TEST_annotate	commit_call	tests/test_fiscal_substrate_bridge.py:3202	测试命中，非生产冲突源	fresh_db.conn.commit()
TEST_annotate	commit_call	tests/test_fiscal_substrate_bridge.py:3698	测试命中，非生产冲突源	fresh_db.conn.commit()
TEST_annotate	commit_call	tests/test_fiscal_substrate_bridge.py:3834	测试命中，非生产冲突源	fresh_db.conn.commit()
TEST_annotate	commit_call	tests/test_fiscal_substrate_bridge.py:3891	测试命中，非生产冲突源	fresh_db.conn.commit()
TEST_annotate	commit_call	tests/test_fiscal_substrate_bridge.py:4098	测试命中，非生产冲突源	fresh_db.conn.commit()
TEST_annotate	commit_call	tests/test_fiscal_substrate_bridge.py:4118	测试命中，非生产冲突源	fresh_db.conn.commit()
TEST_annotate	commit_call	tests/test_fiscal_substrate_bridge.py:4174	测试命中，非生产冲突源	fresh_db.conn.commit()
TEST_annotate	commit_call	tests/test_fiscal_substrate_bridge.py:4177	测试命中，非生产冲突源	fresh_db.conn.commit()
TEST_annotate	commit_call	tests/test_fiscal_substrate_bridge.py:4192	测试命中，非生产冲突源	fresh_db.conn.commit()
TEST_annotate	commit_call	tests/test_fiscal_substrate_bridge.py:4209	测试命中，非生产冲突源	fresh_db.conn.commit()
TEST_annotate	commit_call	tests/test_fiscal_substrate_bridge.py:4253	测试命中，非生产冲突源	db.conn.commit()
TEST_annotate	commit_call	tests/test_fiscal_substrate_bridge.py:4261	测试命中，非生产冲突源	db.conn.commit()
TEST_annotate	commit_call	tests/test_fiscal_substrate_bridge.py:4281	测试命中，非生产冲突源	db.conn.commit()
TEST_annotate	commit_call	tests/test_fiscal_substrate_bridge.py:4299	测试命中，非生产冲突源	db.conn.commit()
TEST_annotate	commit_call	tests/test_fiscal_substrate_bridge.py:4321	测试命中，非生产冲突源	db.conn.commit()
TEST_annotate	commit_call	tests/test_fiscal_substrate_bridge.py:4342	测试命中，非生产冲突源	db.conn.commit()
TEST_annotate	commit_call	tests/test_fiscal_substrate_bridge.py:4364	测试命中，非生产冲突源	db.conn.commit()
TEST_annotate	commit_call	tests/test_fiscal_substrate_bridge.py:4385	测试命中，非生产冲突源	db.conn.commit()
TEST_annotate	commit_call	tests/test_fiscal_substrate_bridge.py:4406	测试命中，非生产冲突源	db.conn.commit()
TEST_annotate	commit_call	tests/test_fiscal_substrate_bridge.py:4438	测试命中，非生产冲突源	db.conn.commit()
TEST_annotate	commit_call	tests/test_fiscal_substrate_bridge.py:4467	测试命中，非生产冲突源	db.conn.commit()
TEST_annotate	commit_call	tests/test_fiscal_substrate_bridge.py:4508	测试命中，非生产冲突源	db.conn.commit()
TEST_annotate	commit_call	tests/test_fiscal_substrate_bridge.py:4563	测试命中，非生产冲突源	db.conn.commit()
TEST_annotate	commit_call	tests/test_fiscal_substrate_bridge.py:4589	测试命中，非生产冲突源	db.conn.commit()
TEST_annotate	commit_call	tests/test_fiscal_substrate_bridge.py:4617	测试命中，非生产冲突源	db.conn.commit()
TEST_annotate	commit_call	tests/test_fiscal_substrate_bridge.py:4650	测试命中，非生产冲突源	db.conn.commit()
TEST_annotate	commit_call	tests/test_fiscal_substrate_bridge.py:4693	测试命中，非生产冲突源	db.conn.commit()
TEST_annotate	commit_call	tests/test_fiscal_substrate_bridge.py:4719	测试命中，非生产冲突源	db.conn.commit()
TEST_annotate	commit_call	tests/test_fiscal_substrate_bridge.py:4745	测试命中，非生产冲突源	db.conn.commit()
TEST_annotate	commit_call	tests/test_fiscal_substrate_bridge.py:4786	测试命中，非生产冲突源	db.conn.commit()
TEST_annotate	atomic_boundary	tests/test_fiscal_substrate_bridge.py:4858	测试命中，非生产冲突源	with atomic(db):
TEST_annotate	in_transaction_probe	tests/test_fiscal_substrate_bridge.py:4860	测试命中，非生产冲突源	in_transaction = _read_settle(db, "shaanxi")["st"]
TEST_annotate	in_transaction_probe	tests/test_fiscal_substrate_bridge.py:4861	测试命中，非生产冲突源	assert in_transaction["民欠旧赋"] != pytest.approx(before["民欠旧赋"])
TEST_annotate	commit_call	tests/test_secret_order_isolation_883.py:593	测试命中，非生产冲突源	db.conn.commit()
TEST_annotate	commit_call	tests/test_army_display_173.py:45	测试命中，非生产冲突源	db.conn.commit()
TEST_annotate	commit_call	tests/test_army_display_173.py:67	测试命中，非生产冲突源	db.conn.commit()
TEST_annotate	commit_call	tests/test_army_display_173.py:95	测试命中，非生产冲突源	db.conn.commit()
TEST_annotate	commit_call	tests/test_army_display_173.py:124	测试命中，非生产冲突源	db.conn.commit()
TEST_annotate	commit_call	tests/test_covert_levy_651.py:333	测试命中，非生产冲突源	db.conn.commit()
TEST_annotate	commit_call	tests/test_audience_restore_505.py:87	测试命中，非生产冲突源	db.conn.commit()
TEST_annotate	commit_call	tests/test_audience_restore_505.py:363	测试命中，非生产冲突源	self.db.conn.commit()
TEST_annotate	commit_call	tests/test_audience_restore_505.py:386	测试命中，非生产冲突源	db.conn.commit()
TEST_annotate	commit_call	tests/test_audience_restore_505.py:393	测试命中，非生产冲突源	db.conn.commit()
TEST_annotate	commit_call	tests/test_audience_restore_505.py:535	测试命中，非生产冲突源	db.conn.commit()
TEST_annotate	commit_call	tests/test_audience_restore_505.py:556	测试命中，非生产冲突源	db.conn.commit()
TEST_annotate	commit_call	tests/test_audience_restore_505.py:567	测试命中，非生产冲突源	db.conn.commit()
TEST_annotate	commit_call	tests/test_audience_restore_505.py:608	测试命中，非生产冲突源	db.conn.commit()
TEST_annotate	commit_call	tests/test_audience_restore_505.py:663	测试命中，非生产冲突源	db.conn.commit()
TEST_annotate	commit_call	tests/test_audience_restore_505.py:670	测试命中，非生产冲突源	db.conn.commit()
TEST_annotate	commit_call	tests/test_audience_restore_505.py:753	测试命中，非生产冲突源	db.conn.commit()
TEST_annotate	commit_call	tests/test_audience_restore_505.py:757	测试命中，非生产冲突源	db.conn.commit()
TEST_annotate	commit_call	tests/test_commitment_backlash_626.py:153	测试命中，非生产冲突源	db.conn.commit()
TEST_annotate	commit_call	tests/test_commitment_backlash_626.py:205	测试命中，非生产冲突源	db.conn.commit()
TEST_annotate	commit_call	tests/test_commitment_backlash_626.py:248	测试命中，非生产冲突源	db.conn.commit()
TEST_annotate	commit_call	tests/test_commitment_backlash_626.py:304	测试命中，非生产冲突源	db.conn.commit()
TEST_annotate	commit_call	tests/test_commitment_backlash_626.py:343	测试命中，非生产冲突源	db.conn.commit()
TEST_annotate	commit_call	tests/test_commitment_backlash_626.py:404	测试命中，非生产冲突源	db.conn.commit()
TEST_annotate	commit_call	tests/test_commitment_backlash_626.py:429	测试命中，非生产冲突源	db.conn.commit()
TEST_annotate	commit_call	tests/test_commitment_backlash_626.py:481	测试命中，非生产冲突源	db.conn.commit()
TEST_annotate	commit_call	tests/test_commitment_backlash_626.py:542	测试命中，非生产冲突源	db.conn.commit()
TEST_annotate	commit_call	tests/test_commitment_backlash_626.py:591	测试命中，非生产冲突源	db.conn.commit()
TEST_annotate	commit_call	tests/test_commitment_backlash_626.py:646	测试命中，非生产冲突源	db.conn.commit()
TEST_annotate	commit_call	tests/test_commitment_backlash_626.py:682	测试命中，非生产冲突源	db.conn.commit()
TEST_annotate	commit_call	tests/test_commitment_backlash_626.py:749	测试命中，非生产冲突源	db.conn.commit()
TEST_annotate	commit_call	tests/test_commitment_display_348.py:56	测试命中，非生产冲突源	db.conn.commit()
TEST_annotate	commit_call	tests/test_pay_order_override_653.py:770	测试命中，非生产冲突源	db.conn.commit()
TEST_annotate	commit_call	tests/test_pay_order_override_653.py:877	测试命中，非生产冲突源	db.conn.commit()
TEST_annotate	commit_call	tests/test_pay_order_override_653.py:909	测试命中，非生产冲突源	db.conn.commit()
TEST_annotate	commit_call	tests/test_pay_order_override_653.py:1005	测试命中，非生产冲突源	db.conn.commit()
TEST_annotate	commit_call	tests/test_pay_order_override_653.py:1106	测试命中，非生产冲突源	db.conn.commit()
TEST_annotate	commit_call	tests/test_pay_order_override_653.py:1132	测试命中，非生产冲突源	db.conn.commit()
TEST_annotate	commit_call	tests/test_pay_order_override_653.py:1318	测试命中，非生产冲突源	db.conn.commit()
TEST_annotate	commit_call	tests/test_pay_order_override_653.py:1411	测试命中，非生产冲突源	db.conn.commit()
TEST_annotate	commit_call	tests/test_pay_order_override_653.py:1454	测试命中，非生产冲突源	db.conn.commit()
TEST_annotate	commit_call	tests/test_pay_order_override_653.py:1516	测试命中，非生产冲突源	db.conn.commit()
TEST_annotate	commit_call	tests/test_pay_order_override_653.py:1538	测试命中，非生产冲突源	db.conn.commit()
TEST_annotate	commit_call	tests/test_pay_order_override_653.py:1563	测试命中，非生产冲突源	db.conn.commit()
TEST_annotate	commit_call	tests/test_pay_order_override_653.py:1594	测试命中，非生产冲突源	db.conn.commit()
TEST_annotate	commit_call	tests/test_pay_order_override_653.py:1656	测试命中，非生产冲突源	db.conn.commit()
TEST_annotate	commit_call	tests/test_transit_aging_346.py:248	测试命中，非生产冲突源	db.conn.commit()
TEST_annotate	commit_call	tests/test_transit_aging_346.py:255	测试命中，非生产冲突源	db.conn.commit()
TEST_annotate	commit_call	tests/test_recommendations.py:24	测试命中，非生产冲突源	db.conn.commit()
TEST_annotate	commit_call	tests/test_recommendations.py:43	测试命中，非生产冲突源	db.conn.commit()
TEST_annotate	commit_call	tests/test_recommendations.py:63	测试命中，非生产冲突源	db.conn.commit()
TEST_annotate	commit_call	tests/test_recommendations.py:99	测试命中，非生产冲突源	db.conn.commit()
TEST_annotate	commit_call	tests/test_recommendations.py:127	测试命中，非生产冲突源	db.conn.commit()
TEST_annotate	commit_call	tests/test_recommendations.py:161	测试命中，非生产冲突源	db.conn.commit()
TEST_annotate	commit_call	tests/test_recommendations.py:194	测试命中，非生产冲突源	db.conn.commit()
TEST_annotate	commit_call	tests/test_recommendations.py:208	测试命中，非生产冲突源	db.conn.commit()
TEST_annotate	commit_call	tests/test_recommendations.py:231	测试命中，非生产冲突源	db.conn.commit()
TEST_annotate	commit_call	tests/test_recommendations.py:278	测试命中，非生产冲突源	db.conn.commit()
TEST_annotate	commit_call	tests/test_recommendations.py:305	测试命中，非生产冲突源	db.conn.commit()
TEST_annotate	commit_call	tests/test_qa_t1_extraction_dual_source_1353.py:179	测试命中，非生产冲突源	db.conn.commit()
TEST_annotate	commit_call	tests/test_qa_t1_extraction_dual_source_1353.py:202	测试命中，非生产冲突源	db.conn.commit()
TEST_annotate	commit_call	tests/test_qa_t1_extraction_dual_source_1353.py:470	测试命中，非生产冲突源	db.conn.commit()
TEST_annotate	commit_call	tests/test_qa_t1_extraction_dual_source_1353.py:491	测试命中，非生产冲突源	db.conn.commit()
TEST_annotate	commit_call	tests/test_applier_contract.py:249	测试命中，非生产冲突源	db.conn.commit()
TEST_annotate	commit_call	tests/test_applier_contract.py:347	测试命中，非生产冲突源	db.conn.commit()  # 污染已提交，等价于游玩过的存档
TEST_annotate	commit_call	tests/test_applier_contract.py:366	测试命中，非生产冲突源	db.conn.commit()
TEST_annotate	in_transaction_probe	tests/test_applier_contract.py:369	测试命中，非生产冲突源	assert db.conn.in_transaction
TEST_annotate	in_transaction_probe	tests/test_applier_contract.py:374	测试命中，非生产冲突源	assert db.conn.in_transaction  # DDL 没有隐式 commit
TEST_annotate	rollback_call	tests/test_applier_contract.py:376	测试命中，非生产冲突源	db.conn.rollback()
TEST_annotate	commit_call	tests/test_deformation_dual_rail_622.py:256	测试命中，非生产冲突源	db.conn.commit()
TEST_annotate	commit_call	tests/conftest.py:299	测试命中，非生产冲突源	db.conn.commit()
TEST_annotate	commit_call	tests/conftest.py:325	测试命中，非生产冲突源	db.conn.commit()
TEST_annotate	atomic_boundary	tests/conftest.py:529	测试命中，非生产冲突源	生产 chat/retry/stream 落回话无条件 `with atomic(self.db)`；真实 DB 测试默认
TEST_annotate	other	tests/conftest.py:541	测试命中，非生产冲突源	def atomic_for_tests(db):
TEST_annotate	pause_depth_flags	tests/test_settlement_write_guard_393.py:5	测试命中，非生产冲突源	Gate2（F-A）：仅查相位不够——pre_settle 在原子块内（_commit_suspended=True）跑财政 tick，
TEST_annotate	pause_depth_flags	tests/test_settlement_write_guard_393.py:215	测试命中，非生产冲突源	# 否则撞 _commit_suspended（save→500）或关掉 worker 正写的连接（load 崩）。cmr Gate2 r5。
TEST_annotate	commit_call	tests/test_qa_e1_numeric_presentation.py:33	测试命中，非生产冲突源	db.conn.commit()
TEST_annotate	commit_call	tests/test_qa_e1_numeric_presentation.py:97	测试命中，非生产冲突源	db.conn.commit()
TEST_annotate	commit_call	tests/test_recommendation_edges_635.py:102	测试命中，非生产冲突源	db.conn.commit()
TEST_annotate	commit_call	tests/test_public_character_place_1683.py:43	测试命中，非生产冲突源	db.conn.commit()
TEST_annotate	begin	tests/test_style_temperament_641.py:180	测试命中，非生产冲突源	db.conn.execute("BEGIN")
TEST_annotate	rollback_call	tests/test_style_temperament_641.py:189	测试命中，非生产冲突源	db.conn.rollback()
TEST_annotate	commit_call	tests/test_declaration_dispatch_1835.py:303	测试命中，非生产冲突源	db.conn.commit()
TEST_annotate	savepoint	tests/test_declaration_dispatch_1835.py:380	测试命中，非生产冲突源	这个运行时对象（`db.set_character_status`），SAVEPOINT 只回滚 DB 行；
TEST_annotate	commit_call	tests/test_month_chain_1843.py:238	测试命中，非生产冲突源	db.conn.commit()
TEST_annotate	commit_call	tests/test_month_chain_1843.py:263	测试命中，非生产冲突源	db.conn.commit()
TEST_annotate	commit_call	tests/test_month_chain_1843.py:292	测试命中，非生产冲突源	db.conn.commit()
TEST_annotate	commit_call	tests/test_month_chain_1843.py:342	测试命中，非生产冲突源	db.conn.commit()
TEST_annotate	commit_call	tests/test_month_chain_1843.py:390	测试命中，非生产冲突源	db.conn.commit()
TEST_annotate	commit_call	tests/test_month_chain_1843.py:423	测试命中，非生产冲突源	db.conn.commit()
TEST_annotate	commit_call	tests/test_month_chain_1843.py:534	测试命中，非生产冲突源	db.conn.commit()
TEST_annotate	commit_call	tests/test_month_chain_1843.py:667	测试命中，非生产冲突源	db.conn.commit()
TEST_annotate	commit_call	tests/test_month_chain_1843.py:796	测试命中，非生产冲突源	db.conn.commit()
TEST_annotate	commit_call	tests/test_month_chain_1843.py:888	测试命中，非生产冲突源	db.conn.commit()
TEST_annotate	commit_call	tests/test_p4_guard_new_surfaces_547.py:58	测试命中，非生产冲突源	db.conn.commit()
TEST_annotate	commit_call	tests/test_p4_guard_new_surfaces_547.py:235	测试命中，非生产冲突源	db.conn.commit()
TEST_annotate	commit_call	tests/test_office_inference.py:240	测试命中，非生产冲突源	db.conn.commit()
TEST_annotate	commit_call	tests/test_office_inference.py:265	测试命中，非生产冲突源	db.conn.commit()
TEST_annotate	commit_call	tests/test_fiscal_levy_effect.py:286	测试命中，非生产冲突源	db.conn.commit()
TEST_annotate	commit_call	tests/test_fiscal_levy_effect.py:321	测试命中，非生产冲突源	db.conn.commit()
TEST_annotate	commit_call	tests/test_fiscal_levy_effect.py:346	测试命中，非生产冲突源	db.conn.commit()
TEST_annotate	commit_call	tests/test_fiscal_levy_effect.py:396	测试命中，非生产冲突源	db.conn.commit()
TEST_annotate	commit_call	tests/test_fiscal_levy_effect.py:450	测试命中，非生产冲突源	db.conn.commit()
TEST_annotate	commit_call	tests/test_fiscal_levy_effect.py:462	测试命中，非生产冲突源	db.conn.commit()
TEST_annotate	commit_call	tests/test_fiscal_levy_effect.py:499	测试命中，非生产冲突源	db.conn.commit()
TEST_annotate	commit_call	tests/test_fiscal_levy_effect.py:512	测试命中，非生产冲突源	db.conn.commit()
TEST_annotate	commit_call	tests/test_fiscal_levy_effect.py:684	测试命中，非生产冲突源	db.conn.commit()
TEST_annotate	commit_call	tests/test_fiscal_levy_effect.py:889	测试命中，非生产冲突源	db.conn.commit()
TEST_annotate	commit_call	tests/test_fiscal_levy_effect.py:987	测试命中，非生产冲突源	db.conn.commit()
TEST_annotate	commit_call	tests/test_fiscal_levy_effect.py:1009	测试命中，非生产冲突源	db.conn.commit()
TEST_annotate	commit_call	tests/test_fiscal_levy_effect.py:1139	测试命中，非生产冲突源	db.conn.commit()
TEST_annotate	commit_call	tests/test_fiscal_levy_effect.py:1185	测试命中，非生产冲突源	db.conn.commit()
TEST_annotate	rollback_call	tests/test_fiscal_levy_effect.py:1699	测试命中，非生产冲突源	db.conn.rollback()
TEST_annotate	commit_call	tests/test_faction_denunciation_627.py:85	测试命中，非生产冲突源	db.conn.commit()
TEST_annotate	commit_call	tests/test_faction_denunciation_627.py:103	测试命中，非生产冲突源	db.conn.commit()
TEST_annotate	commit_call	tests/test_faction_denunciation_627.py:131	测试命中，非生产冲突源	db.conn.commit()
TEST_annotate	commit_call	tests/test_faction_denunciation_627.py:153	测试命中，非生产冲突源	db.conn.commit()
TEST_annotate	commit_call	tests/test_faction_denunciation_627.py:173	测试命中，非生产冲突源	db.conn.commit()
TEST_annotate	commit_call	tests/test_faction_denunciation_627.py:392	测试命中，非生产冲突源	db.conn.commit()
TEST_annotate	commit_call	tests/test_qa_s2_copy_prompts_1356_1402.py:42	测试命中，非生产冲突源	db.conn.commit()
TEST_annotate	commit_call	tests/test_qa_s2_copy_prompts_1356_1402.py:79	测试命中，非生产冲突源	db.conn.commit()
TEST_annotate	commit_call	tests/test_decree_forecast_1861.py:422	测试命中，非生产冲突源	db.conn.commit()
TEST_annotate	commit_call	tests/test_decree_forecast_1861.py:470	测试命中，非生产冲突源	db.conn.commit()
TEST_annotate	commit_call	tests/test_execution_joint_liability_565.py:151	测试命中，非生产冲突源	db.conn.commit()
TEST_annotate	commit_call	tests/test_execution_joint_liability_565.py:191	测试命中，非生产冲突源	db.conn.commit()
TEST_annotate	commit_call	tests/test_execution_joint_liability_565.py:360	测试命中，非生产冲突源	db.conn.commit()
TEST_annotate	commit_call	tests/test_fiscal_beyond_intent_1260.py:78	测试命中，非生产冲突源	db.conn.commit()
TEST_annotate	commit_call	tests/test_fiscal_beyond_intent_1260.py:85	测试命中，非生产冲突源	db.conn.commit()
TEST_annotate	commit_call	tests/test_army_maintenance_retire_173.py:41	测试命中，非生产冲突源	db.conn.commit()
TEST_annotate	commit_call	tests/test_army_maintenance_retire_173.py:60	测试命中，非生产冲突源	db.conn.commit()
TEST_annotate	commit_call	tests/test_staged_assignment_identity_1890.py:187	测试命中，非生产冲突源	db.conn.commit()
TEST_annotate	commit_call	tests/test_staged_assignment_identity_1890.py:457	测试命中，非生产冲突源	db.conn.commit()
TEST_annotate	commit_call	tests/test_decree_commitment_schema_136.py:250	测试命中，非生产冲突源	conn.commit()
TEST_annotate	commit_call	tests/test_month_loop_tracer_1468.py:492	测试命中，非生产冲突源	game.db.conn.commit()
TEST_annotate	commit_call	tests/test_audience_travel_gating_670.py:31	测试命中，非生产冲突源	db.conn.commit()
TEST_annotate	savepoint	tests/test_audience_travel_gating_670.py:334	测试命中，非生产冲突源	# 续程过月已调度机械尾，尾巴与本段写同一连接。open_night 的 SAVEPOINT
TEST_annotate	commit_call	tests/test_audience_travel_gating_670.py:344	测试命中，非生产冲突源	db.conn.commit()
TEST_annotate	commit_call	tests/test_audience_travel_gating_670.py:906	测试命中，非生产冲突源	db.conn.commit()
TEST_annotate	commit_call	tests/test_audience_travel_gating_670.py:973	测试命中，非生产冲突源	db.conn.commit()
TEST_annotate	savepoint	tests/test_audience_travel_gating_670.py:1111	测试命中，非生产冲突源	"""#670：战略人物预检 SAVEPOINT 内离京不报错；ROLLBACK 后行止与召旨均原样。"""
TEST_annotate	begin	tests/test_audience_travel_gating_670.py:1131	测试命中，非生产冲突源	db.conn.execute("BEGIN")
TEST_annotate	savepoint	tests/test_audience_travel_gating_670.py:1132	测试命中，非生产冲突源	db.conn.execute("SAVEPOINT strategic_person_result_preflight")
TEST_annotate	savepoint	tests/test_audience_travel_gating_670.py:1143	测试命中，非生产冲突源	# 预检内可见暂态写，但不得 durable commit 掉 SAVEPOINT。
TEST_annotate	savepoint	tests/test_audience_travel_gating_670.py:1146	测试命中，非生产冲突源	db.conn.execute("ROLLBACK TO SAVEPOINT strategic_person_result_preflight")
TEST_annotate	savepoint	tests/test_audience_travel_gating_670.py:1147	测试命中，非生产冲突源	db.conn.execute("RELEASE SAVEPOINT strategic_person_result_preflight")
TEST_annotate	rollback_call	tests/test_audience_travel_gating_670.py:1148	测试命中，非生产冲突源	db.conn.rollback()
TEST_annotate	begin	tests/test_audience_travel_gating_670.py:1174	测试命中，非生产冲突源	db.conn.execute("BEGIN")
TEST_annotate	rollback_call	tests/test_audience_travel_gating_670.py:1187	测试命中，非生产冲突源	db.conn.rollback()
TEST_annotate	commit_call	tests/test_impeachment_surge_655.py:42	测试命中，非生产冲突源	db.conn.commit()
TEST_annotate	commit_call	tests/test_impeachment_surge_655.py:79	测试命中，非生产冲突源	db.conn.commit()
TEST_annotate	commit_call	tests/test_impeachment_surge_655.py:101	测试命中，非生产冲突源	db.conn.commit()
TEST_annotate	commit_call	tests/test_impeachment_surge_655.py:132	测试命中，非生产冲突源	db.conn.commit()
TEST_annotate	commit_call	tests/test_impeachment_surge_655.py:279	测试命中，非生产冲突源	db.conn.commit()
TEST_annotate	commit_call	tests/test_impeachment_surge_655.py:282	测试命中，非生产冲突源	db.conn.commit()
TEST_annotate	commit_call	tests/test_impeachment_surge_655.py:306	测试命中，非生产冲突源	db.conn.commit()
TEST_annotate	commit_call	tests/test_impeachment_surge_655.py:309	测试命中，非生产冲突源	db.conn.commit()
TEST_annotate	commit_call	tests/test_pihong_dossier_1490.py:517	测试命中，非生产冲突源	db.conn.commit()
TEST_annotate	commit_call	tests/test_pihong_dossier_1490.py:656	测试命中，非生产冲突源	db.conn.commit()
TEST_annotate	commit_call	tests/test_pihong_dossier_1490.py:676	测试命中，非生产冲突源	db.conn.commit()
TEST_annotate	commit_call	tests/test_pihong_dossier_1490.py:771	测试命中，非生产冲突源	db.conn.commit()
TEST_annotate	commit_call	tests/test_pihong_dossier_1490.py:782	测试命中，非生产冲突源	db.conn.commit()
TEST_annotate	commit_call	tests/test_pihong_dossier_1490.py:793	测试命中，非生产冲突源	web_game.db.conn.commit()
TEST_annotate	commit_call	tests/test_pihong_dossier_1490.py:820	测试命中，非生产冲突源	db.conn.commit()
TEST_annotate	commit_call	tests/test_pihong_dossier_1490.py:884	测试命中，非生产冲突源	probe.conn.commit()
TEST_annotate	commit_call	tests/test_pihong_dossier_1490.py:953	测试命中，非生产冲突源	db.conn.commit()
TEST_annotate	commit_call	tests/test_pihong_dossier_1490.py:1052	测试命中，非生产冲突源	db.conn.commit()
TEST_annotate	commit_call	tests/test_pihong_dossier_1490.py:1073	测试命中，非生产冲突源	db.conn.commit()
TEST_annotate	commit_call	tests/test_pihong_dossier_1490.py:1095	测试命中，非生产冲突源	db.conn.commit()
TEST_annotate	commit_call	tests/test_pihong_dossier_1490.py:1120	测试命中，非生产冲突源	db.conn.commit()
TEST_annotate	commit_call	tests/test_pihong_dossier_1490.py:1133	测试命中，非生产冲突源	db.conn.commit()
TEST_annotate	commit_call	tests/test_pihong_dossier_1490.py:1146	测试命中，非生产冲突源	db.conn.commit()
TEST_annotate	commit_call	tests/test_pihong_dossier_1490.py:1300	测试命中，非生产冲突源	db.conn.commit()
TEST_annotate	commit_call	tests/test_pihong_dossier_1490.py:1307	测试命中，非生产冲突源	db.conn.commit()
TEST_annotate	commit_call	tests/test_pihong_dossier_1490.py:1435	测试命中，非生产冲突源	db.conn.commit()
TEST_annotate	commit_call	tests/test_pihong_dossier_1490.py:1441	测试命中，非生产冲突源	db.conn.commit()
TEST_annotate	commit_call	tests/test_pihong_dossier_1490.py:1628	测试命中，非生产冲突源	db.conn.commit()
TEST_annotate	commit_call	tests/test_pihong_dossier_1490.py:1740	测试命中，非生产冲突源	db.conn.commit()
TEST_annotate	commit_call	tests/test_pihong_dossier_1490.py:1744	测试命中，非生产冲突源	db.conn.commit()
TEST_annotate	commit_call	tests/test_pihong_dossier_1490.py:1993	测试命中，非生产冲突源	db.conn.commit()
TEST_annotate	commit_call	tests/test_pihong_dossier_1490.py:1997	测试命中，非生产冲突源	db.conn.commit()
TEST_annotate	commit_call	tests/test_pihong_dossier_1490.py:2219	测试命中，非生产冲突源	db.conn.commit()
TEST_annotate	commit_call	tests/test_pihong_dossier_1490.py:2261	测试命中，非生产冲突源	db.conn.commit()
TEST_annotate	commit_call	tests/test_pihong_dossier_1490.py:2280	测试命中，非生产冲突源	db.conn.commit()
TEST_annotate	commit_call	tests/test_pihong_dossier_1490.py:2294	测试命中，非生产冲突源	db.conn.commit()
TEST_annotate	commit_call	tests/test_pihong_dossier_1490.py:2338	测试命中，非生产冲突源	db.conn.commit()
TEST_annotate	commit_call	tests/test_pihong_dossier_1490.py:2742	测试命中，非生产冲突源	db.conn.commit()
TEST_annotate	commit_call	tests/test_pihong_dossier_1490.py:2874	测试命中，非生产冲突源	db.conn.commit()
TEST_annotate	commit_call	tests/test_pihong_dossier_1490.py:2876	测试命中，非生产冲突源	db.conn.commit()
TEST_annotate	commit_call	tests/test_audience_night_498.py:77	测试命中，非生产冲突源	db.conn.commit()
TEST_annotate	commit_call	tests/test_audience_night_498.py:85	测试命中，非生产冲突源	db.conn.commit()
TEST_annotate	commit_call	tests/test_audience_night_498.py:246	测试命中，非生产冲突源	db.conn.commit()
TEST_annotate	commit_call	tests/test_audience_night_498.py:430	测试命中，非生产冲突源	db.conn.commit()
TEST_annotate	commit_call	tests/test_audience_night_498.py:549	测试命中，非生产冲突源	conn.commit()
TEST_annotate	commit_call	tests/test_population_transfers_649.py:55	测试命中，非生产冲突源	db.conn.commit()
TEST_annotate	commit_call	tests/test_scene_llm_1836.py:166	测试命中，非生产冲突源	db.conn.commit()
TEST_annotate	commit_call	tests/test_scene_llm_1836.py:224	测试命中，非生产冲突源	db.conn.commit()
TEST_annotate	commit_call	tests/test_person_archive_schema.py:180	测试命中，非生产冲突源	conn.commit()
TEST_annotate	atomic_boundary	tests/test_rejection_wiring.py:138	测试命中，非生产冲突源	with atomic(db):
TEST_annotate	commit_call	tests/test_rejection_wiring.py:183	测试命中，非生产冲突源	db.conn.commit()
TEST_annotate	commit_call	tests/test_rejection_wiring.py:209	测试命中，非生产冲突源	db.conn.commit()
TEST_annotate	commit_call	tests/test_rejection_wiring.py:232	测试命中，非生产冲突源	db.conn.commit()
TEST_annotate	commit_call	tests/test_rejection_wiring.py:376	测试命中，非生产冲突源	db.conn.commit()
TEST_annotate	commit_call	tests/test_rejection_wiring.py:400	测试命中，非生产冲突源	db.conn.commit()
TEST_annotate	commit_call	tests/test_rejection_wiring.py:492	测试命中，非生产冲突源	db.conn.commit()
TEST_annotate	commit_call	tests/test_rejection_wiring.py:544	测试命中，非生产冲突源	db.conn.commit()
TEST_annotate	commit_call	tests/test_web_court_visibility.py:159	测试命中，非生产冲突源	db.conn.commit()
TEST_annotate	commit_call	tests/test_web_court_visibility.py:326	测试命中，非生产冲突源	db.conn.commit()
TEST_annotate	commit_call	tests/test_web_court_visibility.py:358	测试命中，非生产冲突源	db.conn.commit()
TEST_annotate	commit_call	tests/test_web_court_visibility.py:381	测试命中，非生产冲突源	db.conn.commit()
TEST_annotate	commit_call	tests/test_web_court_visibility.py:395	测试命中，非生产冲突源	db.conn.commit()
TEST_annotate	commit_call	tests/test_web_court_visibility.py:547	测试命中，非生产冲突源	db.conn.commit()
TEST_annotate	commit_call	tests/test_month_chain_1847.py:136	测试命中，非生产冲突源	db.conn.commit()
TEST_annotate	commit_call	tests/test_month_chain_1847.py:306	测试命中，非生产冲突源	db.conn.commit()
TEST_annotate	commit_call	tests/test_month_chain_1847.py:379	测试命中，非生产冲突源	db.conn.commit()
TEST_annotate	commit_call	tests/test_month_chain_1847.py:461	测试命中，非生产冲突源	db.conn.commit()
TEST_annotate	commit_call	tests/test_month_chain_1847.py:510	测试命中，非生产冲突源	db.conn.commit()
TEST_annotate	commit_call	tests/test_month_chain_1847.py:604	测试命中，非生产冲突源	db.conn.commit()
TEST_annotate	commit_call	tests/test_month_chain_1847.py:647	测试命中，非生产冲突源	db.conn.commit()
TEST_annotate	commit_call	tests/test_month_chain_1847.py:809	测试命中，非生产冲突源	db.conn.commit()
TEST_annotate	commit_call	tests/test_month_chain_1847.py:1060	测试命中，非生产冲突源	db.conn.commit()
TEST_annotate	commit_call	tests/test_month_chain_1847.py:1146	测试命中，非生产冲突源	db.conn.commit()
TEST_annotate	commit_call	tests/test_month_chain_1847.py:1235	测试命中，非生产冲突源	db.conn.commit()
TEST_annotate	commit_call	tests/test_month_chain_1847.py:1335	测试命中，非生产冲突源	db.conn.commit()
TEST_annotate	commit_call	tests/test_month_chain_1847.py:1398	测试命中，非生产冲突源	db.conn.commit()
TEST_annotate	commit_call	tests/test_month_chain_1847.py:1467	测试命中，非生产冲突源	db.conn.commit()
TEST_annotate	commit_call	tests/test_month_chain_1847.py:1592	测试命中，非生产冲突源	db.conn.commit()
TEST_annotate	commit_call	tests/test_month_chain_1847.py:1738	测试命中，非生产冲突源	db.conn.commit()
TEST_annotate	commit_call	tests/test_month_chain_1847.py:1790	测试命中，非生产冲突源	db.conn.commit()
TEST_annotate	commit_call	tests/test_month_chain_1847.py:1818	测试命中，非生产冲突源	db.conn.commit()
TEST_annotate	commit_call	tests/test_month_chain_1847.py:1890	测试命中，非生产冲突源	db.conn.commit()
TEST_annotate	commit_call	tests/test_month_chain_1847.py:2024	测试命中，非生产冲突源	db.conn.commit()
TEST_annotate	commit_call	tests/test_month_chain_1847.py:2121	测试命中，非生产冲突源	db.conn.commit()
TEST_annotate	commit_call	tests/test_month_chain_1847.py:2243	测试命中，非生产冲突源	db.conn.commit()
TEST_annotate	commit_call	tests/test_faction_class_section_rejections.py:235	测试命中，非生产冲突源	db.conn.commit()
TEST_annotate	commit_call	tests/test_section4_rejections.py:427	测试命中，非生产冲突源	db.conn.commit()
TEST_annotate	commit_call	tests/test_section4_rejections.py:450	测试命中，非生产冲突源	db.conn.commit()
TEST_annotate	commit_call	tests/test_section4_rejections.py:469	测试命中，非生产冲突源	db.conn.commit()
TEST_annotate	commit_call	tests/test_section4_rejections.py:668	测试命中，非生产冲突源	db.conn.commit()
TEST_annotate	commit_call	tests/test_section4_rejections.py:696	测试命中，非生产冲突源	db.conn.commit()
TEST_annotate	commit_call	tests/test_decree_dossiers_571.py:359	测试命中，非生产冲突源	db.conn.commit()
TEST_annotate	atomic_boundary	tests/test_decree_dossiers_571.py:1327	测试命中，非生产冲突源	with atomic(db):
TEST_annotate	atomic_boundary	tests/test_decree_dossiers_571.py:1351	测试命中，非生产冲突源	with atomic(db):
TEST_annotate	commit_call	tests/test_audience_translation_once_1898.py:75	测试命中，非生产冲突源	first.db.conn.commit()
TEST_annotate	atomic_boundary	tests/test_error_pack.py:44	测试命中，非生产冲突源	with atomic(db):
TEST_annotate	commit_call	tests/test_error_pack.py:100	测试命中，非生产冲突源	db.conn.commit()
TEST_annotate	commit_call	tests/test_person_delta_adapter.py:311	测试命中，非生产冲突源	db.conn.commit()
TEST_annotate	begin	tests/test_person_delta_adapter.py:353	测试命中，非生产冲突源	db.conn.execute("BEGIN")
TEST_annotate	rollback_call	tests/test_person_delta_adapter.py:367	测试命中，非生产冲突源	db.conn.rollback()
TEST_annotate	begin	tests/test_person_delta_adapter.py:391	测试命中，非生产冲突源	db.conn.execute("BEGIN")
TEST_annotate	rollback_call	tests/test_person_delta_adapter.py:405	测试命中，非生产冲突源	db.conn.rollback()
TEST_annotate	in_transaction_probe	tests/test_person_delta_adapter.py:421	测试命中，非生产冲突源	if db.conn.in_transaction:
TEST_annotate	rollback_call	tests/test_person_delta_adapter.py:422	测试命中，非生产冲突源	db.conn.rollback()
TEST_annotate	commit_call	tests/test_person_delta_adapter.py:442	测试命中，非生产冲突源	db.conn.commit()
TEST_annotate	commit_call	tests/test_person_delta_adapter.py:731	测试命中，非生产冲突源	db.conn.commit()
TEST_annotate	commit_call	tests/test_person_delta_adapter.py:925	测试命中，非生产冲突源	db.conn.commit()
TEST_annotate	commit_call	tests/test_person_delta_adapter.py:1029	测试命中，非生产冲突源	db.conn.commit()
TEST_annotate	atomic_boundary	tests/test_person_delta_adapter.py:1276	测试命中，非生产冲突源	with atomic(db):
TEST_annotate	commit_call	tests/test_person_delta_adapter.py:1400	测试命中，非生产冲突源	db.conn.commit()
TEST_annotate	commit_call	tests/test_person_delta_adapter.py:1740	测试命中，非生产冲突源	db.conn.commit()
TEST_annotate	commit_call	tests/test_person_delta_adapter.py:2052	测试命中，非生产冲突源	db.conn.commit()
TEST_annotate	commit_call	tests/test_person_delta_adapter.py:2527	测试命中，非生产冲突源	db.conn.commit()
TEST_annotate	commit_call	tests/test_person_delta_adapter.py:2606	测试命中，非生产冲突源	db.conn.commit()
TEST_annotate	commit_call	tests/test_person_delta_adapter.py:2632	测试命中，非生产冲突源	db.conn.commit()
TEST_annotate	commit_call	tests/test_person_delta_adapter.py:2661	测试命中，非生产冲突源	db.conn.commit()
TEST_annotate	commit_call	tests/test_person_delta_adapter.py:2683	测试命中，非生产冲突源	db.conn.commit()
TEST_annotate	commit_call	tests/test_person_delta_adapter.py:2706	测试命中，非生产冲突源	db.conn.commit()
TEST_annotate	commit_call	tests/test_person_delta_adapter.py:2794	测试命中，非生产冲突源	db.conn.commit()
TEST_annotate	commit_call	tests/test_person_delta_adapter.py:3032	测试命中，非生产冲突源	db.conn.commit()
TEST_annotate	commit_call	tests/test_person_delta_adapter.py:3086	测试命中，非生产冲突源	db.conn.commit()
TEST_annotate	commit_call	tests/test_person_delta_adapter.py:3141	测试命中，非生产冲突源	db.conn.commit()
TEST_annotate	commit_call	tests/test_person_delta_adapter.py:3181	测试命中，非生产冲突源	db.conn.commit()
TEST_annotate	commit_call	tests/test_person_delta_adapter.py:3236	测试命中，非生产冲突源	db.conn.commit()
TEST_annotate	commit_call	tests/test_person_delta_adapter.py:3273	测试命中，非生产冲突源	db.conn.commit()
TEST_annotate	commit_call	tests/test_person_delta_adapter.py:3323	测试命中，非生产冲突源	db.conn.commit()
TEST_annotate	commit_call	tests/test_person_delta_adapter.py:3363	测试命中，非生产冲突源	db.conn.commit()
TEST_annotate	commit_call	tests/test_person_delta_adapter.py:3411	测试命中，非生产冲突源	db.conn.commit()
TEST_annotate	commit_call	tests/test_person_delta_adapter.py:3461	测试命中，非生产冲突源	db.conn.commit()
TEST_annotate	commit_call	tests/test_person_delta_adapter.py:3503	测试命中，非生产冲突源	db.conn.commit()
TEST_annotate	commit_call	tests/test_material_directory_1830.py:100	测试命中，非生产冲突源	db.conn.commit()
TEST_annotate	commit_call	tests/test_material_directory_1830.py:139	测试命中，非生产冲突源	db.conn.commit()
TEST_annotate	commit_call	tests/test_material_directory_1830.py:222	测试命中，非生产冲突源	db.conn.commit()
TEST_annotate	commit_call	tests/test_material_directory_1830.py:242	测试命中，非生产冲突源	db.conn.commit()
TEST_annotate	commit_call	tests/test_loyalty_soft_adjust_clamp_320.py:29	测试命中，非生产冲突源	db.conn.commit()
TEST_annotate	commit_call	tests/test_loyalty_soft_adjust_clamp_320.py:107	测试命中，非生产冲突源	db.conn.commit()
TEST_annotate	commit_call	tests/test_on_scene_immediate_write_1839.py:53	测试命中，非生产冲突源	db.conn.commit()
TEST_annotate	commit_call	tests/test_on_scene_immediate_write_1839.py:65	测试命中，非生产冲突源	db.conn.commit()
TEST_annotate	commit_call	tests/test_run_agent_text_transport_1465.py:79	测试命中，非生产冲突源	game_db.conn.commit()
TEST_annotate	commit_call	tests/test_run_agent_text_transport_1465.py:108	测试命中，非生产冲突源	game_db.conn.commit()
TEST_annotate	commit_call	tests/legacy_staging_helpers.py:107	测试命中，非生产冲突源	db.conn.commit()
TEST_annotate	commit_call	tests/test_audience_undo_506.py:66	测试命中，非生产冲突源	db.conn.commit()
TEST_annotate	commit_call	tests/test_audience_undo_506.py:193	测试命中，非生产冲突源	db.conn.commit()
TEST_annotate	commit_call	tests/test_audience_undo_506.py:279	测试命中，非生产冲突源	db.conn.commit()
TEST_annotate	commit_call	tests/test_audience_undo_506.py:557	测试命中，非生产冲突源	db.conn.commit()
TEST_annotate	commit_call	tests/test_identity_seed_488.py:61	测试命中，非生产冲突源	first.conn.commit()
TEST_annotate	commit_call	tests/test_audience_translate_1837.py:128	测试命中，非生产冲突源	db.conn.commit()
TEST_annotate	commit_call	tests/test_qa_d1_decree_normalize_1274.py:119	测试命中，非生产冲突源	db.conn.commit()
TEST_annotate	commit_call	tests/test_economy_section_rejections.py:103	测试命中，非生产冲突源	db.conn.commit()
TEST_annotate	commit_call	tests/test_economy_section_rejections.py:159	测试命中，非生产冲突源	db.conn.commit()
TEST_annotate	commit_call	tests/test_shared_resource_order_1844.py:93	测试命中，非生产冲突源	db.conn.commit()
TEST_annotate	commit_call	tests/test_shared_resource_order_1844.py:235	测试命中，非生产冲突源	db.conn.commit()
TEST_annotate	commit_call	tests/test_shared_resource_order_1844.py:274	测试命中，非生产冲突源	db.conn.commit()
TEST_annotate	commit_call	tests/test_candidate_supply_1893.py:141	测试命中，非生产冲突源	db.conn.commit()
TEST_annotate	commit_call	tests/test_mutiny_latch_315.py:57	测试命中，非生产冲突源	db.conn.commit()
TEST_annotate	commit_call	tests/test_mutiny_latch_315.py:66	测试命中，非生产冲突源	db.conn.commit()
TEST_annotate	commit_call	tests/test_qa_c2_phase_settlement_mask_1374.py:119	测试命中，非生产冲突源	db.conn.commit()
TEST_annotate	commit_call	tests/test_faction_leverage_9.py:287	测试命中，非生产冲突源	db.conn.commit()
TEST_annotate	commit_call	tests/test_faction_leverage_9.py:381	测试命中，非生产冲突源	db.conn.commit()
TEST_annotate	commit_call	tests/test_faction_leverage_9.py:411	测试命中，非生产冲突源	db.conn.commit()
TEST_annotate	commit_call	tests/test_faction_leverage_9.py:424	测试命中，非生产冲突源	db.conn.commit()
TEST_annotate	commit_call	tests/test_faction_leverage_9.py:433	测试命中，非生产冲突源	db.conn.commit()
TEST_annotate	commit_call	tests/test_faction_leverage_9.py:480	测试命中，非生产冲突源	db.conn.commit()
TEST_annotate	commit_call	tests/test_faction_leverage_9.py:683	测试命中，非生产冲突源	db.conn.commit()
TEST_annotate	commit_call	tests/test_faction_leverage_9.py:742	测试命中，非生产冲突源	db.conn.commit()
TEST_annotate	commit_call	tests/test_faction_leverage_9.py:775	测试命中，非生产冲突源	seed_db.conn.commit()
TEST_annotate	commit_call	tests/test_faction_leverage_9.py:838	测试命中，非生产冲突源	seed_db.conn.commit()
TEST_annotate	commit_call	tests/test_faction_leverage_9.py:917	测试命中，非生产冲突源	seed_db.conn.commit()
TEST_annotate	commit_call	tests/test_faction_leverage_9.py:972	测试命中，非生产冲突源	db.conn.commit()
TEST_annotate	commit_call	tests/test_faction_leverage_9.py:1064	测试命中，非生产冲突源	db.conn.commit()
TEST_annotate	commit_call	tests/test_faction_leverage_9.py:1066	测试命中，非生产冲突源	db.conn.commit()
TEST_annotate	commit_call	tests/test_faction_leverage_9.py:1068	测试命中，非生产冲突源	db.conn.commit()
TEST_annotate	commit_call	tests/test_faction_leverage_9.py:1105	测试命中，非生产冲突源	db.conn.commit()
TEST_annotate	commit_call	tests/test_faction_leverage_9.py:1122	测试命中，非生产冲突源	reopened.conn.commit()
TEST_annotate	commit_call	tests/test_qa_u3_map_nodes_1401.py:64	测试命中，非生产冲突源	db.conn.commit()
TEST_annotate	commit_call	tests/test_character_knowledge_489.py:26	测试命中，非生产冲突源	db.conn.commit()
TEST_annotate	commit_call	tests/test_character_knowledge_489.py:140	测试命中，非生产冲突源	db.conn.commit()
TEST_annotate	commit_call	tests/test_character_knowledge_489.py:232	测试命中，非生产冲突源	db.conn.commit()
TEST_annotate	commit_call	tests/test_character_knowledge_489.py:306	测试命中，非生产冲突源	db.conn.commit()
TEST_annotate	commit_call	tests/test_character_knowledge_489.py:625	测试命中，非生产冲突源	db.conn.commit()
TEST_annotate	commit_call	tests/test_character_knowledge_489.py:690	测试命中，非生产冲突源	db.conn.commit()
TEST_annotate	commit_call	tests/test_character_knowledge_489.py:763	测试命中，非生产冲突源	db.conn.commit()
TEST_annotate	commit_call	tests/test_character_knowledge_489.py:1060	测试命中，非生产冲突源	db.conn.commit()
TEST_annotate	commit_call	tests/test_character_knowledge_489.py:1075	测试命中，非生产冲突源	db.conn.commit()
TEST_annotate	commit_call	tests/test_character_knowledge_489.py:1111	测试命中，非生产冲突源	db.conn.commit()
TEST_annotate	commit_call	tests/test_character_knowledge_489.py:1207	测试命中，非生产冲突源	db.conn.commit()
TEST_annotate	commit_call	tests/test_character_knowledge_489.py:1259	测试命中，非生产冲突源	db.conn.commit()
TEST_annotate	commit_call	tests/test_character_knowledge_489.py:1323	测试命中，非生产冲突源	db.conn.commit()
TEST_annotate	commit_call	tests/test_character_knowledge_489.py:1346	测试命中，非生产冲突源	db.conn.commit()
TEST_annotate	begin	tests/test_audience_background.py:136	测试命中，非生产冲突源	# chat atomic 须同闸串行，禁分家导致共享 conn 嵌套 BEGIN。
TEST_annotate	commit_call	tests/test_audience_background.py:187	测试命中，非生产冲突源	db.conn.commit()
TEST_annotate	commit_call	tests/test_relation_store_632.py:204	测试命中，非生产冲突源	原 bug:入口先调 load_state(),其末尾 self.conn.commit() 把调用方半成品落盘;
TEST_annotate	in_transaction_probe	tests/test_relation_store_632.py:205	测试命中，非生产冲突源	入口自身尾部的 commit 守卫又漏判 conn.in_transaction。修复后两处都与
IN_CLASS_J4O_policy_callsite	ownership_policy_use	tests/test_relation_store_632.py:206	写前归属引用公共真源	owns_transaction() 一致——调用方回滚则入口写入一并消失,无半成品落盘。
TEST_annotate	commit_call	tests/test_relation_store_632.py:210	测试命中，非生产冲突源	db.conn.commit()
TEST_annotate	in_transaction_probe	tests/test_relation_store_632.py:211	测试命中，非生产冲突源	# 调用方开事务(裸 DML → in_transaction True,非 atomic 暂停期)
TEST_annotate	in_transaction_probe	tests/test_relation_store_632.py:213	测试命中，非生产冲突源	assert db.conn.in_transaction
TEST_annotate	in_transaction_probe	tests/test_relation_store_632.py:223	测试命中，非生产冲突源	assert db.conn.in_transaction  # 入口没提前 commit,事务仍由调用方持有
TEST_annotate	rollback_call	tests/test_relation_store_632.py:226	测试命中，非生产冲突源	db.conn.rollback()
TEST_annotate	in_transaction_probe	tests/test_relation_store_632.py:227	测试命中，非生产冲突源	assert not db.conn.in_transaction
TEST_annotate	commit_call	tests/test_effect_origin_558.py:166	测试命中，非生产冲突源	db.conn.commit()
TEST_annotate	commit_call	tests/test_effect_origin_558.py:180	测试命中，非生产冲突源	conn.commit()
TEST_annotate	commit_call	tests/test_population_unit_648.py:61	测试命中，非生产冲突源	db.conn.commit()
TEST_annotate	commit_call	tests/test_menu_lifecycle_drain_396.py:728	测试命中，非生产冲突源	conn.commit()
TEST_annotate	commit_call	tests/test_relation_read_640.py:214	测试命中，非生产冲突源	db.conn.commit()
TEST_annotate	commit_call	tests/test_audience_scroll_539.py:35	测试命中，非生产冲突源	db.conn.commit()
TEST_annotate	commit_call	tests/test_audience_scroll_539.py:98	测试命中，非生产冲突源	db.conn.commit()
TEST_annotate	commit_call	tests/test_audience_scroll_539.py:425	测试命中，非生产冲突源	db.conn.commit()
TEST_annotate	commit_call	tests/test_audience_scroll_539.py:451	测试命中，非生产冲突源	db.conn.commit()
TEST_annotate	commit_call	tests/test_audience_scroll_539.py:473	测试命中，非生产冲突源	db.conn.commit()
TEST_annotate	commit_call	tests/test_promulgation_judge_561.py:99	测试命中，非生产冲突源	db.conn.commit()
TEST_annotate	commit_call	tests/test_promulgation_judge_561.py:132	测试命中，非生产冲突源	db.conn.commit()
TEST_annotate	commit_call	tests/test_promulgation_judge_561.py:419	测试命中，非生产冲突源	db.conn.commit()
TEST_annotate	commit_call	tests/test_rescript_choices_563.py:410	测试命中，非生产冲突源	db.conn.commit()
TEST_annotate	commit_call	tests/test_population_transfers_662.py:35	测试命中，非生产冲突源	db.conn.commit()
TEST_annotate	commit_call	tests/test_population_transfers_662.py:47	测试命中，非生产冲突源	db.conn.commit()
TEST_annotate	commit_call	tests/test_gazette_author_1862.py:74	测试命中，非生产冲突源	db.conn.commit()
TEST_annotate	commit_call	tests/test_gazette_author_1862.py:254	测试命中，非生产冲突源	db.conn.commit()
TEST_annotate	commit_call	tests/test_gazette_author_1862.py:261	测试命中，非生产冲突源	db.conn.commit()
TEST_annotate	commit_call	tests/test_state_reload.py:46	测试命中，非生产冲突源	db.conn.commit()
TEST_annotate	commit_call	tests/test_state_reload.py:79	测试命中，非生产冲突源	db.conn.commit()
TEST_annotate	atomic_boundary	tests/test_state_reload.py:210	测试命中，非生产冲突源	with atomic(db):
TEST_annotate	atomic_boundary	tests/test_state_reload.py:326	测试命中，非生产冲突源	with atomic(db):
TEST_annotate	commit_call	tests/army_pay_helpers.py:21	测试命中，非生产冲突源	db.conn.commit()
TEST_annotate	commit_call	tests/test_player_army_projection_321.py:133	测试命中，非生产冲突源	db.conn.commit()
TEST_annotate	commit_call	tests/test_player_army_projection_321.py:168	测试命中，非生产冲突源	db.conn.commit()
TEST_annotate	commit_call	tests/test_player_army_projection_321.py:264	测试命中，非生产冲突源	db.conn.commit()
TEST_annotate	commit_call	tests/test_mutiny_redemption_317.py:29	测试命中，非生产冲突源	db.conn.commit()
TEST_annotate	commit_call	tests/test_mutiny_redemption_317.py:38	测试命中，非生产冲突源	db.conn.commit()
TEST_annotate	commit_call	tests/test_mutiny_redemption_317.py:59	测试命中，非生产冲突源	db.conn.commit()
TEST_annotate	commit_call	tests/test_mutiny_redemption_317.py:76	测试命中，非生产冲突源	db.conn.commit()
TEST_annotate	commit_call	tests/test_mutiny_redemption_317.py:90	测试命中，非生产冲突源	db.conn.commit()
TEST_annotate	commit_call	tests/test_mutiny_redemption_317.py:114	测试命中，非生产冲突源	db.conn.commit()
TEST_annotate	commit_call	tests/test_mutiny_redemption_317.py:147	测试命中，非生产冲突源	migrated.conn.commit()
TEST_annotate	commit_call	tests/test_advance_paths_atomic.py:214	测试命中，非生产冲突源	db.conn.commit()
TEST_annotate	commit_call	tests/test_advance_paths_atomic.py:327	测试命中，非生产冲突源	db.conn.commit()
TEST_annotate	other	tests/test_transaction_boundary.py:27	测试命中，非生产冲突源	def test_game_db_owns_transaction_tracks_atomic_and_open_transactions(game):
IN_CLASS_J4O_policy_callsite	ownership_policy_use	tests/test_transaction_boundary.py:29	写前归属引用公共真源	assert db.owns_transaction() is True
TEST_annotate	atomic_boundary	tests/test_transaction_boundary.py:31	测试命中，非生产冲突源	with atomic(db):
IN_CLASS_J4O_policy_callsite	ownership_policy_use	tests/test_transaction_boundary.py:32	写前归属引用公共真源	assert db.owns_transaction() is False
IN_CLASS_J4O_policy_callsite	ownership_policy_use	tests/test_transaction_boundary.py:34	写前归属引用公共真源	assert db.owns_transaction() is True
TEST_annotate	commit_call	tests/test_transaction_boundary.py:36	测试命中，非生产冲突源	db.conn.commit()
IN_CLASS_J4O_policy_callsite	ownership_policy_use	tests/test_transaction_boundary.py:39	写前归属引用公共真源	assert db.owns_transaction() is False
TEST_annotate	rollback_call	tests/test_transaction_boundary.py:41	测试命中，非生产冲突源	db.conn.rollback()
TEST_annotate	commit_call	tests/test_transaction_boundary.py:48	测试命中，非生产冲突源	db.conn.commit()
TEST_annotate	atomic_boundary	tests/test_transaction_boundary.py:51	测试命中，非生产冲突源	with atomic(db):
TEST_annotate	commit_call	tests/test_transaction_boundary.py:53	测试命中，非生产冲突源	db.conn.commit()  # 暂停期：no-op
TEST_annotate	commit_call	tests/test_transaction_boundary.py:55	测试命中，非生产冲突源	db.conn.commit()  # 暂停期：no-op
TEST_annotate	commit_call	tests/test_transaction_boundary.py:66	测试命中，非生产冲突源	db.conn.commit()
TEST_annotate	atomic_boundary	tests/test_transaction_boundary.py:68	测试命中，非生产冲突源	with atomic(db):
TEST_annotate	commit_call	tests/test_transaction_boundary.py:80	测试命中，非生产冲突源	"""atomic 内调用自带 conn.commit() 的真实 GameDB 方法（kv_set，db.py:5402）→
TEST_annotate	commit_call	tests/test_transaction_boundary.py:84	测试命中，非生产冲突源	db.conn.commit()
TEST_annotate	atomic_boundary	tests/test_transaction_boundary.py:87	测试命中，非生产冲突源	with atomic(db):
TEST_annotate	commit_call	tests/test_transaction_boundary.py:88	测试命中，非生产冲突源	db.kv_set("s1_method", "via_method")  # 内部有 self.conn.commit()
TEST_annotate	commit_call	tests/test_transaction_boundary.py:99	测试命中，非生产冲突源	db.conn.commit()
TEST_annotate	atomic_boundary	tests/test_transaction_boundary.py:102	测试命中，非生产冲突源	with atomic(db):
TEST_annotate	atomic_boundary	tests/test_transaction_boundary.py:104	测试命中，非生产冲突源	with atomic(db):
TEST_annotate	in_transaction_probe	tests/test_transaction_boundary.py:107	测试命中，非生产冲突源	assert db.conn.in_transaction
TEST_annotate	commit_call	tests/test_transaction_boundary.py:119	测试命中，非生产冲突源	db.conn.commit()
TEST_annotate	atomic_boundary	tests/test_transaction_boundary.py:121	测试命中，非生产冲突源	with atomic(db):
TEST_annotate	atomic_boundary	tests/test_transaction_boundary.py:123	测试命中，非生产冲突源	with atomic(db):
TEST_annotate	in_transaction_probe	tests/test_transaction_boundary.py:126	测试命中，非生产冲突源	assert db.conn.in_transaction  # 内层退出未落定，外层接着写
TEST_annotate	rollback_call	tests/test_transaction_boundary.py:139	测试命中，非生产冲突源	"""暂停期内显式 conn.rollback() 仍是真 rollback（暂停只拦 commit）。"""
TEST_annotate	commit_call	tests/test_transaction_boundary.py:142	测试命中，非生产冲突源	db.conn.commit()
TEST_annotate	atomic_boundary	tests/test_transaction_boundary.py:144	测试命中，非生产冲突源	with atomic(db):
TEST_annotate	rollback_call	tests/test_transaction_boundary.py:146	测试命中，非生产冲突源	db.conn.rollback()  # 暂停期：rollback 照常生效
TEST_annotate	commit_call	tests/test_transaction_boundary.py:159	测试命中，非生产冲突源	db.conn.commit()
TEST_annotate	commit_call	tests/test_transaction_boundary.py:177	测试命中，非生产冲突源	db.conn.commit()
TEST_annotate	in_transaction_probe	tests/test_transaction_boundary.py:179	测试命中，非生产冲突源	assert db.conn.in_transaction
TEST_annotate	in_transaction_probe	tests/test_transaction_boundary.py:183	测试命中，非生产冲突源	assert db.conn.in_transaction
TEST_annotate	rollback_call	tests/test_transaction_boundary.py:185	测试命中，非生产冲突源	db.conn.rollback()
TEST_annotate	commit_call	tests/test_transaction_boundary.py:197	测试命中，非生产冲突源	db.conn.commit()
TEST_annotate	in_transaction_probe	tests/test_transaction_boundary.py:199	测试命中，非生产冲突源	assert db.conn.in_transaction
TEST_annotate	in_transaction_probe	tests/test_transaction_boundary.py:206	测试命中，非生产冲突源	assert db.conn.in_transaction
TEST_annotate	rollback_call	tests/test_transaction_boundary.py:209	测试命中，非生产冲突源	db.conn.rollback()
TEST_annotate	atomic_boundary	tests/test_transaction_boundary.py:223	测试命中，非生产冲突源	with atomic(db):
TEST_annotate	in_transaction_probe	tests/test_transaction_boundary.py:230	测试命中，非生产冲突源	assert not db.conn.in_transaction
TEST_annotate	commit_call	tests/test_transaction_boundary.py:238	测试命中，非生产冲突源	db.conn.commit()
TEST_annotate	atomic_boundary	tests/test_transaction_boundary.py:241	测试命中，非生产冲突源	with atomic(db):
TEST_annotate	atomic_boundary	tests/test_transaction_boundary.py:243	测试命中，非生产冲突源	with atomic(db):
TEST_annotate	pause_depth_flags	tests/test_transaction_boundary.py:250	测试命中，非生产冲突源	assert db.conn._commit_suspended is False
TEST_annotate	pause_depth_flags	tests/test_transaction_boundary.py:251	测试命中，非生产冲突源	assert db.conn._atomic_depth == 0
TEST_annotate	commit_call	tests/test_transaction_boundary.py:255	测试命中，非生产冲突源	db.conn.commit()
TEST_annotate	commit_call	tests/test_transaction_boundary.py:270	测试命中，非生产冲突源	db.conn.commit()
TEST_annotate	atomic_boundary	tests/test_transaction_boundary.py:273	测试命中，非生产冲突源	with atomic(db):
TEST_annotate	commit_call	tests/test_transaction_boundary.py:285	测试命中，非生产冲突源	db.conn.commit()
TEST_annotate	commit_call	tests/test_transaction_boundary.py:289	测试命中，非生产冲突源	db.conn.execute("DELETE FROM kv_store WHERE key='s1_ctx_out'"); db.conn.commit()
TEST_annotate	commit_call	tests/test_transaction_boundary.py:296	测试命中，非生产冲突源	db.conn.commit()
TEST_annotate	atomic_boundary	tests/test_transaction_boundary.py:299	测试命中，非生产冲突源	with atomic(db):
TEST_annotate	atomic_boundary	tests/test_transaction_boundary.py:301	测试命中，非生产冲突源	with atomic(db):
TEST_annotate	pause_depth_flags	tests/test_transaction_boundary.py:311	测试命中，非生产冲突源	assert db.conn._commit_suspended is False
TEST_annotate	pause_depth_flags	tests/test_transaction_boundary.py:312	测试命中，非生产冲突源	assert db.conn._atomic_depth == 0
TEST_annotate	commit_call	tests/test_transaction_boundary.py:315	测试命中，非生产冲突源	db.conn.execute("DELETE FROM kv_store WHERE key='s1_swallow_after'"); db.conn.commit()
TEST_annotate	atomic_boundary	tests/test_transaction_boundary.py:323	测试命中，非生产冲突源	with atomic(db):
TEST_annotate	begin	tests/test_transaction_boundary.py:342	测试命中，非生产冲突源	db.conn.execute("BEGIN")
TEST_annotate	rollback_call	tests/test_transaction_boundary.py:346	测试命中，非生产冲突源	db.conn.rollback()
TEST_annotate	begin	tests/test_transaction_boundary.py:366	测试命中，非生产冲突源	db.conn.execute("BEGIN")
TEST_annotate	commit_call	tests/test_transaction_boundary.py:370	测试命中，非生产冲突源	db.conn.commit()
TEST_annotate	atomic_boundary	tests/test_transaction_boundary.py:379	测试命中，非生产冲突源	with atomic(db):
TEST_annotate	commit_call	tests/test_transaction_boundary.py:396	测试命中，非生产冲突源	db.conn.commit()
TEST_annotate	atomic_boundary	tests/test_transaction_boundary.py:399	测试命中，非生产冲突源	with atomic(db):
TEST_annotate	pause_depth_flags	tests/test_transaction_boundary.py:410	测试命中，非生产冲突源	assert db.conn._commit_suspended is False
TEST_annotate	pause_depth_flags	tests/test_transaction_boundary.py:411	测试命中，非生产冲突源	assert db.conn._atomic_depth == 0
TEST_annotate	begin	tests/test_transaction_boundary.py:417	测试命中，非生产冲突源	legacy 模式只有 DML 隐式开事务；最外层须显式 BEGIN，
TEST_annotate	commit_call	tests/test_transaction_boundary.py:422	测试命中，非生产冲突源	db.conn.commit()
TEST_annotate	atomic_boundary	tests/test_transaction_boundary.py:430	测试命中，非生产冲突源	with atomic(db):
TEST_annotate	commit_call	tests/test_transaction_boundary.py:444	测试命中，非生产冲突源	db.conn.commit()
TEST_annotate	in_transaction_probe	tests/test_transaction_boundary.py:457	测试命中，非生产冲突源	assert not db.conn.in_transaction  # 已回滚，不留开事务
TEST_annotate	commit_call	tests/test_transaction_boundary.py:465	测试命中，非生产冲突源	db.conn.commit()
TEST_annotate	pause_depth_flags	tests/test_transaction_boundary.py:472	测试命中，非生产冲突源	if not self._commit_suspended and calls["n"] == 0:
TEST_annotate	atomic_boundary	tests/test_transaction_boundary.py:479	测试命中，非生产冲突源	with atomic(db):
TEST_annotate	in_transaction_probe	tests/test_transaction_boundary.py:482	测试命中，非生产冲突源	assert not db.conn.in_transaction
TEST_annotate	pause_depth_flags	tests/test_transaction_boundary.py:484	测试命中，非生产冲突源	assert db.conn._commit_suspended is False
TEST_annotate	pause_depth_flags	tests/test_transaction_boundary.py:485	测试命中，非生产冲突源	assert db.conn._atomic_depth == 0
TEST_annotate	atomic_boundary	tests/test_transaction_boundary.py:495	测试命中，非生产冲突源	with atomic(PlainDB()):
TEST_annotate	begin	tests/test_transaction_boundary.py:512	测试命中，非生产冲突源	中途回滚结束了 BEGIN 事务；rollback 在暂停期必须重开事务，
TEST_annotate	commit_call	tests/test_transaction_boundary.py:517	测试命中，非生产冲突源	db.conn.commit()
TEST_annotate	atomic_boundary	tests/test_transaction_boundary.py:525	测试命中，非生产冲突源	with atomic(db):
TEST_annotate	commit_call	tests/test_transaction_boundary.py:540	测试命中，非生产冲突源	db.conn.commit()
TEST_annotate	atomic_boundary	tests/test_transaction_boundary.py:548	测试命中，非生产冲突源	with atomic(db):
TEST_annotate	rollback_call	tests/test_transaction_boundary.py:550	测试命中，非生产冲突源	db.conn.rollback()  # 中途显式回滚（暂停期允许）
TEST_annotate	begin	tests/test_transaction_boundary.py:559	测试命中，非生产冲突源	"""入口 BEGIN 抛错不得泄漏暂停标志（cmr S1 r3 F2，泄漏=79 处 commit 全静默失效）。"""
TEST_annotate	begin	tests/test_transaction_boundary.py:565	测试命中，非生产冲突源	if isinstance(sql, str) and sql.strip().upper() == "BEGIN":
TEST_annotate	begin	tests/test_transaction_boundary.py:566	测试命中，非生产冲突源	raise sqlite3.OperationalError("simulated BEGIN failure")
TEST_annotate	begin	tests/test_transaction_boundary.py:570	测试命中，非生产冲突源	with pytest.raises(sqlite3.OperationalError, match="BEGIN"):
TEST_annotate	atomic_boundary	tests/test_transaction_boundary.py:571	测试命中，非生产冲突源	with atomic(db):
TEST_annotate	pause_depth_flags	tests/test_transaction_boundary.py:575	测试命中，非生产冲突源	assert db.conn._commit_suspended is False
TEST_annotate	pause_depth_flags	tests/test_transaction_boundary.py:576	测试命中，非生产冲突源	assert db.conn._atomic_depth == 0
TEST_annotate	commit_call	tests/test_transaction_boundary.py:581	测试命中，非生产冲突源	db.conn.commit()
TEST_annotate	commit_call	tests/test_enrich_list_guards.py:52	测试命中，非生产冲突源	db.conn.commit()
TEST_annotate	commit_call	tests/test_opening_gazette_delete_1356.py:105	测试命中，非生产冲突源	db.conn.commit()
TEST_annotate	commit_call	tests/test_surcharge_causal_chain_650.py:291	测试命中，非生产冲突源	db.conn.commit()
TEST_annotate	commit_call	tests/test_surcharge_causal_chain_650.py:313	测试命中，非生产冲突源	db.conn.commit()
TEST_annotate	commit_call	tests/test_surcharge_causal_chain_650.py:351	测试命中，非生产冲突源	db.conn.commit()
TEST_annotate	commit_call	tests/test_surcharge_causal_chain_650.py:405	测试命中，非生产冲突源	db.conn.commit()
TEST_annotate	commit_call	tests/test_surcharge_causal_chain_650.py:428	测试命中，非生产冲突源	db.conn.commit()
TEST_annotate	commit_call	tests/test_bandit_power_model_190.py:47	测试命中，非生产冲突源	db.conn.commit()
TEST_annotate	commit_call	tests/test_bandit_power_model_190.py:80	测试命中，非生产冲突源	db.conn.commit()
TEST_annotate	commit_call	tests/test_bandit_power_model_190.py:95	测试命中，非生产冲突源	db.conn.commit()
TEST_annotate	commit_call	tests/test_office_rank_562.py:333	测试命中，非生产冲突源	db.conn.commit()
TEST_annotate	commit_call	tests/test_office_rank_562.py:383	测试命中，非生产冲突源	reopened.conn.commit()
TEST_annotate	pause_depth_flags	tests/test_month_call_recovery_1846.py:545	测试命中，非生产冲突源	if not failed["done"] and not getattr(db.conn, "_commit_suspended", False):
TEST_annotate	commit_call	tests/test_due_review_621.py:126	测试命中，非生产冲突源	db.conn.commit()
TEST_annotate	commit_call	tests/test_due_review_621.py:149	测试命中，非生产冲突源	db.conn.commit()
TEST_annotate	commit_call	tests/test_due_review_621.py:170	测试命中，非生产冲突源	db.conn.commit()
TEST_annotate	commit_call	tests/test_due_review_621.py:210	测试命中，非生产冲突源	db.conn.commit()
TEST_annotate	commit_call	tests/test_due_review_621.py:238	测试命中，非生产冲突源	db.conn.commit()
TEST_annotate	commit_call	tests/test_due_review_621.py:276	测试命中，非生产冲突源	db.conn.commit()
TEST_annotate	commit_call	tests/test_due_review_621.py:317	测试命中，非生产冲突源	db.conn.commit()
TEST_annotate	commit_call	tests/test_due_review_621.py:335	测试命中，非生产冲突源	db.conn.commit()
TEST_annotate	commit_call	tests/test_due_review_621.py:345	测试命中，非生产冲突源	db.conn.commit()
TEST_annotate	commit_call	tests/test_due_review_621.py:363	测试命中，非生产冲突源	db.conn.commit()
TEST_annotate	commit_call	tests/test_due_review_621.py:372	测试命中，非生产冲突源	db.conn.commit()
TEST_annotate	commit_call	tests/test_due_review_621.py:391	测试命中，非生产冲突源	db.conn.commit()
TEST_annotate	commit_call	tests/test_due_review_621.py:404	测试命中，非生产冲突源	db.conn.commit()
TEST_annotate	commit_call	tests/test_due_review_621.py:417	测试命中，非生产冲突源	db.conn.commit()
TEST_annotate	commit_call	tests/test_due_review_621.py:432	测试命中，非生产冲突源	db.conn.commit()
TEST_annotate	commit_call	tests/test_due_review_621.py:456	测试命中，非生产冲突源	db.conn.commit()
TEST_annotate	commit_call	tests/test_due_review_621.py:472	测试命中，非生产冲突源	db.conn.commit()
TEST_annotate	commit_call	tests/test_due_review_621.py:488	测试命中，非生产冲突源	db.conn.commit()
TEST_annotate	commit_call	tests/test_due_review_621.py:509	测试命中，非生产冲突源	db.conn.commit()
TEST_annotate	commit_call	tests/test_due_review_621.py:536	测试命中，非生产冲突源	db.conn.commit()
TEST_annotate	commit_call	tests/test_due_review_621.py:573	测试命中，非生产冲突源	db.conn.commit()
TEST_annotate	commit_call	tests/test_due_review_621.py:597	测试命中，非生产冲突源	db.conn.commit()
TEST_annotate	commit_call	tests/test_due_review_621.py:620	测试命中，非生产冲突源	db.conn.commit()
TEST_annotate	commit_call	tests/test_due_review_621.py:636	测试命中，非生产冲突源	db.conn.commit()
TEST_annotate	commit_call	tests/test_due_review_621.py:652	测试命中，非生产冲突源	db.conn.commit()
TEST_annotate	commit_call	tests/test_due_review_621.py:665	测试命中，非生产冲突源	db.conn.commit()
TEST_annotate	commit_call	tests/test_due_review_621.py:693	测试命中，非生产冲突源	db.conn.commit()
TEST_annotate	commit_call	tests/test_due_review_621.py:765	测试命中，非生产冲突源	db.conn.commit()
TEST_annotate	commit_call	tests/test_due_review_621.py:788	测试命中，非生产冲突源	db.conn.commit()
TEST_annotate	commit_call	tests/test_due_review_621.py:801	测试命中，非生产冲突源	db.conn.commit()
TEST_annotate	commit_call	tests/test_six_sciences_seed_608.py:71	测试命中，非生产冲突源	db.conn.commit()
TEST_annotate	commit_call	tests/test_family_tail_restore_570.py:148	测试命中，非生产冲突源	db.conn.commit()
TEST_annotate	commit_call	tests/test_audience_commit_failure_1853.py:145	测试命中，非生产冲突源	db.conn.commit()
TEST_annotate	commit_call	tests/test_refugee_loop_652.py:79	测试命中，非生产冲突源	db.conn.commit()
TEST_annotate	atomic_boundary	tests/test_refugee_loop_652.py:139	测试命中，非生产冲突源	with atomic(db):
TEST_annotate	commit_call	tests/test_refugee_loop_652.py:196	测试命中，非生产冲突源	db.conn.commit()
TEST_annotate	commit_call	tests/test_refugee_loop_652.py:285	测试命中，非生产冲突源	db.conn.commit()
TEST_annotate	commit_call	tests/test_refugee_loop_652.py:319	测试命中，非生产冲突源	db.conn.commit()
TEST_annotate	commit_call	tests/test_refugee_loop_652.py:438	测试命中，非生产冲突源	db.conn.commit()
TEST_annotate	commit_call	tests/test_refugee_loop_652.py:452	测试命中，非生产冲突源	db.conn.commit()
TEST_annotate	commit_call	tests/test_refugee_loop_652.py:498	测试命中，非生产冲突源	db.conn.commit()
TEST_annotate	commit_call	tests/test_refugee_loop_652.py:623	测试命中，非生产冲突源	db.conn.commit()
TEST_annotate	commit_call	tests/test_rescript_draft_656.py:70	测试命中，非生产冲突源	db.conn.commit()
TEST_annotate	commit_call	tests/test_rescript_draft_656.py:915	测试命中，非生产冲突源	db.conn.commit()
TEST_annotate	commit_call	tests/test_rescript_draft_656.py:1296	测试命中，非生产冲突源	db.conn.commit()
TEST_annotate	commit_call	tests/test_mutiny_third_strike_318.py:52	测试命中，非生产冲突源	db.conn.commit()
TEST_annotate	commit_call	tests/test_mutiny_third_strike_318.py:83	测试命中，非生产冲突源	db.conn.commit()
TEST_annotate	commit_call	tests/test_mutiny_third_strike_318.py:248	测试命中，非生产冲突源	db.conn.commit()
TEST_annotate	commit_call	tests/test_mutiny_third_strike_318.py:291	测试命中，非生产冲突源	db.conn.commit()
TEST_annotate	commit_call	tests/test_mutiny_third_strike_318.py:340	测试命中，非生产冲突源	db.conn.commit()
TEST_annotate	commit_call	tests/test_mutiny_third_strike_318.py:384	测试命中，非生产冲突源	db.conn.commit()
TEST_annotate	commit_call	tests/test_mutiny_third_strike_318.py:452	测试命中，非生产冲突源	db.conn.commit()
TEST_annotate	commit_call	tests/test_mutiny_third_strike_318.py:547	测试命中，非生产冲突源	db.conn.commit()
TEST_annotate	commit_call	tests/test_empire_modifier_income_only_341.py:49	测试命中，非生产冲突源	db.conn.commit()
TEST_annotate	commit_call	tests/test_recommendation_batch_snapshot_1583.py:137	测试命中，非生产冲突源	db.conn.commit()
TEST_annotate	commit_call	tests/test_section_fiscal_rejections.py:73	测试命中，非生产冲突源	db.conn.commit()
TEST_annotate	commit_call	tests/test_section_fiscal_rejections.py:335	测试命中，非生产冲突源	db.conn.commit()
TEST_annotate	commit_call	tests/test_section_fiscal_rejections.py:402	测试命中，非生产冲突源	db.conn.commit()
TEST_annotate	commit_call	tests/test_event_trigger_gate.py:59	测试命中，非生产冲突源	db.conn.commit()
TEST_annotate	commit_call	tests/test_event_trigger_gate.py:81	测试命中，非生产冲突源	db.conn.commit()
TEST_annotate	begin	tests/test_event_trigger_gate.py:419	测试命中，非生产冲突源	db.conn.execute("BEGIN")
TEST_annotate	in_transaction_probe	tests/test_event_trigger_gate.py:424	测试命中，非生产冲突源	assert db.conn.in_transaction
TEST_annotate	rollback_call	tests/test_event_trigger_gate.py:425	测试命中，非生产冲突源	db.conn.rollback()
TEST_annotate	in_transaction_probe	tests/test_event_trigger_gate.py:431	测试命中，非生产冲突源	if db.conn.in_transaction:
TEST_annotate	rollback_call	tests/test_event_trigger_gate.py:432	测试命中，非生产冲突源	db.conn.rollback()
TEST_annotate	commit_call	tests/test_event_trigger_gate.py:711	测试命中，非生产冲突源	db.conn.commit()
TEST_annotate	commit_call	tests/test_event_trigger_gate.py:724	测试命中，非生产冲突源	db.conn.commit()
TEST_annotate	commit_call	tests/test_event_trigger_gate.py:1425	测试命中，非生产冲突源	db.conn.commit()
TEST_annotate	begin	tests/test_event_trigger_gate.py:1430	测试命中，非生产冲突源	db.conn.execute("BEGIN")
TEST_annotate	rollback_call	tests/test_event_trigger_gate.py:1438	测试命中，非生产冲突源	db.conn.rollback()
TEST_annotate	commit_call	tests/test_event_trigger_gate.py:1458	测试命中，非生产冲突源	db.conn.commit()
TEST_annotate	begin	tests/test_event_trigger_gate.py:1460	测试命中，非生产冲突源	db.conn.execute("BEGIN")
TEST_annotate	rollback_call	tests/test_event_trigger_gate.py:1468	测试命中，非生产冲突源	db.conn.rollback()
TEST_annotate	commit_call	tests/test_event_trigger_gate.py:1481	测试命中，非生产冲突源	db.conn.commit()
TEST_annotate	begin	tests/test_event_trigger_gate.py:1483	测试命中，非生产冲突源	db.conn.execute("BEGIN")
TEST_annotate	rollback_call	tests/test_event_trigger_gate.py:1486	测试命中，非生产冲突源	db.conn.rollback()
TEST_annotate	commit_call	tests/test_event_trigger_gate.py:1495	测试命中，非生产冲突源	db.conn.commit()
TEST_annotate	begin	tests/test_event_trigger_gate.py:1497	测试命中，非生产冲突源	db.conn.execute("BEGIN")
TEST_annotate	rollback_call	tests/test_event_trigger_gate.py:1506	测试命中，非生产冲突源	db.conn.rollback()
TEST_annotate	commit_call	tests/test_event_trigger_gate.py:1516	测试命中，非生产冲突源	db.conn.commit()
TEST_annotate	begin	tests/test_event_trigger_gate.py:1532	测试命中，非生产冲突源	db.conn.execute("BEGIN")
TEST_annotate	rollback_call	tests/test_event_trigger_gate.py:1540	测试命中，非生产冲突源	db.conn.rollback()
TEST_annotate	commit_call	tests/test_event_trigger_gate.py:1737	测试命中，非生产冲突源	db.conn.commit()
TEST_annotate	commit_call	tests/test_event_trigger_gate.py:1793	测试命中，非生产冲突源	db.conn.commit()
TEST_annotate	commit_call	tests/test_event_trigger_gate.py:2117	测试命中，非生产冲突源	db.conn.commit()
TEST_annotate	commit_call	tests/test_event_trigger_gate.py:2391	测试命中，非生产冲突源	db.conn.commit()
TEST_annotate	commit_call	tests/test_event_trigger_gate.py:2616	测试命中，非生产冲突源	db.conn.commit()
TEST_annotate	begin	tests/test_event_trigger_gate.py:2618	测试命中，非生产冲突源	db.conn.execute("BEGIN")
TEST_annotate	rollback_call	tests/test_event_trigger_gate.py:2638	测试命中，非生产冲突源	db.conn.rollback()
TEST_annotate	commit_call	tests/test_event_trigger_gate.py:2659	测试命中，非生产冲突源	db.conn.commit()
TEST_annotate	begin	tests/test_event_trigger_gate.py:2661	测试命中，非生产冲突源	db.conn.execute("BEGIN")
TEST_annotate	rollback_call	tests/test_event_trigger_gate.py:2668	测试命中，非生产冲突源	db.conn.rollback()
TEST_annotate	commit_call	tests/test_event_trigger_gate.py:2695	测试命中，非生产冲突源	db.conn.commit()
TEST_annotate	begin	tests/test_event_trigger_gate.py:2697	测试命中，非生产冲突源	db.conn.execute("BEGIN")
TEST_annotate	rollback_call	tests/test_event_trigger_gate.py:2704	测试命中，非生产冲突源	db.conn.rollback()
TEST_annotate	commit_call	tests/test_event_trigger_gate.py:2735	测试命中，非生产冲突源	db.conn.commit()
TEST_annotate	begin	tests/test_event_trigger_gate.py:2737	测试命中，非生产冲突源	db.conn.execute("BEGIN")
TEST_annotate	rollback_call	tests/test_event_trigger_gate.py:2744	测试命中，非生产冲突源	db.conn.rollback()
TEST_annotate	commit_call	tests/test_event_trigger_gate.py:2783	测试命中，非生产冲突源	db.conn.commit()
TEST_annotate	begin	tests/test_event_trigger_gate.py:2785	测试命中，非生产冲突源	db.conn.execute("BEGIN")
TEST_annotate	rollback_call	tests/test_event_trigger_gate.py:2792	测试命中，非生产冲突源	db.conn.rollback()
TEST_annotate	commit_call	tests/test_event_trigger_gate.py:2837	测试命中，非生产冲突源	db.conn.commit()
TEST_annotate	begin	tests/test_event_trigger_gate.py:2839	测试命中，非生产冲突源	db.conn.execute("BEGIN")
TEST_annotate	rollback_call	tests/test_event_trigger_gate.py:2846	测试命中，非生产冲突源	db.conn.rollback()
TEST_annotate	commit_call	tests/test_event_trigger_gate.py:2879	测试命中，非生产冲突源	db.conn.commit()
TEST_annotate	begin	tests/test_event_trigger_gate.py:2881	测试命中，非生产冲突源	db.conn.execute("BEGIN")
TEST_annotate	rollback_call	tests/test_event_trigger_gate.py:2888	测试命中，非生产冲突源	db.conn.rollback()
TEST_annotate	commit_call	tests/test_event_trigger_gate.py:2905	测试命中，非生产冲突源	db.conn.commit()
TEST_annotate	rollback_call	tests/test_event_trigger_gate.py:2923	测试命中，非生产冲突源	db.conn.rollback()
TEST_annotate	commit_call	tests/test_event_trigger_gate.py:2936	测试命中，非生产冲突源	db.conn.commit()
TEST_annotate	begin	tests/test_event_trigger_gate.py:2938	测试命中，非生产冲突源	db.conn.execute("BEGIN")
TEST_annotate	rollback_call	tests/test_event_trigger_gate.py:2946	测试命中，非生产冲突源	db.conn.rollback()
TEST_annotate	commit_call	tests/test_event_trigger_gate.py:2958	测试命中，非生产冲突源	db.conn.commit()
TEST_annotate	begin	tests/test_event_trigger_gate.py:2960	测试命中，非生产冲突源	db.conn.execute("BEGIN")
TEST_annotate	rollback_call	tests/test_event_trigger_gate.py:2968	测试命中，非生产冲突源	db.conn.rollback()
TEST_annotate	commit_call	tests/test_event_trigger_gate.py:2984	测试命中，非生产冲突源	db.conn.commit()
TEST_annotate	begin	tests/test_event_trigger_gate.py:2986	测试命中，非生产冲突源	db.conn.execute("BEGIN")
TEST_annotate	rollback_call	tests/test_event_trigger_gate.py:2994	测试命中，非生产冲突源	db.conn.rollback()
TEST_annotate	commit_call	tests/test_event_trigger_gate.py:3028	测试命中，非生产冲突源	db.conn.commit()
TEST_annotate	begin	tests/test_event_trigger_gate.py:3030	测试命中，非生产冲突源	db.conn.execute("BEGIN")
TEST_annotate	rollback_call	tests/test_event_trigger_gate.py:3056	测试命中，非生产冲突源	db.conn.rollback()
TEST_annotate	commit_call	tests/test_event_trigger_gate.py:3083	测试命中，非生产冲突源	db.conn.commit()
TEST_annotate	begin	tests/test_event_trigger_gate.py:3085	测试命中，非生产冲突源	db.conn.execute("BEGIN")
TEST_annotate	rollback_call	tests/test_event_trigger_gate.py:3106	测试命中，非生产冲突源	db.conn.rollback()
TEST_annotate	commit_call	tests/test_event_trigger_gate.py:3653	测试命中，非生产冲突源	db.conn.commit()
TEST_annotate	atomic_boundary	tests/test_event_trigger_gate.py:3660	测试命中，非生产冲突源	with atomic(db):
TEST_annotate	commit_call	tests/test_event_trigger_gate.py:4204	测试命中，非生产冲突源	db.conn.commit()
TEST_annotate	begin	tests/test_event_trigger_gate.py:4206	测试命中，非生产冲突源	db.conn.execute("BEGIN")
TEST_annotate	rollback_call	tests/test_event_trigger_gate.py:4213	测试命中，非生产冲突源	db.conn.rollback()
TEST_annotate	commit_call	tests/test_event_trigger_gate.py:4237	测试命中，非生产冲突源	db.conn.commit()
TEST_annotate	begin	tests/test_event_trigger_gate.py:4239	测试命中，非生产冲突源	db.conn.execute("BEGIN")
TEST_annotate	rollback_call	tests/test_event_trigger_gate.py:4256	测试命中，非生产冲突源	db.conn.rollback()
TEST_annotate	commit_call	tests/test_initiative_resolve_pairing.py:125	测试命中，非生产冲突源	db.conn.commit()
TEST_annotate	commit_call	tests/test_initiative_resolve_pairing.py:148	测试命中，非生产冲突源	db.conn.commit()
TEST_annotate	commit_call	tests/test_execution_tenure_613.py:95	测试命中，非生产冲突源	db.conn.commit()
TEST_annotate	commit_call	tests/test_execution_pressure_654.py:259	测试命中，非生产冲突源	db.conn.commit()
TEST_annotate	commit_call	tests/test_execution_pressure_654.py:326	测试命中，非生产冲突源	db.conn.commit()
TEST_annotate	commit_call	tests/test_execution_pressure_654.py:387	测试命中，非生产冲突源	db.conn.commit()
TEST_annotate	commit_call	tests/test_execution_pressure_654.py:427	测试命中，非生产冲突源	db.conn.commit()
TEST_annotate	commit_call	tests/test_execution_pressure_654.py:499	测试命中，非生产冲突源	db.conn.commit()
TEST_annotate	commit_call	tests/test_execution_pressure_654.py:643	测试命中，非生产冲突源	db.conn.commit()
TEST_annotate	commit_call	tests/test_execution_pressure_654.py:941	测试命中，非生产冲突源	conn.commit()
TEST_annotate	commit_call	tests/test_execution_pressure_654.py:962	测试命中，非生产冲突源	conn.commit()
TEST_annotate	commit_call	tests/test_army_salary_44.py:33	测试命中，非生产冲突源	db.conn.commit()
TEST_annotate	commit_call	tests/test_army_salary_44.py:42	测试命中，非生产冲突源	db.conn.commit()
TEST_annotate	commit_call	tests/test_army_salary_44.py:53	测试命中，非生产冲突源	db.conn.commit()
TEST_annotate	commit_call	tests/test_army_salary_44.py:109	测试命中，非生产冲突源	db.conn.commit()
TEST_annotate	commit_call	tests/test_army_salary_44.py:111	测试命中，非生产冲突源	db.conn.commit()
TEST_annotate	commit_call	tests/test_army_salary_44.py:128	测试命中，非生产冲突源	db.conn.commit()
TEST_annotate	commit_call	tests/test_army_salary_44.py:130	测试命中，非生产冲突源	db.conn.commit()
TEST_annotate	commit_call	tests/test_army_salary_44.py:150	测试命中，非生产冲突源	db.conn.commit()
TEST_annotate	commit_call	tests/test_army_salary_44.py:152	测试命中，非生产冲突源	db.conn.commit()
TEST_annotate	commit_call	tests/test_army_salary_44.py:176	测试命中，非生产冲突源	db.conn.commit()
TEST_annotate	commit_call	tests/test_army_salary_44.py:213	测试命中，非生产冲突源	db.conn.commit()
TEST_annotate	commit_call	tests/test_army_salary_44.py:226	测试命中，非生产冲突源	db.conn.commit()
TEST_annotate	commit_call	tests/test_army_salary_44.py:242	测试命中，非生产冲突源	db.conn.commit()
TEST_annotate	commit_call	tests/test_structured_decree_contract_1624.py:309	测试命中，非生产冲突源	db.conn.commit()
TEST_annotate	commit_call	tests/test_event_chain_cascade.py:247	测试命中，非生产冲突源	db.conn.commit()
TEST_annotate	commit_call	tests/test_manual_directive_institution_normalize_1279.py:108	测试命中，非生产冲突源	db.conn.commit()
TEST_annotate	commit_call	tests/test_secret_order_section_rejections.py:81	测试命中，非生产冲突源	db.conn.commit()
TEST_annotate	begin	tests/test_secret_order_section_rejections.py:83	测试命中，非生产冲突源	db.conn.execute("BEGIN")
TEST_annotate	rollback_call	tests/test_secret_order_section_rejections.py:94	测试命中，非生产冲突源	db.conn.rollback()
TEST_annotate	commit_call	tests/test_new_game_smoke.py:130	测试命中，非生产冲突源	raw.commit()
TEST_annotate	commit_call	tests/test_draft_admission_resubmit_1769.py:195	测试命中，非生产冲突源	game.db.conn.commit()
TEST_annotate	commit_call	tests/test_grant_reconciliation_567.py:97	测试命中，非生产冲突源	db.conn.commit()
TEST_annotate	commit_call	tests/test_decree_commitment_settlement_229.py:87	测试命中，非生产冲突源	db.conn.commit()
TEST_annotate	commit_call	tests/test_decree_commitment_settlement_229.py:134	测试命中，非生产冲突源	db.conn.commit()
TEST_annotate	commit_call	tests/test_decree_commitment_settlement_229.py:181	测试命中，非生产冲突源	db.conn.commit()
TEST_annotate	commit_call	tests/test_decree_commitment_settlement_229.py:225	测试命中，非生产冲突源	db.conn.commit()
TEST_annotate	commit_call	tests/test_decree_commitment_settlement_229.py:262	测试命中，非生产冲突源	db.conn.commit()
TEST_annotate	commit_call	tests/test_decree_commitment_settlement_229.py:314	测试命中，非生产冲突源	db.conn.commit()
TEST_annotate	begin	tests/test_decree_commitment_settlement_229.py:316	测试命中，非生产冲突源	db.conn.execute("BEGIN")
TEST_annotate	rollback_call	tests/test_decree_commitment_settlement_229.py:318	测试命中，非生产冲突源	db.conn.rollback()
TEST_annotate	commit_call	tests/test_decree_commitment_settlement_229.py:344	测试命中，非生产冲突源	db.conn.commit()
TEST_annotate	begin	tests/test_decree_commitment_settlement_229.py:346	测试命中，非生产冲突源	db.conn.execute("BEGIN")
TEST_annotate	rollback_call	tests/test_decree_commitment_settlement_229.py:348	测试命中，非生产冲突源	db.conn.rollback()
TEST_annotate	commit_call	tests/test_decree_commitment_settlement_229.py:373	测试命中，非生产冲突源	db.conn.commit()
TEST_annotate	begin	tests/test_decree_commitment_settlement_229.py:375	测试命中，非生产冲突源	db.conn.execute("BEGIN")
TEST_annotate	rollback_call	tests/test_decree_commitment_settlement_229.py:377	测试命中，非生产冲突源	db.conn.rollback()
TEST_annotate	commit_call	tests/test_decree_commitment_settlement_229.py:412	测试命中，非生产冲突源	db.conn.commit()
TEST_annotate	commit_call	tests/test_decree_commitment_settlement_229.py:538	测试命中，非生产冲突源	db.conn.commit()
TEST_annotate	commit_call	tests/test_decree_commitment_settlement_229.py:576	测试命中，非生产冲突源	db.conn.commit()
TEST_annotate	commit_call	tests/test_decree_commitment_settlement_229.py:928	测试命中，非生产冲突源	db.conn.commit()
TEST_annotate	commit_call	tests/test_decree_commitment_settlement_229.py:1228	测试命中，非生产冲突源	db.conn.commit()
TEST_annotate	commit_call	tests/test_decree_commitment_settlement_229.py:1267	测试命中，非生产冲突源	db.conn.commit()
TEST_annotate	commit_call	tests/test_decree_commitment_settlement_229.py:1299	测试命中，非生产冲突源	db.conn.commit()
TEST_annotate	commit_call	tests/test_decree_commitment_settlement_229.py:1351	测试命中，非生产冲突源	db.conn.commit()
TEST_annotate	commit_call	tests/test_decree_commitment_settlement_229.py:1404	测试命中，非生产冲突源	db.conn.commit()
TEST_annotate	commit_call	tests/test_mutiny_actual_residence_659.py:44	测试命中，非生产冲突源	db.conn.commit()
TEST_annotate	commit_call	tests/test_mutiny_actual_residence_659.py:79	测试命中，非生产冲突源	db.conn.commit()
TEST_annotate	atomic_boundary	tests/test_textual_facts_1828.py:116	测试命中，非生产冲突源	with atomic(db):
TEST_annotate	ownership_authority_def	tests/test_relation_seed_638.py:275	测试命中，非生产冲突源	def owns_transaction():
TEST_annotate	commit_call	tests/test_pre_settle_transaction.py:94	测试命中，非生产冲突源	db.conn.commit()
TEST_annotate	in_transaction_probe	tests/test_pre_settle_transaction.py:138	测试命中，非生产冲突源	assert not db.conn.in_transaction
TEST_annotate	in_transaction_probe	tests/test_pre_settle_transaction.py:170	测试命中，非生产冲突源	assert not db.conn.in_transaction
TEST_annotate	commit_call	tests/test_relation_capture_633.py:297	测试命中，非生产冲突源	db.conn.commit()
TEST_annotate	commit_call	tests/test_relation_capture_633.py:339	测试命中，非生产冲突源	db.conn.commit()
TEST_annotate	commit_call	tests/test_relation_capture_633.py:380	测试命中，非生产冲突源	db.conn.commit()
TEST_annotate	commit_call	tests/test_relation_capture_633.py:404	测试命中，非生产冲突源	db.conn.commit()
TEST_annotate	commit_call	tests/test_secret_order_payoff_1504.py:111	测试命中，非生产冲突源	db.conn.commit()
TEST_annotate	commit_call	tests/test_secret_order_payoff_1504.py:125	测试命中，非生产冲突源	db.conn.commit()
TEST_annotate	commit_call	tests/test_secret_order_payoff_1504.py:378	测试命中，非生产冲突源	db.conn.commit()
TEST_annotate	commit_call	tests/test_secret_order_payoff_1504.py:406	测试命中，非生产冲突源	db.conn.commit()
TEST_annotate	commit_call	tests/test_secret_order_payoff_1504.py:537	测试命中，非生产冲突源	db.conn.commit()
TEST_annotate	commit_call	tests/test_secret_order_payoff_1504.py:563	测试命中，非生产冲突源	db.conn.commit()
TEST_annotate	commit_call	tests/test_secret_order_payoff_1504.py:870	测试命中，非生产冲突源	db.conn.commit()
TEST_annotate	commit_call	tests/test_secret_order_payoff_1504.py:889	测试命中，非生产冲突源	db.conn.commit()
TEST_annotate	commit_call	tests/test_secret_order_payoff_1504.py:896	测试命中，非生产冲突源	db.conn.commit()
TEST_annotate	commit_call	tests/test_secret_order_payoff_1504.py:1006	测试命中，非生产冲突源	db.conn.commit()
TEST_annotate	commit_call	tests/test_secret_order_payoff_1504.py:1399	测试命中，非生产冲突源	db.conn.commit()
TEST_annotate	commit_call	tests/test_secret_order_payoff_1504.py:1487	测试命中，非生产冲突源	db.conn.commit()
TEST_annotate	commit_call	tests/test_secret_order_payoff_1504.py:1498	测试命中，非生产冲突源	db.conn.commit()
TEST_annotate	commit_call	tests/test_secret_order_payoff_1504.py:1615	测试命中，非生产冲突源	db.conn.commit()
TEST_annotate	commit_call	tests/test_secret_order_payoff_1504.py:1625	测试命中，非生产冲突源	db.conn.commit()
TEST_annotate	commit_call	tests/test_secret_order_payoff_1504.py:1643	测试命中，非生产冲突源	db.conn.commit()
TEST_annotate	commit_call	tests/test_secret_order_payoff_1504.py:1657	测试命中，非生产冲突源	db.conn.commit()
TEST_annotate	commit_call	tests/test_secret_order_payoff_1504.py:1663	测试命中，非生产冲突源	db.conn.commit()
TEST_annotate	commit_call	tests/test_secret_order_payoff_1504.py:1717	测试命中，非生产冲突源	db.conn.commit()
TEST_annotate	commit_call	tests/test_secret_order_payoff_1504.py:1752	测试命中，非生产冲突源	db.conn.commit()
TEST_annotate	commit_call	tests/test_secret_order_payoff_1504.py:1791	测试命中，非生产冲突源	db.conn.commit()
TEST_annotate	commit_call	tests/test_secret_order_payoff_1504.py:1804	测试命中，非生产冲突源	db.conn.commit()
TEST_annotate	commit_call	tests/test_secret_order_payoff_1504.py:1904	测试命中，非生产冲突源	db.conn.commit()
TEST_annotate	commit_call	tests/test_secret_order_payoff_1504.py:1934	测试命中，非生产冲突源	db.conn.commit()
TEST_annotate	commit_call	tests/test_secret_order_payoff_1504.py:2246	测试命中，非生产冲突源	db.conn.commit()
TEST_annotate	commit_call	tests/test_secret_order_payoff_1504.py:2398	测试命中，非生产冲突源	db.conn.commit()
TEST_annotate	commit_call	tests/test_secret_order_payoff_1504.py:2440	测试命中，非生产冲突源	db.conn.commit()
TEST_annotate	commit_call	tests/test_secret_order_payoff_1504.py:2478	测试命中，非生产冲突源	db.conn.commit()
TEST_annotate	commit_call	tests/test_secret_order_payoff_1504.py:2761	测试命中，非生产冲突源	db.conn.commit()
TEST_annotate	commit_call	tests/test_junxin_monthly_tick_314.py:77	测试命中，非生产冲突源	db.conn.commit()
TEST_annotate	commit_call	tests/test_junxin_monthly_tick_314.py:103	测试命中，非生产冲突源	db.conn.commit()
TEST_annotate	commit_call	tests/test_junxin_monthly_tick_314.py:105	测试命中，非生产冲突源	db.conn.commit()
TEST_annotate	commit_call	tests/test_junxin_monthly_tick_314.py:134	测试命中，非生产冲突源	db.conn.commit()
TEST_annotate	commit_call	tests/test_junxin_monthly_tick_314.py:136	测试命中，非生产冲突源	db.conn.commit()
TEST_annotate	commit_call	tests/test_junxin_monthly_tick_314.py:160	测试命中，非生产冲突源	db.conn.commit()
TEST_annotate	commit_call	tests/test_junxin_monthly_tick_314.py:177	测试命中，非生产冲突源	db.conn.commit()
TEST_annotate	commit_call	tests/test_junxin_monthly_tick_314.py:191	测试命中，非生产冲突源	db.conn.commit()
TEST_annotate	commit_call	tests/test_audience_translate_1837_reopen.py:241	测试命中，非生产冲突源	db.conn.commit()
TEST_annotate	commit_call	tests/test_audience_translate_1837_reopen.py:416	测试命中，非生产冲突源	db.conn.commit()
TEST_annotate	atomic_boundary	tests/test_executor_routing_721.py:361	测试命中，非生产冲突源	with atomic(db):
TEST_annotate	atomic_boundary	tests/test_executor_routing_721.py:367	测试命中，非生产冲突源	with atomic(db):
TEST_annotate	atomic_boundary	tests/test_executor_routing_721.py:394	测试命中，非生产冲突源	with atomic(db):
TEST_annotate	commit_call	tests/test_override_breach_costs_564.py:340	测试命中，非生产冲突源	db.conn.commit()
TEST_annotate	atomic_boundary	tests/test_override_breach_costs_564.py:454	测试命中，非生产冲突源	with atomic(db):
TEST_annotate	commit_call	tests/test_override_breach_costs_564.py:479	测试命中，非生产冲突源	db.conn.commit()
TEST_annotate	commit_call	tests/test_intrigue_concealment_1896.py:55	测试命中，非生产冲突源	first.conn.commit()
TEST_annotate	commit_call	tests/test_centrifuge_ledger_690.py:79	测试命中，非生产冲突源	db.conn.commit()
TEST_annotate	commit_call	tests/test_centrifuge_ledger_690.py:376	测试命中，非生产冲突源	db.conn.commit()
TEST_annotate	commit_call	tests/test_centrifuge_ledger_690.py:633	测试命中，非生产冲突源	db.conn.commit()
TEST_annotate	commit_call	tests/test_centrifuge_ledger_690.py:684	测试命中，非生产冲突源	db.conn.commit()
TEST_annotate	commit_call	tests/test_memorial_inbox_1726.py:31	测试命中，非生产冲突源	db.conn.commit()
TEST_annotate	commit_call	tests/test_memorial_inbox_1726.py:234	测试命中，非生产冲突源	db.conn.commit()
TEST_annotate	commit_call	tests/test_mutiny_progression_316.py:30	测试命中，非生产冲突源	db.conn.commit()
TEST_annotate	commit_call	tests/test_mutiny_progression_316.py:40	测试命中，非生产冲突源	db.conn.commit()
TEST_annotate	commit_call	tests/test_mutiny_progression_316.py:141	测试命中，非生产冲突源	migrated.conn.commit()
TEST_annotate	commit_call	tests/test_cli_play_turn.py:489	测试命中，非生产冲突源	db.conn.commit()
TEST_annotate	commit_call	tests/test_cli_play_turn.py:519	测试命中，非生产冲突源	db.conn.commit()
TEST_annotate	commit_call	tests/test_supervision_625.py:368	测试命中，非生产冲突源	db.conn.commit()
TEST_annotate	commit_call	tests/test_supervision_625.py:387	测试命中，非生产冲突源	db.conn.commit()
TEST_annotate	commit_call	tests/test_supervision_625.py:406	测试命中，非生产冲突源	db.conn.commit()
TEST_annotate	commit_call	tests/test_supervision_625.py:425	测试命中，非生产冲突源	db.conn.commit()
TEST_annotate	commit_call	tests/test_supervision_625.py:455	测试命中，非生产冲突源	db.conn.commit()
TEST_annotate	commit_call	tests/test_credit_events_628.py:97	测试命中，非生产冲突源	db.conn.commit()
TEST_annotate	commit_call	tests/test_credit_events_628.py:135	测试命中，非生产冲突源	db.conn.commit()
TEST_annotate	commit_call	tests/test_credit_events_628.py:149	测试命中，非生产冲突源	db.conn.commit()
TEST_annotate	commit_call	tests/test_credit_events_628.py:178	测试命中，非生产冲突源	db.conn.commit()
TEST_annotate	commit_call	tests/test_credit_events_628.py:217	测试命中，非生产冲突源	db.conn.commit()
TEST_annotate	commit_call	tests/test_credit_events_628.py:530	测试命中，非生产冲突源	db.conn.commit()
TEST_annotate	commit_call	tests/test_mutiny_noop_whitelist_319.py:80	测试命中，非生产冲突源	db.conn.commit()
TEST_annotate	commit_call	tests/test_mutiny_noop_whitelist_319.py:106	测试命中，非生产冲突源	db.conn.commit()
TEST_annotate	commit_call	tests/test_mutiny_noop_whitelist_319.py:274	测试命中，非生产冲突源	db.conn.commit()
TEST_annotate	begin	tests/test_month_translate_1840.py:428	测试命中，非生产冲突源	"BEGIN SELECT RAISE(ABORT, 'segment write failed'); END"
TEST_annotate	commit_call	tests/test_month_translate_1840.py:430	测试命中，非生产冲突源	db.conn.commit()
TEST_annotate	commit_call	tests/test_month_translate_1840.py:540	测试命中，非生产冲突源	db.conn.commit()
TEST_annotate	commit_call	tests/test_month_translate_1840.py:589	测试命中，非生产冲突源	db.conn.commit()
TEST_annotate	commit_call	tests/test_month_translate_1840.py:891	测试命中，非生产冲突源	db.conn.commit()
