test_advances_section_rejections.py:32	test_advance_non_dict_item_rejected_not_crash	
test_advances_section_rejections.py:42	test_advance_bad_issue_id_rejected	
test_advances_section_rejections.py:59	test_advance_dirty_int_field_rejected	
test_advances_section_rejections.py:70	test_advance_missing_issue_rejected	
test_advances_section_rejections.py:79	test_advance_non_active_issue_rejected	
test_advances_section_rejections.py:90	test_advance_valid_still_advances	
test_advances_section_rejections.py:101	test_advance_code_exception_propagates	
test_advances_section_rejections.py:118	test_advance_missing_issue_no_metric_leak	
test_advances_section_rejections.py:129	test_advance_non_active_issue_no_metric_leak	
test_advances_section_rejections.py:143	test_advance_non_dict_metric_delta_tolerated	
test_affairs_1831.py:41	test_conflicting_affair_declaration_on_existing_dossier_fails_loud	apply_score_extraction
test_affairs_1831.py:90	test_same_name_affairs_are_not_merged_and_birth_close_is_rejected	apply_score_extraction
test_affairs_1831.py:144	test_typed_affair_new_issues_share_provenance_and_close_final_state	apply_score_extraction
test_affairs_1831.py:187	test_strategic_event_unauthorized_person_origin_reaches_final_projection	apply_score_extraction
test_affairs_1831.py:244	test_new_issue_affair_attach_failure_leaves_no_partial_product	apply_score_extraction
test_appointment_tenure_607.py:37	test_appointment_dossier_and_office_archive_preserve_each_tenure	apply_score_extraction
test_appointment_tenure_607.py:58	test_legacy_appointment_defaults_to_permanent_without_rejudging	apply_score_extraction
test_appointment_tenure_607.py:81	test_person_delta_rejects_invalid_appointment_tenure_without_mutation	apply_score_extraction
test_appointment_tenure_607.py:106	test_failed_dossier_reappointment_rolls_back_audit_and_sequence	apply_score_extraction
test_appointment_tenure_607.py:178	test_appointment_tenure_survives_restore	apply_score_extraction
test_appointment_tenure_607.py:198	test_acting_appointment_can_be_reappointed_permanent_on_same_path	apply_score_extraction
test_army_card_status_1501.py:138	test_army_payload_omits_static_status_exposes_arrears_text	prepare_character_materials
test_army_card_status_1501.py:185	test_army_report_keeps_row_status	prepare_character_materials
test_army_card_status_1501.py:196	test_shared_consumers_still_surface_status	prepare_character_materials
test_army_card_status_1501.py:247	test_db_status_field_untouched_after_payload_read	prepare_character_materials
test_audience_background.py:175	test_chat_reload_exposes_retryable_failed_secret_order	prepare_character_materials
test_audience_background.py:199	test_newer_interrupted_turn_blocks_withdrawal_of_completed_turn	prepare_character_materials
test_audience_background.py:220	test_withdrawal_under_web_write_gate_returns_undone_turn	prepare_character_materials
test_audience_background.py:237	test_current_unissued_draft_is_not_character_carryover	prepare_character_materials
test_audience_background.py:261	test_chat_stream_closed_before_turn_creation_is_noop	prepare_character_materials
test_audience_translate_1837.py:133	test_pending_round_approval_endorsed_before_close_or_after_month_join	dispatch_declaration
test_audience_translate_1837.py:247	test_translation_entry_preserves_unknown_rejection_and_source_cutoff	dispatch_declaration
test_audience_translate_1837.py:318	test_summons_translation_does_not_apply_monthly_effects_at_night	dispatch_declaration
test_audience_translate_1837.py:352	test_scene_stay_attend_uses_actual_protagonist_not_virtual_speaker	dispatch_declaration
test_audience_translate_1837.py:370	test_appointment_and_relief_through_scene_chat_then_close_and_settle	dispatch_declaration
test_audience_translate_1837.py:540	test_emperor_准_via_scene_chat_approves_no_reply_stays_unapproved	dispatch_declaration
test_audience_translate_1837.py:604	test_scene_chat_cli_and_api_same_translation_shape	dispatch_declaration
test_audience_translate_1837.py:660	test_unhandleable_commission_rejected_as_fact_no_forced_ask	dispatch_declaration
test_audience_translate_1837.py:706	test_translate_call_failure_is_not_empty_success_dispatch	dispatch_declaration
test_audience_translate_1837.py:744	test_translate_empty_success_still_dispatches_without_failure	dispatch_declaration
test_audience_translate_1837.py:768	test_appointment_without_text_is_rejected_not_templated	dispatch_declaration
test_audience_translate_1837.py:793	test_translation_pending_create_approve_reject_undo_via_real_chat_turn	dispatch_declaration
test_audience_translate_1837.py:925	test_pure_office_dossier_uses_payload_text_not_template	dispatch_declaration
test_audience_translate_1837.py:960	test_appointment_region_id_stages_into_pending_payload	dispatch_declaration
test_audience_translate_1837.py:993	test_scene_chat_translation_can_approve_staged_action	dispatch_declaration
test_audience_translate_1837_reopen.py:150	test_prohibit_covert_levy_commission_binds_exposed_dossier	create_secret_order,dispatch_declaration,prepare_character_materials
test_audience_translate_1837_reopen.py:227	test_commission_failure_does_not_erase_prior_staged_item	create_secret_order,dispatch_declaration,prepare_character_materials
test_audience_translate_1837_reopen.py:246	test_recommendation_commission_stages_office_with_reason	create_secret_order,dispatch_declaration,prepare_character_materials
test_audience_translate_1837_reopen.py:316	test_repeated_same_appointment_moves_with_the_later_source_night	create_secret_order,dispatch_declaration,prepare_character_materials
test_audience_translate_1837_reopen.py:367	test_recommendation_outside_slice_is_rejected	create_secret_order,dispatch_declaration,prepare_character_materials
test_audience_translate_1837_reopen.py:399	test_inquiry_declaration_preserves_assignment_in_attendant_materials	create_secret_order,dispatch_declaration,prepare_character_materials
test_audience_translate_1837_reopen.py:441	test_inquiry_named_order_reads_that_monthly_memorial	create_secret_order,dispatch_declaration,prepare_character_materials
test_audience_translate_1837_reopen.py:525	test_separate_inquiries_same_turn_survive_and_retry_is_idempotent	create_secret_order,dispatch_declaration,prepare_character_materials
test_audience_translate_1837_reopen.py:551	test_rush_commitment_stages_pending_催办	create_secret_order,dispatch_declaration,prepare_character_materials
test_audience_translate_1837_reopen.py:604	test_repeated_urgent_summons_have_independent_rollback_origins	create_secret_order,dispatch_declaration,prepare_character_materials
test_audience_translate_1837_reopen.py:637	test_travel_tone_updates_this_round_summon_ledger	create_secret_order,dispatch_declaration,prepare_character_materials
test_audience_translate_1837_reopen.py:712	test_urgent_summons_cannot_bypass_audience_admission	create_secret_order,dispatch_declaration,prepare_character_materials
test_audience_travel_gating_670.py:69	test_audience_admission_distinguishes_capital_fresh_and_existing_transit	apply_score_extraction
test_audience_travel_gating_670.py:83	test_audience_admission_keeps_blank_fail_open_and_reuses_basic_qualification	apply_score_extraction
test_audience_travel_gating_670.py:95	test_audience_admission_records_offsite_summon_before_allowing_audience	apply_score_extraction
test_audience_travel_gating_670.py:113	test_audience_admission_records_nothing_for_capital_or_disqualified_person	apply_score_extraction
test_audience_travel_gating_670.py:129	test_cli_initial_selection_records_remote_summon_without_returning_minister	apply_score_extraction
test_audience_travel_gating_670.py:151	test_cli_initial_selection_rejects_unknown_unregistered_person	apply_score_extraction
test_audience_travel_gating_670.py:180	test_in_transit_summon_origin_is_idempotent_and_restorable	apply_score_extraction
test_audience_travel_gating_670.py:239	test_fresh_summon_origin_is_idempotent_and_projects_kind	apply_score_extraction
test_audience_travel_gating_670.py:261	test_multi_origin_same_person_dedupes_consumer_projections_not_ledger	apply_score_extraction
test_audience_travel_gating_670.py:376	test_fresh_summon_departs_via_canonical_applier_only_when_night_closes	apply_score_extraction
test_audience_travel_gating_670.py:411	test_fresh_summon_applier_failure_rolls_back_and_close_retry_is_safe	apply_score_extraction
test_audience_travel_gating_670.py:456	test_arrived_summon_continuation_survives_failed_apply_across_months	apply_score_extraction
test_audience_travel_gating_670.py:539	test_fresh_seed_closes_ticket_670_named_locations	apply_score_extraction
test_audience_travel_gating_670.py:560	test_multi_origin_fresh_closes_once_per_person_and_retries	apply_score_extraction
test_audience_travel_gating_670.py:623	test_multi_origin_fresh_independent_retract_and_single_departure	apply_score_extraction
test_audience_travel_gating_670.py:689	test_cli_midflow_summon_consumes_admission_without_entering	apply_score_extraction
test_audience_travel_gating_670.py:715	test_cli_midflow_summon_rejects_unknown_unregistered_person	apply_score_extraction
test_audience_travel_gating_670.py:757	test_summon_recorder_default_body_is_empty_and_tags_carry_facts	apply_score_extraction
test_audience_travel_gating_670.py:776	test_consume_open_night_and_recorder_share_one_transaction	apply_score_extraction
test_audience_travel_gating_670.py:815	test_legacy_capital_aliases_admit_in_capital_and_migrate_on_reopen	apply_score_extraction
test_audience_travel_gating_670.py:854	test_continuation_arrival_settles_origin_without_waiting	apply_score_extraction
test_audience_travel_gating_670.py:913	test_waiting_inactive_retires_on_month	apply_score_extraction
test_audience_travel_gating_670.py:935	test_waiting_active_departure_settles_and_does_not_revive	apply_score_extraction
test_audience_travel_gating_670.py:976	test_waiting_active_departure_settle_failure_rolls_back_all_four_sides	apply_score_extraction
test_audience_travel_gating_670.py:1054	test_waiting_active_departure_commits_transit_log_settle_and_mirror	apply_score_extraction
test_audience_travel_gating_670.py:1110	test_waiting_active_departure_respects_strategic_preflight_savepoint	apply_score_extraction
test_audience_travel_gating_670.py:1160	test_waiting_active_departure_external_rollback_reverts_transit_and_settle	apply_score_extraction
test_audience_travel_gating_670.py:1196	test_non_capital_location_aliases_migrate_on_reopen	apply_score_extraction
test_audience_travel_gating_670.py:1225	test_shuntian_zhili_aliases_migrate_on_reopen	apply_score_extraction
test_audience_travel_gating_670.py:1252	test_inactive_person_skips_continuation_and_retires_on_month	apply_score_extraction
test_audience_travel_gating_670.py:1278	test_fresh_summon_same_beizhili_journey_attaches_origin_without_reapply	apply_score_extraction
test_audience_travel_gating_670.py:1348	test_fresh_summon_omitted_content_syncs_db_and_rolls_back_together	apply_score_extraction
test_authority_ledger_611.py:64	test_production_path_grant_restore_revoke_impression_tracer	apply_score_extraction
test_authority_ledger_611.py:180	test_authority_changes_rejects_ineligible_keeps_legal_peer	apply_score_extraction
test_authority_ledger_611.py:231	test_projection_typed_domain_only_and_ignores_payload_authorization	apply_score_extraction
test_authority_ledger_611.py:294	test_same_dossier_grant_replay_is_idempotent	apply_score_extraction
test_authority_ledger_611.py:321	test_same_dossier_grant_replay_returns_terminal_origin_without_regrant	apply_score_extraction
test_authority_ledger_611.py:356	test_duplicate_active_authority_is_rejected_across_dossiers	apply_score_extraction
test_authority_ledger_611.py:389	test_duplicate_check_uses_current_turn_not_future_effective_turn	apply_score_extraction
test_authority_ledger_611.py:413	test_duplicate_check_ignores_authority_only_active_in_future	apply_score_extraction
test_authority_ledger_611.py:438	test_production_rejects_bare_domain_scope	apply_score_extraction
test_authority_ledger_611.py:458	test_promulgation_payload_does_not_write_authority_records	apply_score_extraction
test_breach_plea_623.py:129	test_funding_cutoff_writes_plea_no_damage_same_turn	apply_score_extraction,dispatch_declaration
test_breach_plea_623.py:171	test_misappropriation_writes_plea	apply_score_extraction,dispatch_declaration
test_breach_plea_623.py:201	test_remove_sponsor_writes_plea	apply_score_extraction,dispatch_declaration
test_breach_plea_623.py:228	test_policy_reversal_revoke_takes_effect_same_month	apply_score_extraction,dispatch_declaration
test_breach_plea_623.py:275	test_policy_reversal_revoke_model_verdict_lands_same_month	apply_score_extraction,dispatch_declaration
test_breach_plea_623.py:310	test_policy_reversal_revoke_keeps_same_origin_world_situations	apply_score_extraction,dispatch_declaration
test_breach_plea_623.py:347	test_audience_revoke_commission_stages_typed_revoke_decree	apply_score_extraction,dispatch_declaration
test_breach_plea_623.py:387	test_audience_revoke_commission_rejects_unrevocable_target	apply_score_extraction,dispatch_declaration
test_breach_plea_623.py:414	test_revoke_forecast_translation_input_carries_original_and_continuing_dossier	apply_score_extraction,dispatch_declaration
test_breach_plea_623.py:504	test_revoke_target_identity_falls_back_to_dossier_row	apply_score_extraction,dispatch_declaration
test_breach_plea_623.py:565	test_policy_reversal_revoke_rejected_leaves_everything_untouched	apply_score_extraction,dispatch_declaration
test_breach_plea_623.py:598	test_two_successive_loosenings_get_independent_pleas	apply_score_extraction,dispatch_declaration
test_breach_plea_623.py:635	test_regret_via_extraction_true_entry_zero_damage	apply_score_extraction,dispatch_declaration
test_breach_plea_623.py:680	test_persist_leaves_execution_verdict_to_model	apply_score_extraction,dispatch_declaration
test_breach_plea_623.py:735	test_model_execution_verdict_lands_after_persist	apply_score_extraction,dispatch_declaration
test_breach_plea_623.py:791	test_persist_remove_sponsor_no_0056	apply_score_extraction,dispatch_declaration
test_breach_plea_623.py:818	test_persist_via_extraction_cancels_true_entry	apply_score_extraction,dispatch_declaration
test_breach_plea_623.py:850	test_silence_keeps_pending_across_settle	apply_score_extraction,dispatch_declaration
test_breach_plea_623.py:884	test_commitment_due_expires_plea_without_persist_damage	apply_score_extraction,dispatch_declaration
test_breach_plea_623.py:916	test_kind_gate_apply_only_finalizes_staged	apply_score_extraction,dispatch_declaration
test_breach_plea_623.py:970	test_takeover_window_excludes_breach_plea	apply_score_extraction,dispatch_declaration
test_breach_plea_623.py:988	test_breach_plea_survives_restore	apply_score_extraction,dispatch_declaration
test_breach_plea_623.py:1017	test_no_decision_pause_on_breach_plea_settle	apply_score_extraction,dispatch_declaration
test_breach_plea_623.py:1037	test_same_turn_dual_breach_kinds_merge_not_swallowed	apply_score_extraction,dispatch_declaration
test_breach_plea_623.py:1073	test_persist_reclaims_bundled_authority	apply_score_extraction,dispatch_declaration
test_breach_plea_623.py:1112	test_remove_sponsor_persist_writes_credit_edge	apply_score_extraction,dispatch_declaration
test_breach_plea_623.py:1141	test_same_sponsor_two_commitments_both_remove_edges	apply_score_extraction,dispatch_declaration
test_breach_plea_623.py:1194	test_misappropriation_via_tags_producer_pipeline	apply_score_extraction,dispatch_declaration
test_breach_plea_623.py:1256	test_merged_persist_via_tracker_cancel_settles	apply_score_extraction,dispatch_declaration
test_breach_plea_623.py:1293	test_merged_persist_via_extraction_settles	apply_score_extraction,dispatch_declaration
test_breach_plea_623.py:1318	test_merged_funding_primary_remove_sponsor_absorbed_accounts	apply_score_extraction,dispatch_declaration
test_breach_plea_623.py:1357	test_merged_remove_sponsor_primary_funding_absorbed_accounts	apply_score_extraction,dispatch_declaration
test_candidate_supply_1893.py:72	test_eligible_candidate_event_reaches_world_supply	prepare_world_materials
test_candidate_supply_1893.py:88	test_ineligible_and_terminal_events_stay_out_of_supply	prepare_world_materials
test_candidate_supply_1893.py:145	test_surge_candidate_offered_by_world_segment_is_declared_and_lands	prepare_world_materials
test_candidate_supply_1893.py:198	test_translate_request_carries_current_candidate_facts	prepare_world_materials
test_candidate_supply_1893.py:222	test_translate_request_omits_ineligible_candidate	prepare_world_materials
test_candidate_supply_1893.py:255	test_selected_event_lands_once_via_existing_new_issues_write	prepare_world_materials
test_candidate_supply_1893.py:290	test_not_selected_candidate_leaves_no_terminal_state	prepare_world_materials
test_candidate_supply_1893.py:305	test_non_strategic_candidate_effects_land_without_event_id_binding	prepare_world_materials
test_candidate_supply_1893.py:333	test_supplied_outcome_labels_match_writer_whitelist	prepare_world_materials
test_candidate_supply_1893.py:367	test_impeachment_surge_lands_only_when_faction_actually_impeaches	prepare_world_materials
test_candidate_supply_1893.py:421	test_impeachment_surge_candidate_survives_restore	prepare_world_materials
test_character_knowledge_489.py:16	test_role_roster_only_lists_current_active_ming_people	list_secret_orders,prepare_character_materials,update_secret_order_by_id
test_character_knowledge_489.py:35	test_secret_alias_exclusion_is_canonicalized_before_projection	list_secret_orders,prepare_character_materials,update_secret_order_by_id
test_character_knowledge_489.py:44	test_office_slice_does_not_read_unrelated_sensitive_reports	list_secret_orders,prepare_character_materials,update_secret_order_by_id
test_character_knowledge_489.py:60	test_inner_court_materials_do_not_read_faction_report	list_secret_orders,prepare_character_materials,update_secret_order_by_id
test_character_knowledge_489.py:82	test_current_state_facts_are_selected_by_content_domain_not_role_label	list_secret_orders,prepare_character_materials,update_secret_order_by_id
test_character_knowledge_489.py:104	test_turn_zero_knowledge_is_role_specific_and_restores	list_secret_orders,prepare_character_materials,update_secret_order_by_id
test_character_knowledge_489.py:120	test_restored_knowledge_uses_current_db_office_after_transfer	list_secret_orders,prepare_character_materials,update_secret_order_by_id
test_character_knowledge_489.py:158	test_public_directive_is_seen_by_uninvolved_minister_but_secret_exclusion_wins	list_secret_orders,prepare_character_materials,update_secret_order_by_id
test_character_knowledge_489.py:174	test_turn_report_keeps_source_specific_secret_exclusion_boundary	list_secret_orders,prepare_character_materials,update_secret_order_by_id
test_character_knowledge_489.py:197	test_turn_report_projects_public_and_secret_items_per_character	list_secret_orders,prepare_character_materials,update_secret_order_by_id
test_character_knowledge_489.py:219	test_participation_survives_restore	list_secret_orders,prepare_character_materials,update_secret_order_by_id
test_character_knowledge_489.py:239	test_undo_chat_turn_removes_chat_derived_knowledge_from_context	list_secret_orders,prepare_character_materials,update_secret_order_by_id
test_character_knowledge_489.py:277	test_delete_chat_messages_removes_chat_derived_knowledge_from_context	list_secret_orders,prepare_character_materials,update_secret_order_by_id
test_character_knowledge_489.py:298	test_public_directive_remains_visible_on_a_later_turn	list_secret_orders,prepare_character_materials,update_secret_order_by_id
test_character_knowledge_489.py:314	test_excluded_participant_event_is_not_visible_to_excluded_character	list_secret_orders,prepare_character_materials,update_secret_order_by_id
test_character_knowledge_489.py:331	test_secret_blacklist_survives_later_public_projection	list_secret_orders,prepare_character_materials,update_secret_order_by_id
test_character_knowledge_489.py:345	test_public_reports_accumulate_across_turns	list_secret_orders,prepare_character_materials,update_secret_order_by_id
test_character_knowledge_489.py:363	test_participation_record_adapter_covers_assignment_shape	list_secret_orders,prepare_character_materials,update_secret_order_by_id
test_character_knowledge_489.py:377	test_issue_write_path_projects_participants_across_restore	list_secret_orders,prepare_character_materials,update_secret_order_by_id
test_character_knowledge_489.py:401	test_secret_office_exclusion_does_not_hide_unrelated_world_bucket	list_secret_orders,prepare_character_materials,update_secret_order_by_id
test_character_knowledge_489.py:417	test_secret_office_snapshot_keeps_explicit_people_target_separate	list_secret_orders,prepare_character_materials,update_secret_order_by_id
test_character_knowledge_489.py:444	test_secret_office_exclusion_snapshots_people_before_transfer_and_publication	list_secret_orders,prepare_character_materials,update_secret_order_by_id
test_character_knowledge_489.py:463	test_disclosed_secret_source_keeps_its_public_projection	list_secret_orders,prepare_character_materials,update_secret_order_by_id
test_character_knowledge_489.py:481	test_public_disclosure_drops_private_roster_but_keeps_event_exclusion	list_secret_orders,prepare_character_materials,update_secret_order_by_id
test_character_knowledge_489.py:515	test_long_knowledge_bodies_survive_storage_without_brief_card_cap	list_secret_orders,prepare_character_materials,update_secret_order_by_id
test_character_knowledge_489.py:528	test_secret_amendment_preserves_legacy_blacklist_and_public_disclosure	list_secret_orders,prepare_character_materials,update_secret_order_by_id
test_character_knowledge_489.py:549	test_secret_exclusion_is_source_scoped_not_global_for_same_bucket	list_secret_orders,prepare_character_materials,update_secret_order_by_id
test_character_knowledge_489.py:564	test_issue_roster_is_structured_and_read_side_projection_needs_no_write_hook	list_secret_orders,prepare_character_materials,update_secret_order_by_id
test_character_knowledge_489.py:581	test_participation_adapter_reads_structured_roster_without_fake_names	list_secret_orders,prepare_character_materials,update_secret_order_by_id
test_character_knowledge_489.py:599	test_new_participation_source_is_projected_without_read_side_type_branch	list_secret_orders,prepare_character_materials,update_secret_order_by_id
test_character_knowledge_489.py:611	test_participant_roster_is_discovered_from_persistent_record_without_adapter	list_secret_orders,prepare_character_materials,update_secret_order_by_id
test_character_knowledge_489.py:628	test_office_blacklist_preserves_unrelated_war_register_fact	list_secret_orders,prepare_character_materials,update_secret_order_by_id
test_character_knowledge_489.py:640	test_event_office_blacklist_matches_current_office_name	list_secret_orders,prepare_character_materials,update_secret_order_by_id
test_character_knowledge_489.py:660	test_participant_roster_is_discovered_from_any_persistent_table	list_secret_orders,prepare_character_materials,update_secret_order_by_id
test_character_knowledge_489.py:693	test_appended_dossier_participant_learns_only_on_join_turn_after_restore	list_secret_orders,prepare_character_materials,update_secret_order_by_id
test_character_knowledge_489.py:730	test_decree_dossier_participant_reads_frozen_metadata_and_text	list_secret_orders,prepare_character_materials,update_secret_order_by_id
test_character_knowledge_489.py:747	test_secret_order_dossier_never_leaks_through_shared_roster_projection	list_secret_orders,prepare_character_materials,update_secret_order_by_id
test_character_knowledge_489.py:767	test_knowledge_titles_restore_without_persistence_truncation	list_secret_orders,prepare_character_materials,update_secret_order_by_id
test_character_knowledge_489.py:797	test_knowledge_exclusion_reads_current_office_without_nameerror	list_secret_orders,prepare_character_materials,update_secret_order_by_id
test_character_knowledge_489.py:840	test_knowledge_projects_public_events_without_leaking_private_matters	list_secret_orders,prepare_character_materials,update_secret_order_by_id
test_character_knowledge_489.py:875	test_knowledge_projects_mixed_archive_from_durable_source_scope	list_secret_orders,prepare_character_materials,update_secret_order_by_id
test_character_knowledge_489.py:915	test_rewritten_archive_cannot_reintroduce_restricted_source	list_secret_orders,prepare_character_materials,update_secret_order_by_id
test_character_knowledge_489.py:941	test_archive_write_materializes_unmirrored_source_scope	list_secret_orders,prepare_character_materials,update_secret_order_by_id
test_character_knowledge_489.py:972	test_turn_report_counterpart_never_uses_aggregate_when_sources_exist	list_secret_orders,prepare_character_materials,update_secret_order_by_id
test_character_knowledge_489.py:1001	test_shared_archive_storage_never_writes_restricted_aggregate	list_secret_orders,prepare_character_materials,update_secret_order_by_id
test_character_knowledge_489.py:1030	test_character_added_after_archive_cannot_read_old_participant_source	list_secret_orders,prepare_character_materials,update_secret_order_by_id
test_character_knowledge_489.py:1063	test_883_legacy_aggregate_without_source_rows_does_not_authorize_knowledge	list_secret_orders,prepare_character_materials,update_secret_order_by_id
test_character_knowledge_489.py:1077	test_structured_person_scope_replaces_role_wide_world_reports	list_secret_orders,prepare_character_materials,update_secret_order_by_id
test_character_knowledge_489.py:1334	test_army_truth_is_exactly_scoped_to_person_command	list_secret_orders,prepare_character_materials,update_secret_order_by_id
test_character_knowledge_489.py:1376	test_household_secret_ledger_keeps_amount_but_hides_case_semantics	list_secret_orders,prepare_character_materials,update_secret_order_by_id
test_character_knowledge_489.py:1414	test_household_secret_ledger_hides_case_by_excluded_office	list_secret_orders,prepare_character_materials,update_secret_order_by_id
test_character_knowledge_489.py:1488	test_multi_lead_typed_archives_reach_only_each_office_successor	list_secret_orders,prepare_character_materials,update_secret_order_by_id
test_character_knowledge_489.py:1561	test_central_ledgers_reach_each_office_archive_carrier_without_crossing	list_secret_orders,prepare_character_materials,update_secret_order_by_id
test_close_issues_section_rejections.py:30	test_close_bad_issue_id_rejected	
test_close_issues_section_rejections.py:42	test_close_non_dict_item_rejected_not_crash	
test_close_issues_section_rejections.py:52	test_close_bad_reason_rejected	
test_close_issues_section_rejections.py:63	test_close_unknown_issue_rejected_missing_ref	
test_close_issues_section_rejections.py:74	test_close_overflow_issue_id_rejected	
test_close_issues_section_rejections.py:86	test_close_already_inactive_rejected_missing_ref	
test_close_issues_section_rejections.py:100	test_close_failed_on_uncollapsible_rejected_invalid_enum	
test_close_issues_section_rejections.py:114	test_close_rejection_reaches_rejection_reports	
test_close_issues_section_rejections.py:137	test_scalar_item_rejection_preserves_original_in_reports	
test_close_issues_section_rejections.py:159	test_close_issue_code_exception_propagates	
test_close_issues_section_rejections.py:171	test_close_valid_issue_still_succeeds	
test_commitment_backlash_626.py:149	test_ac1_breach_verdict_triggers_commitment_backlash	apply_score_extraction
test_commitment_backlash_626.py:201	test_ac1_failed_terminal_triggers_commitment_backlash	apply_score_extraction
test_commitment_backlash_626.py:244	test_ac1_deformation_exposure_triggers_commitment_backlash	apply_score_extraction
test_commitment_backlash_626.py:300	test_ac1_transformed_without_beyond_intent_does_not_trigger	apply_score_extraction
test_commitment_backlash_626.py:334	test_ac2_halfway_persist_one_commitment_metrics_no_double_count	apply_score_extraction
test_commitment_backlash_626.py:425	test_ac3_just_started_and_rooted_do_not_trigger	apply_score_extraction
test_commitment_backlash_626.py:477	test_ac3_regret_then_resolve_no_breach_verdict_hammer	apply_score_extraction
test_commitment_backlash_626.py:538	test_ac3_regret_then_expire_dropped_no_hammer	apply_score_extraction
test_commitment_backlash_626.py:587	test_ac3_plea_due_expire_then_commitment_expire_no_hammer	apply_score_extraction
test_commitment_backlash_626.py:642	test_ac3_persist_stamps_verdict_and_still_triggers	apply_score_extraction
test_commitment_backlash_626.py:678	test_ac4_backlash_survives_restore_both_states	apply_score_extraction
test_commitment_backlash_626.py:745	test_ac5_hook_idempotent_no_gate_table_expansion	apply_score_extraction
test_covert_levy_651.py:31	test_exposure_uses_single_dispatcher_and_projects_exact_case	apply_score_extraction,dispatch_declaration
test_covert_levy_651.py:52	test_same_segment_denunciation_creates_exposure_todo	apply_score_extraction,dispatch_declaration
test_covert_levy_651.py:79	test_empty_effect_month_rechecks_persisted_exposure	apply_score_extraction,dispatch_declaration
test_covert_levy_651.py:100	test_rejected_canonical_results_neither_consume_nor_create_channel	apply_score_extraction,dispatch_declaration
test_covert_levy_651.py:124	test_covert_consumer_requires_real_beyond_intent_effect_without_narrowing_generic_fork	apply_score_extraction,dispatch_declaration
test_covert_levy_651.py:154	test_dispositions_consume_only_real_canonical_complete_legs	apply_score_extraction,dispatch_declaration
test_covert_levy_651.py:218	test_tacit_and_prohibition_use_real_canonical_identity_and_are_idempotent	apply_score_extraction,dispatch_declaration
test_covert_levy_651.py:282	test_prohibition_consumes_immediately_when_arrears_are_already_zero	apply_score_extraction,dispatch_declaration
test_covert_levy_651.py:293	test_prohibition_reminder_is_consumed_after_later_payoff	apply_score_extraction,dispatch_declaration
test_covert_levy_651.py:306	test_prohibition_blocks_every_covert_write_but_preserves_ordinary_legs	apply_score_extraction,dispatch_declaration
test_covert_levy_651.py:386	test_prohibition_neutralizes_once_with_zero_receipt_and_partial_clamp	apply_score_extraction,dispatch_declaration
test_covert_levy_651.py:435	test_prohibition_uses_only_current_canonical_incarnation	apply_score_extraction,dispatch_declaration
test_covert_levy_651.py:465	test_prohibition_removes_live_covert_creation_without_rewriting_history	apply_score_extraction,dispatch_declaration
test_covert_levy_651.py:487	test_zero_pay_receipts_are_not_durable_tacit_effects	apply_score_extraction,dispatch_declaration
test_covert_levy_651.py:511	test_force_promulgated_history_is_the_canonical_prohibition_authority	apply_score_extraction,dispatch_declaration
test_covert_levy_651.py:533	test_false_denunciation_is_not_retroactively_made_true_by_current_fork	apply_score_extraction,dispatch_declaration
test_covert_levy_651.py:559	test_population_transfer_is_the_self_grown_unrest_channel	apply_score_extraction,dispatch_declaration
test_credit_events_628.py:131	test_ac1_breach_plea_guofu_not_reimplemented	apply_score_extraction
test_credit_events_628.py:174	test_fulfill_back_and_urge_three_decisions	apply_score_extraction
test_credit_events_628.py:373	test_disposition_scapegoat_cover_prosecute_on_transformed	apply_score_extraction
test_credit_events_628.py:579	test_idempotent_narrative_restore_write_only	apply_score_extraction
test_declaration_dispatch_1835.py:34	test_stub_declaration_lands_on_existing_staging_and_new_records_without_missing_items	dispatch_declaration
test_declaration_dispatch_1835.py:75	test_commission_with_draft_and_grant_for_same_money_is_one_payload_one_row	dispatch_declaration
test_declaration_dispatch_1835.py:109	test_commission_with_appointment_and_grant_is_one_combined_payload_one_row	dispatch_declaration
test_declaration_dispatch_1835.py:163	test_reference_to_nonexistent_entity_is_rejected_without_killing_sibling_item	dispatch_declaration
test_declaration_dispatch_1835.py:224	test_unknown_top_level_section_is_rejected_durably_without_dropping_sibling	dispatch_declaration
test_declaration_dispatch_1835.py:250	test_promise_refuse_withdraws_staged_action_and_missing_action_id_is_rejected	dispatch_declaration
test_declaration_dispatch_1835.py:280	test_promise_referencing_action_id_belonging_to_another_night_is_rejected	dispatch_declaration
test_declaration_dispatch_1835.py:309	test_on_scene_person_status_change_lands_and_rejects_nonexistent_person	dispatch_declaration
test_declaration_dispatch_1835.py:327	test_on_scene_fact_attaches_declared_affair_and_rejects_unopened_affair	dispatch_declaration
test_declaration_dispatch_1835.py:366	test_on_scene_fact_conflicting_affair_pointer_rolls_back_the_person_change_too	dispatch_declaration
test_declaration_dispatch_1835.py:413	test_presence_lands_with_declared_body_verbatim_no_synthesized_text	dispatch_declaration
test_declaration_dispatch_1835.py:441	test_presence_rejects_nonexistent_person_without_polluting_ledger	dispatch_declaration
test_declaration_dispatch_1835.py:470	test_presence_with_no_night_context_is_rejected_as_missing_ref	dispatch_declaration
test_declaration_dispatch_1835.py:483	test_scene_fact_speaker_segment_lands_verbatim_and_rejects_bad_audibility_and_ghost_person	dispatch_declaration
test_declaration_dispatch_1835.py:523	test_edge_event_lands_and_categorizes_unknown_kind_and_hallucinated_person_differently	dispatch_declaration
test_declaration_dispatch_1835.py:545	test_edge_event_attaches_declared_affair	dispatch_declaration
test_declaration_dispatch_1835.py:572	test_edge_event_conflicting_affair_pointer_is_rejected_first_binding_kept	dispatch_declaration
test_declaration_dispatch_1835.py:616	test_protagonist_lands_and_rejects_nonexistent_person	dispatch_declaration
test_declaration_dispatch_1835.py:631	test_registration_adds_new_person_to_roster_and_rejects_existing_name	dispatch_declaration
test_declaration_dispatch_1835.py:657	test_registration_attaches_declared_affair	dispatch_declaration
test_declaration_dispatch_1835.py:677	test_staged_declaration_discard_and_idempotent_settle_in_decree_order	dispatch_declaration
test_declaration_dispatch_1835.py:759	test_staging_onto_already_settled_decree_ref_is_rejected_not_stranded	dispatch_declaration
test_decree_commitment_creation_136.py:30	test_until_stop_commitment_issue_is_created_with_carrier_fields	apply_score_extraction
test_decree_commitment_creation_136.py:84	test_decree_commitment_dedups_same_batch_fiscal_create_carrier	apply_score_extraction
test_decree_commitment_creation_136.py:137	test_decree_commitment_does_not_dedup_same_name_income_fiscal_create	apply_score_extraction
test_decree_commitment_creation_136.py:188	test_decree_commitment_same_account_alias_miss_keeps_distinct_fiscal_item	apply_score_extraction
test_decree_commitment_creation_136.py:245	test_decree_commitment_unrelated_account_keeps_fiscal_item	apply_score_extraction
test_decree_commitment_creation_136.py:288	test_until_stop_commitment_shape_rejects_without_explicit_marker	apply_score_extraction
test_decree_commitment_creation_136.py:326	test_limited_duration_commitment_shape_rejects_without_explicit_marker	apply_score_extraction
test_decree_commitment_creation_136.py:364	test_limited_duration_ongoing_commitment_rejects_current_turn_end_turn	apply_score_extraction
test_decree_commitment_creation_136.py:404	test_limited_duration_ongoing_commitment_rejects_past_end_turn	apply_score_extraction
test_decree_commitment_creation_136.py:446	test_future_one_shot_commitment_issue_is_created_with_deadline_only	apply_score_extraction
test_decree_commitment_creation_136.py:481	test_open_ended_ongoing_commitment_issue_is_created_with_explicit_marker	apply_score_extraction
test_decree_commitment_creation_136.py:515	test_open_ended_ongoing_commitment_shape_rejects_without_explicit_marker	apply_score_extraction
test_decree_commitment_creation_136.py:543	test_future_one_shot_commitment_shape_rejects_without_explicit_marker	apply_score_extraction
test_decree_commitment_creation_136.py:571	test_stop_condition_only_commitment_shape_rejects_without_explicit_marker	apply_score_extraction
test_decree_commitment_creation_136.py:599	test_string_stop_condition_only_with_origin_ref_rejects_without_explicit_marker	apply_score_extraction
test_decree_commitment_creation_136.py:627	test_legacy_resolve_condition_person_commitment_rejects_without_marker	apply_score_extraction
test_decree_commitment_creation_136.py:664	test_until_stop_commitment_requires_initiative_kind	apply_score_extraction
test_decree_commitment_creation_136.py:693	test_until_stop_commitment_supports_character_loyalty_condition	apply_score_extraction
test_decree_commitment_creation_136.py:722	test_commitment_rejects_string_numeric_person_loyalty_ongoing_effect	apply_score_extraction
test_decree_commitment_creation_136.py:761	test_until_stop_commitment_rejects_non_dict_stop_condition	apply_score_extraction
test_decree_commitment_creation_136.py:790	test_until_stop_commitment_rejects_stop_condition_without_table_prefix	apply_score_extraction
test_decree_commitment_creation_136.py:819	test_until_stop_commitment_requires_origin_ref	apply_score_extraction
test_decree_commitment_creation_136.py:847	test_until_stop_commitment_requires_ongoing_effects	apply_score_extraction
test_decree_commitment_creation_136.py:875	test_until_stop_commitment_rejects_semantically_empty_ongoing_effects	apply_score_extraction
test_decree_commitment_creation_136.py:904	test_until_stop_commitment_rejects_one_shot_entity_creation_as_monthly_work	apply_score_extraction
test_decree_commitment_creation_136.py:937	test_until_stop_commitment_rejects_direct_resolved_close	apply_score_extraction
test_decree_commitment_creation_136.py:974	test_until_stop_commitment_rejects_direct_failed_close_without_effects	apply_score_extraction
test_decree_commitment_creation_136.py:1018	test_until_stop_commitment_advance_to_full_stays_active	apply_score_extraction
test_decree_commitment_creation_136.py:1056	test_stop_condition_without_commitment_kind_advance_to_full_stays_active	apply_score_extraction
test_decree_commitment_creation_136.py:1083	test_has_stop_condition_handles_preparsed_and_json_whitespace	apply_score_extraction
test_decree_commitment_creation_136.py:1093	test_empty_json_stop_condition_allows_advance_to_resolved	apply_score_extraction
test_decree_commitment_creation_136.py:1119	test_commitment_skips_cli_resolve_effect_enrich	apply_score_extraction
test_decree_commitment_creation_136.py:1160	test_one_shot_appeasement_economy_move_does_not_create_commitment_issue	apply_score_extraction
test_decree_commitment_settlement_229.py:82	test_created_future_limited_duration_commitment_applies_first_month	apply_score_extraction
test_decree_commitment_settlement_229.py:128	test_character_loyalty_commitment_ongoing_applies_monthly_and_records_progress	apply_score_extraction
test_decree_commitment_settlement_229.py:175	test_legacy_character_resolve_condition_commitment_settles_when_threshold_reached	apply_score_extraction
test_decree_commitment_settlement_229.py:219	test_faction_class_commitment_ongoing_applies_monthly_when_counted	apply_score_extraction
test_decree_commitment_settlement_229.py:257	test_commitment_ongoing_malformed_entity_payloads_are_rejected_without_crashing	apply_score_extraction
test_decree_commitment_settlement_229.py:297	test_commitment_stop_gate_resolve_respects_outer_transaction_rollback	apply_score_extraction
test_decree_commitment_settlement_229.py:328	test_commitment_expiry_respects_outer_transaction_rollback	apply_score_extraction
test_decree_commitment_settlement_229.py:358	test_commitment_monthly_ongoing_respects_outer_transaction_rollback	apply_score_extraction
test_decree_commitment_settlement_229.py:385	test_commitment_progress_skips_non_numeric_gate_values	apply_score_extraction
test_decree_commitment_settlement_229.py:407	test_region_cannon_commitment_ongoing_applies_monthly_when_counted	apply_score_extraction
test_decree_commitment_settlement_229.py:447	test_until_stop_arrears_commitment_settlement_oracle_resolves_with_restore	apply_score_extraction
test_decree_commitment_settlement_229.py:532	test_commitment_progress_contexts_are_structured	apply_score_extraction
test_decree_commitment_settlement_229.py:569	test_commitment_progress_fractional_strict_gate_can_be_satisfied	apply_score_extraction
test_decree_commitment_settlement_229.py:631	test_commitment_ongoing_economy_not_scaled_by_bar_discount	apply_score_extraction
test_decree_commitment_settlement_229.py:665	test_arrears_commitment_preserves_explicit_monthly_payment_target	apply_score_extraction
test_decree_commitment_settlement_229.py:706	test_high_bar_metric_only_commitment_applies_and_records_monthly_progress	apply_score_extraction
test_decree_commitment_settlement_229.py:741	test_metric_commitment_records_progress_when_monthly_cap_blocks_effect	apply_score_extraction
test_decree_commitment_settlement_229.py:785	test_commitment_end_turn_expires_without_resolve_effects	apply_score_extraction
test_decree_commitment_settlement_229.py:828	test_limited_duration_commitment_ticks_until_end_turn_then_expires	apply_score_extraction
test_decree_commitment_settlement_229.py:884	test_until_stop_condition_beats_later_end_turn_for_stacked_commitment	apply_score_extraction
test_decree_commitment_settlement_229.py:924	test_cancelled_commitment_is_distinct_from_expired_commitment	apply_score_extraction
test_decree_commitment_settlement_229.py:973	test_commitment_missing_purpose_still_routes_arrears_budget	apply_score_extraction
test_decree_commitment_settlement_229.py:1015	test_commitment_targeted_pay_uses_explicit_arrears_target	apply_score_extraction
test_decree_commitment_settlement_229.py:1056	test_commitment_malformed_pay_target_does_not_fall_back_to_priority_pool	apply_score_extraction
test_decree_commitment_settlement_229.py:1104	test_non_arrears_commitment_missing_pay_target_does_not_open_priority_pool	apply_score_extraction
test_decree_commitment_settlement_229.py:1152	test_commitment_pay_pool_is_scoped_to_arrears_stop_gate_armies	apply_score_extraction
test_decree_commitment_settlement_229.py:1198	test_commitment_progress_keeps_strict_stop_gate_semantics	apply_score_extraction
test_decree_commitment_settlement_229.py:1224	test_end_turn_without_ongoing_is_not_expired_by_settlement_tick	apply_score_extraction
test_decree_commitment_settlement_229.py:1263	test_one_shot_end_turn_commitment_stays_active_after_month	apply_score_extraction
test_decree_commitment_settlement_229.py:1295	test_semantically_empty_one_shot_commitment_acks_once	apply_score_extraction
test_decree_commitment_settlement_229.py:1347	test_metadata_only_one_shot_commitment_acks_once	apply_score_extraction
test_decree_commitment_settlement_229.py:1400	test_due_one_shot_commitment_ack_closes_review_loop_without_effects	apply_score_extraction
test_decree_dossiers_571.py:23	test_dossier_roster_preserves_multiple_leads_support_roles_and_knowers	apply_score_extraction,get_secret_order,update_secret_order_progress,update_secret_order_sim_note
test_decree_dossiers_571.py:53	test_dossier_create_rejects_malformed_structured_roster	apply_score_extraction,get_secret_order,update_secret_order_progress,update_secret_order_sim_note
test_decree_dossiers_571.py:64	test_dossier_roster_rejects_unknown_character_references_at_write_boundary	apply_score_extraction,get_secret_order,update_secret_order_progress,update_secret_order_sim_note
test_decree_dossiers_571.py:92	test_dossier_roster_write_boundary_rejects_invalid_delegator	apply_score_extraction,get_secret_order,update_secret_order_progress,update_secret_order_sim_note
test_decree_dossiers_571.py:120	test_dossier_roster_append_keeps_existing_entries_and_delegator	apply_score_extraction,get_secret_order,update_secret_order_progress,update_secret_order_sim_note
test_decree_dossiers_571.py:144	test_dossier_append_is_idempotent_only_for_identical_character_entry	apply_score_extraction,get_secret_order,update_secret_order_progress,update_secret_order_sim_note
test_decree_dossiers_571.py:170	test_month_end_extractor_appends_self_dispatched_participant	apply_score_extraction,get_secret_order,update_secret_order_progress,update_secret_order_sim_note
test_decree_dossiers_571.py:203	test_month_end_participant_batch_rejects_each_malformed_item	apply_score_extraction,get_secret_order,update_secret_order_progress,update_secret_order_sim_note
test_decree_dossiers_571.py:234	test_extractor_never_reconstructs_missing_dossier_authority_from_live_db	apply_score_extraction,get_secret_order,update_secret_order_progress,update_secret_order_sim_note
test_decree_dossiers_571.py:256	test_committing_each_directive_creates_independent_restoreable_dossier	apply_score_extraction,get_secret_order,update_secret_order_progress,update_secret_order_sim_note
test_decree_dossiers_571.py:283	test_pending_directive_only_enters_settlement_after_final_approval	apply_score_extraction,get_secret_order,update_secret_order_progress,update_secret_order_sim_note
test_decree_dossiers_571.py:346	test_secret_pending_action_carries_chat_turn_and_pending_provenance	apply_score_extraction,get_secret_order,update_secret_order_progress,update_secret_order_sim_note
test_decree_dossiers_571.py:387	test_terminal_target_does_not_interrupt_another_executor	apply_score_extraction,get_secret_order,update_secret_order_progress,update_secret_order_sim_note
test_decree_dossiers_571.py:405	test_office_action_waits_for_verdict_then_materializes_from_same_payload	apply_score_extraction,get_secret_order,update_secret_order_progress,update_secret_order_sim_note
test_decree_dossiers_571.py:441	test_dossier_cannot_start_in_execution_state	apply_score_extraction,get_secret_order,update_secret_order_progress,update_secret_order_sim_note
test_decree_dossiers_571.py:450	test_secret_order_and_dossier_roll_back_as_one_unit	apply_score_extraction,get_secret_order,update_secret_order_progress,update_secret_order_sim_note
test_decree_dossiers_571.py:462	test_character_terminal_state_closes_secret_order_and_execution_slot	apply_score_extraction,get_secret_order,update_secret_order_progress,update_secret_order_sim_note
test_decree_dossiers_571.py:479	test_commitments_bind_explicitly_when_multiple_dossiers_share_a_turn	apply_score_extraction,get_secret_order,update_secret_order_progress,update_secret_order_sim_note
test_decree_dossiers_571.py:515	test_allocation_rejected_is_zero_effect_and_force_promulgation_keeps_rejection	apply_score_extraction,get_secret_order,update_secret_order_progress,update_secret_order_sim_note
test_decree_dossiers_571.py:548	test_assignment_promulgation_tracks_executor_until_terminal_state	apply_score_extraction,get_secret_order,update_secret_order_progress,update_secret_order_sim_note
test_decree_dossiers_571.py:583	test_directive_assignee_projects_to_executor_only_for_executable_types	apply_score_extraction,get_secret_order,update_secret_order_progress,update_secret_order_sim_note
test_decree_dossiers_571.py:652	test_dossier_execution_rejects_non_sqlite_integer_ids	apply_score_extraction,get_secret_order,update_secret_order_progress,update_secret_order_sim_note
test_decree_dossiers_571.py:670	test_dossier_execution_accepts_sqlite_integer_id	apply_score_extraction,get_secret_order,update_secret_order_progress,update_secret_order_sim_note
test_decree_dossiers_571.py:690	test_structured_dossier_origin_deduplicates_extractor_but_narrative_applies	apply_score_extraction,get_secret_order,update_secret_order_progress,update_secret_order_sim_note
test_decree_dossiers_571.py:736	test_payload_owned_appointment_dedup_removes_only_exact_mechanical_effect	apply_score_extraction,get_secret_order,update_secret_order_progress,update_secret_order_sim_note
test_decree_dossiers_571.py:766	test_payload_owned_appointment_dedup_uses_prior_item_runtime_office_type	apply_score_extraction,get_secret_order,update_secret_order_progress,update_secret_order_sim_note
test_decree_dossiers_571.py:809	test_payload_owned_appointment_dedup_preserves_same_person_different_effect	apply_score_extraction,get_secret_order,update_secret_order_progress,update_secret_order_sim_note
test_decree_dossiers_571.py:841	test_executing_execution_record_never_closes_or_stamps_closed_turn	apply_score_extraction,get_secret_order,update_secret_order_progress,update_secret_order_sim_note
test_decree_dossiers_571.py:861	test_force_promulgated_dossier_authorizes_same_batch_effect_after_execution_close	apply_score_extraction,get_secret_order,update_secret_order_progress,update_secret_order_sim_note
test_decree_dossiers_571.py:886	test_extractor_accepts_transformed_execution_outcome	apply_score_extraction,get_secret_order,update_secret_order_progress,update_secret_order_sim_note
test_decree_dossiers_571.py:910	test_appointment_alias_uses_canonical_dossier_identity	apply_score_extraction,get_secret_order,update_secret_order_progress,update_secret_order_sim_note
test_decree_dossiers_571.py:969	test_manual_directive_capture_reaches_structured_dossier	apply_score_extraction,get_secret_order,update_secret_order_progress,update_secret_order_sim_note
test_decree_dossiers_571.py:1051	test_manual_directive_capture_rejects_malformed_roster	apply_score_extraction,get_secret_order,update_secret_order_progress,update_secret_order_sim_note
test_decree_dossiers_571.py:1086	test_manual_directive_capture_rejects_missing_empty_or_invalid_tier_without_writes	apply_score_extraction,get_secret_order,update_secret_order_progress,update_secret_order_sim_note
test_decree_dossiers_571.py:1124	test_final_decree_edit_path_removed_no_bypass	apply_score_extraction,get_secret_order,update_secret_order_progress,update_secret_order_sim_note
test_decree_dossiers_571.py:1151	test_cli_dossiered_directive_is_not_listed_editable_or_deletable	apply_score_extraction,get_secret_order,update_secret_order_progress,update_secret_order_sim_note
test_decree_dossiers_571.py:1180	test_cli_no_edict_route_rejudges_held_proposed_dossier	apply_score_extraction,get_secret_order,update_secret_order_progress,update_secret_order_sim_note
test_decree_dossiers_571.py:1198	test_cli_edit_replaces_text_and_mechanics_before_promulgation	apply_score_extraction,get_secret_order,update_secret_order_progress,update_secret_order_sim_note
test_decree_dossiers_571.py:1261	test_secret_order_progress_persists_executing_until_terminal	apply_score_extraction,get_secret_order,update_secret_order_progress,update_secret_order_sim_note
test_decree_dossiers_571.py:1285	test_secret_order_progress_undo_restores_order_and_dossier_axes	apply_score_extraction,get_secret_order,update_secret_order_progress,update_secret_order_sim_note
test_decree_dossiers_571.py:1312	test_secret_order_close_failure_rolls_back_only_its_two_axes	apply_score_extraction,get_secret_order,update_secret_order_progress,update_secret_order_sim_note
test_decree_dossiers_571.py:1341	test_secret_order_progress_rolls_back_both_axes_in_outer_atomic	apply_score_extraction,get_secret_order,update_secret_order_progress,update_secret_order_sim_note
test_decree_dossiers_571.py:1366	test_dialogue_and_engine_action_types_cannot_create_dossiers	apply_score_extraction,get_secret_order,update_secret_order_progress,update_secret_order_sim_note
test_decree_dossiers_571.py:1376	test_create_secret_order_has_resumable_dossier	apply_score_extraction,get_secret_order,update_secret_order_progress,update_secret_order_sim_note
test_decree_dossiers_571.py:1386	test_held_dossier_reenters_only_for_next_month_rejudgment	apply_score_extraction,get_secret_order,update_secret_order_progress,update_secret_order_sim_note
test_decree_dossiers_571.py:1417	test_interim_verdict_rejects_reserved_legal_reason_code	apply_score_extraction,get_secret_order,update_secret_order_progress,update_secret_order_sim_note
test_decree_dossiers_571.py:1429	test_session_manual_directive_keeps_structured_action_at_submission	apply_score_extraction,get_secret_order,update_secret_order_progress,update_secret_order_sim_note
test_decree_dossiers_571.py:1478	test_probe_directive_shared_entry_creates_and_settles_structured_dossier	apply_score_extraction,get_secret_order,update_secret_order_progress,update_secret_order_sim_note
test_decree_dossiers_571.py:1513	test_directive_freezes_at_dossier_birth	apply_score_extraction,get_secret_order,update_secret_order_progress,update_secret_order_sim_note
test_decree_dossiers_571.py:1536	test_directive_edit_replaces_mechanical_payload_before_submission	apply_score_extraction,get_secret_order,update_secret_order_progress,update_secret_order_sim_note
test_decree_dossiers_571.py:1561	test_allocation_rejects_unknown_economy_account_before_dossier_birth	apply_score_extraction,get_secret_order,update_secret_order_progress,update_secret_order_sim_note
test_decree_dossiers_571.py:1584	test_underfunded_in_transit_allocation_closes_from_execution_state	apply_score_extraction,get_secret_order,update_secret_order_progress,update_secret_order_sim_note
test_decree_dossiers_571.py:1609	test_underfunded_immediate_allocation_is_not_recorded_as_fulfilled	apply_score_extraction,get_secret_order,update_secret_order_progress,update_secret_order_sim_note
test_decree_dossiers_571.py:1644	test_incomplete_mechanical_directive_is_rejected_instead_of_retyped	apply_score_extraction,get_secret_order,update_secret_order_progress,update_secret_order_sim_note
test_decree_dossiers_571.py:1663	test_mechanical_directive_missing_target_fails_loudly_at_real_entry	apply_score_extraction,get_secret_order,update_secret_order_progress,update_secret_order_sim_note
test_decree_dossiers_571.py:1686	test_secret_order_commitment_origin_maps_to_its_own_dossier	apply_score_extraction,get_secret_order,update_secret_order_progress,update_secret_order_sim_note
test_decree_dossiers_571.py:1697	test_military_directive_projects_normalized_due_turn_to_dossier	apply_score_extraction,get_secret_order,update_secret_order_progress,update_secret_order_sim_note
test_decree_dossiers_571.py:1717	test_draft_extraction_does_not_capture_acting_appointment	apply_score_extraction,get_secret_order,update_secret_order_progress,update_secret_order_sim_note
test_decree_dossiers_571.py:1751	test_batch_draft_extraction_preserves_each_mechanical_payload	apply_score_extraction,get_secret_order,update_secret_order_progress,update_secret_order_sim_note
test_decree_dossiers_571.py:1794	test_executing_dossier_stays_visible_and_extractor_can_close_it	apply_score_extraction,get_secret_order,update_secret_order_progress,update_secret_order_sim_note
test_decree_dossiers_571.py:1834	test_malformed_dossier_origin_is_rejected_fail_closed	apply_score_extraction,get_secret_order,update_secret_order_progress,update_secret_order_sim_note
test_decree_dossiers_571.py:1850	test_withdrawn_rescript_records_closed_turn	apply_score_extraction,get_secret_order,update_secret_order_progress,update_secret_order_sim_note
test_decree_dossiers_571.py:1870	test_secret_order_target_survives_restore_and_is_queryable	apply_score_extraction,get_secret_order,update_secret_order_progress,update_secret_order_sim_note
test_decree_dossiers_571.py:1886	test_allocation_candidate_edit_preserves_mechanical_payload	apply_score_extraction,get_secret_order,update_secret_order_progress,update_secret_order_sim_note
test_decree_dossiers_571.py:1918	test_immediate_terminal_payload_cannot_bypass_execution_surface	apply_score_extraction,get_secret_order,update_secret_order_progress,update_secret_order_sim_note
test_decree_dossiers_571.py:1949	test_inner_treasury_admission_uses_actual_once_and_preserves_surface	apply_score_extraction,get_secret_order,update_secret_order_progress,update_secret_order_sim_note
test_decree_dossiers_571.py:2009	test_secret_authorization_dossier_does_not_map_payload_to_skill_grant	apply_score_extraction,get_secret_order,update_secret_order_progress,update_secret_order_sim_note
test_decree_dossiers_571.py:2039	test_secret_authorization_rejects_missing_assignee_without_grant	apply_score_extraction,get_secret_order,update_secret_order_progress,update_secret_order_sim_note
test_decree_dossiers_571.py:2062	test_in_transit_allocation_requires_execution_verdict	apply_score_extraction,get_secret_order,update_secret_order_progress,update_secret_order_sim_note
test_decree_dossiers_571.py:2093	test_durable_allocation_rejects_non_integer_amount_without_downgrade	apply_score_extraction,get_secret_order,update_secret_order_progress,update_secret_order_sim_note
test_decree_dossiers_571.py:2116	test_durable_military_order_without_assignee_fails_loudly	apply_score_extraction,get_secret_order,update_secret_order_progress,update_secret_order_sim_note
test_decree_dossiers_571.py:2139	test_complete_rejection_verdict_is_restoreable_audit_record	apply_score_extraction,get_secret_order,update_secret_order_progress,update_secret_order_sim_note
test_decree_dossiers_571.py:2164	test_rejection_verdict_defaults_omitted_midzhi_marker_to_false	apply_score_extraction,get_secret_order,update_secret_order_progress,update_secret_order_sim_note
test_decree_dossiers_571.py:2181	test_rejection_runtime_contract_rejects_each_missing_field	apply_score_extraction,get_secret_order,update_secret_order_progress,update_secret_order_sim_note
test_decree_dossiers_571.py:2198	test_rejection_runtime_contract_rejects_unknown_references	apply_score_extraction,get_secret_order,update_secret_order_progress,update_secret_order_sim_note
test_decree_dossiers_571.py:2216	test_rejection_snapshot_rejects_malformed_typed_values	apply_score_extraction,get_secret_order,update_secret_order_progress,update_secret_order_sim_note
test_decree_dossiers_571.py:2235	test_rejection_contract_rejects_numeric_contamination_without_history	apply_score_extraction,get_secret_order,update_secret_order_progress,update_secret_order_sim_note
test_deformation_dual_rail_622.py:79	test_ac1_ac2_transformed_vs_degraded_dual_rail_tracer	apply_score_extraction,list_dossier_progress
test_deformation_dual_rail_622.py:186	test_ac5_audit_fork_signal_present_only_with_audit_link	apply_score_extraction,list_dossier_progress
test_deformation_dual_rail_622.py:254	test_apply_economy_list_directed_pay_arrears_echoes_beyond_intent	apply_score_extraction,list_dossier_progress
test_deformation_dual_rail_622.py:373	test_commitment_pooled_pay_arrears_inherits_beyond_intent	apply_score_extraction,list_dossier_progress
test_deformation_dual_rail_622.py:428	test_apply_economy_list_four_exit_effective_origin_receipt_matrix	apply_score_extraction,list_dossier_progress
test_dossier_endorsements_612.py:57	test_endorsement_forms_persist_restore_and_judge_without_roster_join	
test_dossier_endorsements_612.py:125	test_endorsement_write_boundary_rejects_unknown_or_illegal_forms	
test_dossier_endorsements_612.py:175	test_undo_chat_turn_removes_source_bound_endorsements_from_judge	
test_dossier_links_559.py:21	test_one_protection_dossier_links_three_older_allocations_both_directions	list_secret_orders
test_dossier_links_559.py:38	test_only_confirmed_narrowed_references_are_persisted	list_secret_orders
test_dossier_links_559.py:63	test_reference_candidates_hide_other_ministers_secret_dossiers	list_secret_orders
test_dossier_links_559.py:82	test_reference_candidates_obey_canonical_disclosure_blacklist	list_secret_orders
test_dossier_links_559.py:101	test_confirmed_secret_order_materializes_links_through_pending_commit	list_secret_orders
test_dossier_links_559.py:122	test_unknown_target_in_pending_commit_is_rolled_back_and_durably_audited	list_secret_orders
test_dossier_links_559.py:142	test_unknown_target_link_is_rejected_and_audited	list_secret_orders
test_dossier_links_559.py:159	test_force_promulgated_rejected_dossier_is_referenceable	list_secret_orders
test_dossier_links_559.py:173	test_withdrawn_rejected_dossier_is_not_referenceable	list_secret_orders
test_dossier_links_559.py:181	test_pending_rejection_does_not_follow_reused_rolled_back_source_id	list_secret_orders
test_dossier_reported_progress_619.py:78	test_execution_surface_dossier_can_record_and_list_full_history	apply_score_extraction,list_dossier_progress
test_dossier_reported_progress_619.py:119	test_secret_monthly_path_unchanged_and_stays_on_private_rail	apply_score_extraction,list_dossier_progress
test_dossier_reported_progress_619.py:148	test_short_and_one_shot_dossiers_have_no_empty_monthly_shell	apply_score_extraction,list_dossier_progress
test_dossier_reported_progress_619.py:170	test_origin_namespace_minimum_closed_set_and_open_append	apply_score_extraction,list_dossier_progress
test_dossier_reported_progress_619.py:205	test_production_terminal_sidepath_records_degraded_transformed_only	apply_score_extraction,list_dossier_progress
test_dossier_reported_progress_619.py:236	test_fake_progress_report_does_not_change_world_state	apply_score_extraction,list_dossier_progress
test_dossier_reported_progress_619.py:257	test_restore_preserves_report_history	apply_score_extraction,list_dossier_progress
test_dossier_reported_progress_619.py:290	test_terminal_surface_dossier_rejects_reported_progress	apply_score_extraction,list_dossier_progress
test_due_review_621.py:123	test_mark_todo_pending_to_consumed_is_idempotent	apply_score_extraction,list_dossier_progress
test_due_review_621.py:146	test_consumed_todo_does_not_resurrect_on_rescan	apply_score_extraction,list_dossier_progress
test_due_review_621.py:167	test_unconsumed_todo_rolls_across_settles_and_restore	apply_score_extraction,list_dossier_progress
test_due_review_621.py:207	test_due_review_scene_has_no_internal_payload	apply_score_extraction,list_dossier_progress
test_due_review_621.py:226	test_due_review_scene_enters_open_night_fact_inputs	apply_score_extraction,list_dossier_progress
test_due_review_621.py:270	test_dossier_branch_writes_execution_slot_via_adapter	apply_score_extraction,list_dossier_progress
test_due_review_621.py:310	test_dossier_branch_negative_does_not_open_parallel_slot	apply_score_extraction,list_dossier_progress
test_due_review_621.py:339	test_no_dossier_branch_only_scene_no_forged_dossier	apply_score_extraction,list_dossier_progress
test_due_review_621.py:384	test_no_dossier_branch_negative_does_not_create_dossier	apply_score_extraction,list_dossier_progress
test_due_review_621.py:426	test_mid_stage_no_close_no_joint_liability	apply_score_extraction,list_dossier_progress
test_due_review_621.py:464	test_final_stage_terminal_close_joint_liability_at_most_once	apply_score_extraction,list_dossier_progress
test_due_review_621.py:515	test_executing_outcome_rejects_close_true	apply_score_extraction,list_dossier_progress
test_due_review_621.py:528	test_three_beat_timing_todo_then_scene_then_slot	apply_score_extraction,list_dossier_progress
test_due_review_621.py:565	test_due_review_settle_does_not_pause_or_decision	apply_score_extraction,list_dossier_progress
test_due_review_621.py:589	test_input_closed_set_degrades_when_sources_missing	apply_score_extraction,list_dossier_progress
test_due_review_621.py:611	test_formal_review_blocks_extractor_second_terminal	apply_score_extraction,list_dossier_progress
test_due_review_621.py:680	test_due_month_extractor_blocked_before_todo_write	apply_score_extraction,list_dossier_progress
test_due_review_621.py:723	test_takeover_guard_fail_closed_on_ownership_error	apply_score_extraction,list_dossier_progress
test_due_review_621.py:751	test_fulfilled_with_prior_durable_effect_zero_double_post	apply_score_extraction,list_dossier_progress
test_due_review_621.py:787	test_due_review_scene_binds_reported_dossier	apply_score_extraction,list_dossier_progress
test_economy_section_rejections.py:31	test_top_level_bad_account_rejected_good_lands	
test_economy_section_rejections.py:49	test_top_level_nonint_delta_rejected	
test_economy_section_rejections.py:62	test_valid_economy_still_applies_no_reject	
test_economy_section_rejections.py:77	test_zero_delta_economy_no_reject_no_apply	
test_economy_section_rejections.py:89	test_issue_effect_bad_account_economy_reaches_reports	
test_economy_section_rejections.py:114	test_float_and_bool_delta_rejected	
test_economy_section_rejections.py:131	test_noop_bad_account_skipped_not_rejected	
test_economy_section_rejections.py:147	test_issue_effect_cancel_economy_reaches_reports	
test_effect_origin_558.py:21	test_decree_driven_effect_without_any_origin_is_rejected	apply_score_extraction
test_effect_origin_558.py:36	test_effect_origins_round_trip_and_missing_origin_is_rejected	apply_score_extraction
test_effect_origin_558.py:64	test_issue_close_effects_inherit_parent_canonical_origin	apply_score_extraction
test_effect_origin_558.py:106	test_same_issue_row_inertia_and_ongoing_reuse_parent_canonical_origin	apply_score_extraction
test_effect_origin_558.py:139	test_fiscal_remove_keeps_durable_origin_tombstone	apply_score_extraction
test_effect_origin_558.py:163	test_legacy_economy_ledger_origin_backfill_uses_real_dossier_only	apply_score_extraction
test_effect_origin_558.py:198	test_fabricated_origin_is_rejected_even_without_a_dossier	apply_score_extraction
test_effect_origin_558.py:219	test_ordinary_entity_log_families_persist_origin_at_write_seam	apply_score_extraction
test_effect_origin_558.py:239	test_power_backlash_from_allegiance_change_inherits_canonical_origin	apply_score_extraction
test_effect_origin_558.py:267	test_missing_origins_are_rejected_at_entity_write_seams_without_logs	apply_score_extraction
test_effect_origin_558.py:293	test_entity_origin_gate_does_not_replace_reference_shape_or_noop_classification	apply_score_extraction
test_effect_origin_558.py:314	test_zero_manpower_origin_gate_matches_actual_arrears_writeoff	apply_score_extraction
test_effect_origin_558.py:361	test_army_pay_source_classifies_before_origin_gate_and_never_writes_without_origin	apply_score_extraction
test_env_isolation.py:14	test_user_data_dir_is_isolated_from_repo_data	
test_event_trigger_gate.py:84	test_gated_historical_event_excluded_when_unsatisfied	apply_score_extraction
test_event_trigger_gate.py:98	test_gated_historical_event_included_when_satisfied	apply_score_extraction
test_event_trigger_gate.py:112	test_ungated_historical_event_unchanged	apply_score_extraction
test_event_trigger_gate.py:126	test_historical_event_expires_after_latest_window_when_gate_unsatisfied	apply_score_extraction
test_event_trigger_gate.py:170	test_historical_event_gate_can_read_event_triggered_record	apply_score_extraction
test_event_trigger_gate.py:186	test_historical_event_latest_month_is_still_inside_window	apply_score_extraction
test_event_trigger_gate.py:212	test_historical_event_triggered_gate_ignores_obsolete_terminal	apply_score_extraction
test_event_trigger_gate.py:226	test_open_window_historical_event_never_expires	apply_score_extraction
test_event_trigger_gate.py:253	test_open_window_historical_event_still_waits_for_earliest_time	apply_score_extraction
test_event_trigger_gate.py:272	test_seed_event_expires_after_latest_window_when_gate_unsatisfied	apply_score_extraction
test_event_trigger_gate.py:306	test_auto_trigger_seed_event_expires_after_latest_window_when_gate_unsatisfied	apply_score_extraction
test_event_trigger_gate.py:339	test_gather_candidate_events_filters_expired_auto_trigger_seed_without_writing	apply_score_extraction
test_event_trigger_gate.py:374	test_event_pool_apply_uses_pushed_candidate_snapshot_not_fresh_recompute	apply_score_extraction
test_event_trigger_gate.py:407	test_apply_event_terminal_states_does_not_commit_existing_transaction	apply_score_extraction
test_event_trigger_gate.py:437	test_gate_passed_tolerates_none	apply_score_extraction
test_event_trigger_gate.py:445	test_gate_passed_tolerates_nonstring_cond	apply_score_extraction
test_event_trigger_gate.py:454	test_historical_event_none_gate_no_crash	apply_score_extraction
test_event_trigger_gate.py:469	test_gate_key_form_error_accepts_valid_forms	apply_score_extraction
test_event_trigger_gate.py:481	test_gate_key_form_error_rejects_typo_metric_table_structure	apply_score_extraction
test_event_trigger_gate.py:490	test_gate_cond_form_error_numeric_and_text	apply_score_extraction
test_event_trigger_gate.py:500	test_load_event_fail_loud_on_bad_gate_key	apply_score_extraction
test_event_trigger_gate.py:512	test_load_event_requires_latest_or_open_window	apply_score_extraction
test_event_trigger_gate.py:526	test_load_event_rejects_non_boolean_open_window	apply_score_extraction
test_event_trigger_gate.py:541	test_load_event_rejects_strategic_foreign_situation	apply_score_extraction
test_event_trigger_gate.py:555	test_load_event_rejects_latest_before_earliest	apply_score_extraction
test_event_trigger_gate.py:576	test_load_event_rejects_month_out_of_range	apply_score_extraction
test_event_trigger_gate.py:591	test_typo_field_gate_raises_clear_not_operationalerror	apply_score_extraction
test_event_trigger_gate.py:601	test_gate_cond_numeric_neq_rejected_text_neq_ok	apply_score_extraction
test_event_trigger_gate.py:612	test_gate_key_rejects_empty_segments	apply_score_extraction
test_event_trigger_gate.py:621	test_typo_field_text_gate_raises_clear	apply_score_extraction
test_event_trigger_gate.py:631	test_gate_key_rejects_empty_class_name	apply_score_extraction
test_event_trigger_gate.py:640	test_text_cond_requires_text_capable_key	apply_score_extraction
test_event_trigger_gate.py:651	test_load_fail_loud_on_text_cond_multi_id_key	apply_score_extraction
test_event_trigger_gate.py:663	test_text_cond_field_must_be_text_field	apply_score_extraction
test_event_trigger_gate.py:673	test_gate_key_rejects_empty_region_after_at	apply_score_extraction
test_event_trigger_gate.py:682	test_numeric_cond_on_text_field_raises_clear	apply_score_extraction
test_event_trigger_gate.py:693	test_character_numeric_gate_supports_comparison	apply_score_extraction
test_event_trigger_gate.py:705	test_character_numeric_gate_supports_aggregation	apply_score_extraction
test_event_trigger_gate.py:718	test_army_numeric_gate_preserves_fractional_arrears_tail	apply_score_extraction
test_event_trigger_gate.py:731	test_character_gate_rejects_malformed_field_before_sql	apply_score_extraction
test_event_trigger_gate.py:741	test_character_numeric_field_text_gate_raises_clear	apply_score_extraction
test_event_trigger_gate.py:751	test_character_text_gate_supports_equality	apply_score_extraction
test_event_trigger_gate.py:763	test_character_typo_field_gate_raises_clear	apply_score_extraction
test_event_trigger_gate.py:773	test_character_text_typo_field_gate_raises_clear	apply_score_extraction
test_event_trigger_gate.py:783	test_character_text_gate_key_passes_content_validation	apply_score_extraction
test_event_trigger_gate.py:791	test_character_text_gate_rejects_serialized_list_field	apply_score_extraction
test_event_trigger_gate.py:798	test_character_text_gate_rejects_numeric_character_field	apply_score_extraction
test_event_trigger_gate.py:805	test_mao_event_effect_uses_unified_person_change_key	apply_score_extraction
test_event_trigger_gate.py:819	test_auto_trigger_historical_event_to_issue_uses_outer_transaction	apply_score_extraction
test_event_trigger_gate.py:843	test_event_content_rejects_falsy_person_core_subjects	apply_score_extraction
test_event_trigger_gate.py:870	test_mao_wenlong_event_excluded_after_appeasement	apply_score_extraction
test_event_trigger_gate.py:883	test_mao_wenlong_event_remains_candidate_while_player_departure_is_in_transit	apply_score_extraction
test_event_trigger_gate.py:917	test_mao_wenlong_event_excluded_after_player_reassigns_yuan	apply_score_extraction
test_event_trigger_gate.py:935	test_mao_wenlong_event_trigger_lands_character_status	apply_score_extraction
test_event_trigger_gate.py:963	test_ordinary_jinzhou_preparedness_delta_is_not_rejected_as_songshan_outcome	apply_score_extraction
test_event_trigger_gate.py:985	test_strategic_foreign_event_rejects_trigger_without_world_state_delta	apply_score_extraction
test_event_trigger_gate.py:1005	test_direct_issue_tracker_rejects_strategic_event_without_world_state_delta	apply_score_extraction
test_event_trigger_gate.py:1025	test_ordinary_army_station_delta_with_strategic_place_anchor_is_not_rejected	apply_score_extraction
test_event_trigger_gate.py:1048	test_lindan_xiqian_does_not_capture_untriggered_beizhili_border_policy_delta	apply_score_extraction
test_event_trigger_gate.py:1081	test_henan_place_policy_delta_does_not_capture_untriggered_fall_events	apply_score_extraction
test_event_trigger_gate.py:1111	test_henan_bandit_policy_delta_does_not_capture_untriggered_luoyang_event	apply_score_extraction
test_event_trigger_gate.py:1143	test_unrelated_region_delta_does_not_satisfy_strategic_event_result_gate	apply_score_extraction
test_event_trigger_gate.py:1168	test_target_region_delta_without_event_anchor_does_not_satisfy_strategic_event_result_gate	apply_score_extraction
test_event_trigger_gate.py:1194	test_unrelated_person_delta_does_not_satisfy_strategic_event_result_gate	apply_score_extraction
test_event_trigger_gate.py:1218	test_unrelated_person_delta_with_event_anchor_does_not_satisfy_strategic_event_result_gate	apply_score_extraction
test_event_trigger_gate.py:1242	test_target_person_delta_without_event_anchor_does_not_satisfy_strategic_event_result_gate	apply_score_extraction
test_event_trigger_gate.py:1266	test_rejected_strategic_foreign_event_preserves_unrelated_region_delta	apply_score_extraction
test_event_trigger_gate.py:1291	test_rejected_strategic_event_preserves_unanchored_target_region_delta	apply_score_extraction
test_event_trigger_gate.py:1317	test_rejected_strategic_event_preserves_unrelated_person_delta	apply_score_extraction
test_event_trigger_gate.py:1341	test_rejected_strategic_event_does_not_land_substitute_commander_person_delta	apply_score_extraction
test_event_trigger_gate.py:1379	test_pending_gate_uses_same_place_canonical_terminal_state	apply_score_extraction
test_event_trigger_gate.py:1399	test_wuyin_lubian_content_treats_lu_death_as_soft_battle_outcome	apply_score_extraction
test_event_trigger_gate.py:1417	test_mao_wenlong_event_trigger_respects_outer_transaction_rollback	apply_score_extraction
test_event_trigger_gate.py:1449	test_issue_tracker_rollback_restores_bound_content_when_content_omitted	apply_score_extraction
test_event_trigger_gate.py:1475	test_issue_tracker_rollback_removes_dynamic_character_attrs	apply_score_extraction
test_event_trigger_gate.py:1492	test_apply_score_extraction_metric_delta_restores_runtime_on_outer_rollback	apply_score_extraction
test_event_trigger_gate.py:1512	test_event_pool_situation_insert_respects_outer_transaction_rollback	apply_score_extraction
test_event_trigger_gate.py:1553	test_mao_wenlong_event_pool_rechecks_gate_before_effect	apply_score_extraction
test_event_trigger_gate.py:1578	test_person_core_event_obsoletes_when_named_subject_is_dead	apply_score_extraction
test_event_trigger_gate.py:1606	test_yuan_xialing_event_excluded_without_jisi_triggered	apply_score_extraction
test_event_trigger_gate.py:1624	test_yuan_xialing_event_excluded_after_jisi_border_contained_outcome	apply_score_extraction
test_event_trigger_gate.py:1641	test_legacy_event_pool_issue_backfills_trigger_without_guessing_outcome	apply_score_extraction
test_event_trigger_gate.py:1684	test_legacy_event_trigger_terminal_reason_can_be_filled_by_real_outcome	apply_score_extraction
test_event_trigger_gate.py:1715	test_person_write_state_restore_removes_dynamic_character_attrs	apply_score_extraction
test_event_trigger_gate.py:1726	test_legacy_person_core_static_fields_backfill_reachability	apply_score_extraction
test_event_trigger_gate.py:1786	test_person_core_static_backfill_preserves_relocated_mao	apply_score_extraction
test_event_trigger_gate.py:1805	test_luoyang_fallen_not_obsoleted_when_fu_wang_is_dead	apply_score_extraction
test_event_trigger_gate.py:1825	test_li_chenghai_event_opens_after_li_zicheng_historical_debut	apply_score_extraction
test_event_trigger_gate.py:1841	test_zhangxianzhong_event_opens_after_historical_debut_and_surrender_path	apply_score_extraction
test_event_trigger_gate.py:1864	test_issue_191_person_core_events_are_explicitly_classified	apply_score_extraction
test_event_trigger_gate.py:1908	test_issue_194_strategic_foreign_events_are_explicitly_classified_and_gated	apply_score_extraction
test_event_trigger_gate.py:1975	test_strategic_foreign_classification_requires_outcome_targets	apply_score_extraction
test_event_trigger_gate.py:1985	test_issue_194_dead_named_general_does_not_obsolete_strategic_foreign_event	apply_score_extraction
test_event_trigger_gate.py:2005	test_huabei_plague_auto_triggers_with_deterministic_core_effect	apply_score_extraction
test_event_trigger_gate.py:2029	test_historical_auto_trigger_core_effect_is_applied_once	apply_score_extraction
test_event_trigger_gate.py:2056	test_auto_trigger_historical_events_use_preloaded_terminal_refs	apply_score_extraction
test_event_trigger_gate.py:2073	test_historical_auto_trigger_event_expires_after_latest_window	apply_score_extraction
test_event_trigger_gate.py:2098	test_gated_auto_trigger_seed_event_does_not_refire_after_issue_resolved	apply_score_extraction
test_event_trigger_gate.py:2131	test_huabei_plague_keeps_soft_degree_axis_as_situation_issue	apply_score_extraction
test_event_trigger_gate.py:2154	test_historical_situation_auto_trigger_rolls_back_soft_issue_when_core_effect_fails	apply_score_extraction
test_event_trigger_gate.py:2178	test_historical_situation_auto_trigger_backfills_core_effect_for_existing_soft_issue	apply_score_extraction
test_event_trigger_gate.py:2221	test_jingshi_plague_auto_triggers_and_weakens_capital_garrison	apply_score_extraction
test_event_trigger_gate.py:2245	test_huangtaiji_chengdi_lands_only_when_model_picks_it	apply_score_extraction
test_event_trigger_gate.py:2337	test_fiscal_levy_events_stay_out_of_model_candidate_pool	apply_score_extraction
test_event_trigger_gate.py:2381	test_person_events_are_model_candidates_not_engine_hard_fired	apply_score_extraction
test_event_trigger_gate.py:2403	test_mao_wenlong_event_pool_uses_candidate_snapshot_before_advances	apply_score_extraction
test_event_trigger_gate.py:2453	test_event_pool_uses_candidate_snapshot_before_top_level_metric_delta	apply_score_extraction
test_event_trigger_gate.py:2494	test_event_pool_rechecks_after_advances_close_gate	apply_score_extraction
test_event_trigger_gate.py:2544	test_event_pool_rechecks_after_prior_event_effect_closes_gate	apply_score_extraction
test_event_trigger_gate.py:2613	test_issue_tracker_decree_new_issue_respects_outer_transaction_rollback	apply_score_extraction
test_event_trigger_gate.py:2644	test_issue_tracker_advance_respects_outer_transaction_rollback	apply_score_extraction
test_event_trigger_gate.py:2679	test_issue_tracker_advance_effects_respect_outer_transaction_rollback	apply_score_extraction
test_event_trigger_gate.py:2719	test_issue_tracker_close_respects_outer_transaction_rollback	apply_score_extraction
test_event_trigger_gate.py:2755	test_issue_tracker_close_effects_respect_outer_transaction_rollback	apply_score_extraction
test_event_trigger_gate.py:2812	test_issue_tracker_close_entity_effects_respect_outer_transaction_rollback	apply_score_extraction
test_event_trigger_gate.py:2858	test_issue_tracker_close_legacy_expiry_respects_outer_transaction_rollback	apply_score_extraction
test_event_trigger_gate.py:2901	test_apply_issue_entities_person_changes_respect_commit_false	apply_score_extraction
test_event_trigger_gate.py:2933	test_apply_score_extraction_top_level_economy_respects_outer_transaction_rollback	apply_score_extraction
test_event_trigger_gate.py:2955	test_apply_score_extraction_fiscal_changes_respect_outer_transaction_rollback	apply_score_extraction
test_event_trigger_gate.py:2974	test_apply_score_extraction_class_delta_respects_outer_transaction_rollback	apply_score_extraction
test_event_trigger_gate.py:3012	test_apply_score_extraction_top_level_entity_deltas_respect_outer_transaction_rollback	apply_score_extraction
test_event_trigger_gate.py:3078	test_apply_score_extraction_fiscal_create_and_remove_respect_outer_transaction_rollback	apply_score_extraction
test_event_trigger_gate.py:3116	test_event_pool_pending_invalid_location_does_not_block_gate	apply_score_extraction
test_event_trigger_gate.py:3173	test_event_pool_pending_invalid_appointment_does_not_block_gate	apply_score_extraction
test_event_trigger_gate.py:3217	test_event_pool_pending_invalid_allegiance_change_does_not_block_gate	apply_score_extraction
test_event_trigger_gate.py:3262	test_event_pool_pending_disposition_clears_office_gate	apply_score_extraction
test_event_trigger_gate.py:3318	test_event_pool_pending_invalid_location_does_not_clear_transit_gate	apply_score_extraction
test_event_trigger_gate.py:3376	test_event_pool_pending_rejected_legacy_gate_change_does_not_block	apply_score_extraction
test_event_trigger_gate.py:3419	test_event_pool_pending_legacy_power_change_blocks_gate	apply_score_extraction
test_event_trigger_gate.py:3476	test_event_pool_pending_same_power_allegiance_noop_does_not_block_gate	apply_score_extraction
test_event_trigger_gate.py:3541	test_event_pool_pending_allegiance_backlash_blocks_power_gate	apply_score_extraction
test_event_trigger_gate.py:3608	test_event_pool_pending_person_changes_are_simulated_sequentially	apply_score_extraction
test_event_trigger_gate.py:3642	test_apply_score_extraction_appointment_rolls_back_with_outer_transaction	apply_score_extraction
test_event_trigger_gate.py:3678	test_event_pool_pending_alias_appointment_blocks_canonical_gate	apply_score_extraction
test_event_trigger_gate.py:3733	test_event_pool_pending_alias_disposition_blocks_canonical_gate	apply_score_extraction
test_event_trigger_gate.py:3792	test_pending_person_gate_prefetches_character_rows_for_displacement	apply_score_extraction
test_event_trigger_gate.py:3839	test_event_pool_pending_gate_reuses_shadow_prefetch_across_new_issues	apply_score_extraction
test_event_trigger_gate.py:3914	test_event_pool_pending_rejected_vassal_appointment_does_not_block_gate	apply_score_extraction
test_event_trigger_gate.py:3969	test_event_pool_pending_appointment_displacement_blocks_displaced_office_gate	apply_score_extraction
test_event_trigger_gate.py:4033	test_event_pool_pending_appointment_clears_reason_gate	apply_score_extraction
test_event_trigger_gate.py:4088	test_event_pool_pending_appointment_updates_office_type_gate	apply_score_extraction
test_event_trigger_gate.py:4138	test_event_pool_pending_appointment_normalizes_equivalent_office	apply_score_extraction
test_event_trigger_gate.py:4188	test_issue_tracker_cancel_respects_outer_transaction_rollback	apply_score_extraction
test_event_trigger_gate.py:4224	test_issue_tracker_cancel_cost_respects_outer_transaction_rollback	apply_score_extraction
test_event_trigger_gate.py:4267	test_mao_wenlong_event_pool_rechecks_after_same_turn_loyalty_assessment	apply_score_extraction
test_event_trigger_gate.py:4292	test_mao_wenlong_event_pool_rechecks_after_same_turn_yuan_dismissal	apply_score_extraction
test_event_trigger_gate.py:4317	test_invalid_pending_person_change_does_not_block_event_gate	apply_score_extraction
test_event_trigger_gate.py:4344	test_mao_wenlong_event_obsolete_when_core_subject_already_dead	apply_score_extraction
test_event_trigger_gate.py:4378	test_mao_wenlong_event_excluded_when_yuan_unavailable	apply_score_extraction
test_event_trigger_gate.py:4417	test_event_pool_current_candidate_recheck_cached_until_state_changes	apply_score_extraction
test_event_trigger_gate.py:4479	test_mao_wenlong_event_pool_duplicate_emit_is_idempotent	apply_score_extraction
test_execution_joint_liability_565.py:67	test_fulfilled_writes_zero_joint_liability_rows	apply_score_extraction
test_execution_joint_liability_565.py:90	test_terminal_outcomes_charge_lead_and_downgraded_delegator	apply_score_extraction
test_execution_joint_liability_565.py:137	test_adapter_replay_is_idempotent_on_joint_liability_rows	apply_score_extraction
test_execution_joint_liability_565.py:162	test_engine_auto_failed_materialize_writes_zero_joint_liability	apply_score_extraction
test_execution_joint_liability_565.py:187	test_dead_liable_party_skips_satisfaction_but_enters_note	apply_score_extraction
test_execution_joint_liability_565.py:213	test_explicit_affected_parties_must_pass_full_key_validation	apply_score_extraction
test_execution_joint_liability_565.py:256	test_assistant_row_delegator_gets_secondary_assistant_zero_mechanical	apply_score_extraction
test_execution_joint_liability_565.py:300	test_dual_role_lead_and_delegator_primary_wins	apply_score_extraction
test_execution_joint_liability_565.py:339	test_liability_query_excludes_knowers_but_keeps_delegator_fk	apply_score_extraction
test_execution_joint_liability_565.py:373	test_living_offstage_delegator_still_charged	apply_score_extraction
test_execution_joint_liability_565.py:389	test_execution_note_merge_interface_and_restore	apply_score_extraction
test_execution_joint_liability_565.py:417	test_direct_record_dossier_execution_does_not_trigger_joint_liability	apply_score_extraction
test_execution_pressure_654.py:34	test_normalize_locality_scope	
test_execution_pressure_654.py:38	test_normalize_locality_scope_rejects_unknown	
test_execution_pressure_654.py:43	test_mapper_rejects_contradictory_locality_scope_without_overwrite	
test_execution_pressure_654.py:119	test_national_policy_is_one_dossier_not_per_province	
test_execution_pressure_654.py:134	test_special_decree_without_national_is_single_empty	
test_execution_pressure_654.py:148	test_region_single_by_id	
test_execution_pressure_654.py:161	test_region_outside_province_set_yields_empty_locality	
test_execution_pressure_654.py:182	test_oracle_contradictions_fail_loud	
test_execution_pressure_654.py:190	test_region_zero_hit_fail_loud	
test_execution_pressure_654.py:207	test_region_id_column_and_composite_indexes	
test_execution_pressure_654.py:229	test_national_creates_one_row_idempotent	
test_execution_pressure_654.py:299	test_named_lead_bulk_single_region_syncs_executor	
test_execution_pressure_654.py:349	test_create_decree_dossier_int_abi_single_row	
test_execution_pressure_654.py:364	test_get_dossier_for_directive_existence_sentinel	
test_execution_pressure_654.py:403	test_ensure_directive_dossier_returns_list	
test_execution_pressure_654.py:434	test_normalize_payload_locality_and_target_kind	
test_execution_pressure_654.py:473	test_cli_backend_invalid_target_kind_fail_loud	
test_execution_pressure_654.py:503	test_validate_all_unknown_roster_name_zero_rows_before_insert	
test_execution_pressure_654.py:531	test_path2_pending_bad_roster_stays_draft_on_ensure_batch	
test_execution_pressure_654.py:564	test_path3_locality_fail_keeps_draft_no_text_in_rejection	
test_execution_pressure_654.py:611	test_path1_conversational_draft_bad_roster_marks_failed	
test_execution_pressure_654.py:708	test_locality_matrix_8x3_and_unknown	
test_execution_pressure_654.py:728	test_locality_fail_create_decree_dossiers_zero_rows	
test_execution_pressure_654.py:749	test_cli_target_kinds_accepts_canonical_eight	
test_execution_pressure_654.py:764	test_location_canonical_seed_and_write_seam	
test_execution_pressure_654.py:850	test_authorization_region_to_character_amendment_clears_single_locality	
test_execution_pressure_654.py:908	test_revoke_authority_amendment_rewrites_existing_candidate	
test_faction_brew_637.py:87	test_canonical_projection_intersects_existing_factions_only	apply_score_extraction
test_faction_brew_637.py:103	test_any_endpoint_hit_selects_and_same_faction_dedups	apply_score_extraction
test_faction_brew_637.py:121	test_both_endpoints_different_factions_both_selected	apply_score_extraction
test_faction_brew_637.py:143	test_out_of_table_faction_and_unknown_person_never_projected	apply_score_extraction
test_faction_brew_637.py:165	test_event_month_updates_stance_and_no_event_month_byte_identical	apply_score_extraction
test_faction_brew_637.py:198	test_failed_faction_brew_rebrews_once_via_existing_pending_seam	apply_score_extraction
test_faction_brew_637.py:249	test_malformed_faction_output_degrades_and_keeps_old_summary_bytes	apply_score_extraction
test_faction_brew_637.py:283	test_faction_claim_db_error_propagates_loudly	apply_score_extraction
test_faction_brew_637.py:296	test_faction_apply_db_error_propagates_loudly_not_disguised	apply_score_extraction
test_faction_brew_637.py:311	test_relation_and_faction_items_share_single_batch_in_parallel	apply_score_extraction
test_faction_brew_637.py:334	test_zero_writes_to_factions_numeric_columns_across_all_seams	apply_score_extraction
test_faction_brew_637.py:403	test_new_events_preserve_source_target_equal_to_db_rows	apply_score_extraction
test_faction_brew_637.py:428	test_authority_revoke_edge_reaches_holder_faction_with_emperor_target	apply_score_extraction
test_faction_brew_637.py:485	test_new_event_fields_are_pure_data_no_prose_composition	apply_score_extraction
test_faction_brew_637.py:512	test_source_faction_target_faction_equals_current_projection_and_nulls_and_no_concatenation	apply_score_extraction
test_faction_brew_637.py:594	test_faction_brew_prompt_retry_month_does_not_label_old_events_as_current_month	apply_score_extraction
test_faction_class_section_rejections.py:39	test_unknown_faction_rejected_good_item_lands	
test_faction_class_section_rejections.py:68	test_unknown_class_rejected_good_item_lands	
test_faction_class_section_rejections.py:90	test_illegal_faction_value_rejected	
test_faction_class_section_rejections.py:106	test_illegal_class_value_rejected	
test_faction_class_section_rejections.py:124	test_float_and_bool_class_values_rejected	
test_faction_class_section_rejections.py:142	test_float_and_bool_faction_values_rejected	
test_faction_class_section_rejections.py:166	test_valid_flat_int_faction_not_rejected	
test_faction_class_section_rejections.py:184	test_flat_class_delta_rejected_while_nested_sibling_lands	
test_faction_class_section_rejections.py:207	test_zero_delta_faction_not_rejected	
test_faction_class_section_rejections.py:220	test_issue_effect_faction_rejection_reaches_reports	
test_faction_denunciation_627.py:106	test_world_materials_exclude_secret_fork_from_gazette	prepare_world_materials
test_faction_denunciation_627.py:209	test_fork_predicate_pure_and_single_source_expression	prepare_world_materials
test_faction_denunciation_627.py:224	test_veracity_derivation_mechanical_and_origin_marks	prepare_world_materials
test_faction_denunciation_627.py:240	test_ac2_scripted_accept_and_clamp	prepare_world_materials
test_faction_denunciation_627.py:291	test_ac3_veracity_true_and_false_from_fork	prepare_world_materials
test_faction_denunciation_627.py:332	test_ac4_dedup_upgrade_closed_and_restore	prepare_world_materials
test_faction_denunciation_627.py:427	test_ac5_zero_template_exposure_and_622	prepare_world_materials
test_faction_leverage_9.py:29	test_faction_leverage_drops_when_core_minister_ousted	apply_score_extraction
test_faction_leverage_9.py:40	test_faction_leverage_rises_back_when_minister_restored	apply_score_extraction
test_faction_leverage_9.py:57	test_non_whitelist_faction_row_leverage_not_recomputed	apply_score_extraction
test_faction_leverage_9.py:81	test_xixue_faction_in_whitelist_drops_when_member_ousted	apply_score_extraction
test_faction_leverage_9.py:95	test_rank_tier_modulates_impact	apply_score_extraction
test_faction_leverage_9.py:126	test_restore_uses_new_office_weight_not_old	apply_score_extraction
test_faction_leverage_9.py:182	test_promotion_via_set_character_office_raises_leverage	apply_score_extraction
test_faction_leverage_9.py:200	test_failed_appointment_rolls_back_faction_leverage	apply_score_extraction
test_faction_leverage_9.py:238	test_displaced_minister_faction_leverage_recomputed	apply_score_extraction
test_faction_leverage_9.py:271	test_offset_not_re_anchored_on_reload_after_clamp	apply_score_extraction
test_faction_leverage_9.py:303	test_leverage_clamps_at_zero_no_negative	apply_score_extraction
test_faction_leverage_9.py:334	test_add_character_appointment_lifts_faction_leverage	apply_score_extraction
test_faction_leverage_9.py:362	test_active_member_empty_office_contributes_zero_weight	apply_score_extraction
test_faction_leverage_9.py:399	test_recompute_all_reconciles_drift_from_unhooked_path	apply_score_extraction
test_faction_leverage_9.py:456	test_reconcile_runs_before_clear_gated_legacies_same_turn	apply_score_extraction
test_faction_leverage_9.py:500	test_office_weight_takes_highest_domain_across_joint_offices	apply_score_extraction
test_faction_leverage_9.py:516	test_office_rank_deputy_titles_not_inflated_to_principal	apply_score_extraction
test_faction_leverage_9.py:549	test_office_rank_aux_titles_audit_offices_json	apply_score_extraction
test_faction_leverage_9.py:580	test_jundadou_deputy_ouster_impact_is_half_of_principal	apply_score_extraction
test_faction_leverage_9.py:594	test_xingbu_has_leverage_weight_like_other_ministries	apply_score_extraction
test_faction_leverage_9.py:614	test_neiting_has_leverage_weight_like_other_court_eunuchs	apply_score_extraction
test_faction_leverage_9.py:631	test_all_court_allowed_types_have_leverage_weight	apply_score_extraction
test_faction_leverage_9.py:649	test_weizhongxian_ouster_drops_yandang_by_sili_weight	apply_score_extraction
test_faction_leverage_9.py:666	test_whitelist_faction_delta_routes_to_offset_survives_reconcile	apply_score_extraction
test_faction_leverage_9.py:691	test_whitelist_faction_delta_survives_full_settlement	apply_score_extraction
test_faction_leverage_9.py:729	test_non_whitelist_faction_delta_direct_leverage_survives_reconcile	apply_score_extraction
test_faction_leverage_9.py:780	test_legacy_save_calibrates_offset_on_open	apply_score_extraction
test_faction_leverage_9.py:843	test_col_added_uncalibrated_save_recalibrates_on_open	apply_score_extraction
test_faction_leverage_9.py:922	test_calibrated_save_without_marker_not_re_anchored	apply_score_extraction
test_faction_leverage_9.py:956	test_rollback_snapshot_restores_leverage_offset	apply_score_extraction
test_faction_leverage_9.py:983	test_chat_rollback_restores_faction_leverage	apply_score_extraction
test_faction_leverage_9.py:1017	test_power_id_defection_drops_faction_leverage_immediately	apply_score_extraction
test_faction_leverage_9.py:1042	test_half_weight_odd_baseline_no_round_drift	apply_score_extraction
test_faction_leverage_9.py:1075	test_old_integer_offset_migrated_to_float	apply_score_extraction
test_family_tail_615.py:126	test_break_rank_appointment_rescript_td4_tracer	apply_score_extraction
test_family_tail_restore_570.py:83	test_mid_month_restore_keeps_dossier_four_faces	list_dossier_progress
test_featured_dossiers_494.py:39	test_every_active_seven_faction_minister_has_featured_dossier	
test_featured_dossiers_494.py:55	test_seven_faction_dossiers_are_objective_and_identity_scoped	
test_featured_dossiers_494.py:83	test_north_star_ministers_have_distinct_featured_voices	
test_fiscal_beyond_intent_1260.py:111	test_s1_fiscal_creates_beyond_intent_tracer_and_negatives	apply_score_extraction
test_fiscal_beyond_intent_1260.py:179	test_s1_fiscal_changes_beyond_intent_tracer_and_negatives	apply_score_extraction
test_fiscal_beyond_intent_1260.py:243	test_s1_fiscal_removes_beyond_intent_tracer_and_negatives	apply_score_extraction
test_fiscal_beyond_intent_1260.py:296	test_s1_engine_grant_fiscal_create_stays_beyond_intent_zero	apply_score_extraction
test_fiscal_beyond_intent_1260.py:318	test_s2_pure_fiscal_beyond_intent_transformed_fork_backlash	apply_score_extraction
test_fiscal_beyond_intent_1260.py:394	test_s2_pure_fiscal_without_beyond_intent_fulfilled_no_backlash	apply_score_extraction
test_fiscal_beyond_intent_1260.py:464	test_s3_nested_ongoing_economy_alias_旨外恶果_lands_ledger	apply_score_extraction
test_fiscal_levy_effect.py:80	test_shaanxi_primary_source_liao_seed_keeps_opening_transport_cap	dispatch_declaration
test_fiscal_levy_effect.py:104	test_liao_levy_rise_approved_by_emperor_updates_settle_before_fiscal_tick	dispatch_declaration
test_fiscal_levy_effect.py:146	test_liao_levy_rise_approved_lands_on_no_edict_advance_before_fiscal_tick	dispatch_declaration
test_fiscal_levy_effect.py:210	test_fiscal_levy_capstone_golden_all_seeded_provinces	dispatch_declaration
test_fiscal_levy_effect.py:275	test_fiscal_levy_skips_malformed_region_fiscal_without_blocking_fiscal_levy_pass	dispatch_declaration
test_fiscal_levy_effect.py:298	test_fiscal_levy_skips_bad_settle_shape_without_blocking_other_regions	dispatch_declaration
test_fiscal_levy_effect.py:330	test_fiscal_levy_rewrites_nonnumeric_current_targets_from_meta	dispatch_declaration
test_fiscal_levy_effect.py:361	test_fiscal_levy_bad_region_does_not_redistribute_jiao_lian_targets	dispatch_declaration
test_fiscal_levy_effect.py:415	test_fiscal_levy_incomplete_first_pass_does_not_freeze_zero_share_seed	dispatch_declaration
test_fiscal_levy_effect.py:473	test_fiscal_levy_bad_share_meta_does_not_crash_or_redistribute_first_pass	dispatch_declaration
test_fiscal_levy_effect.py:524	test_fiscal_levy_is_not_auto_approved_without_emperor_decision	dispatch_declaration
test_fiscal_levy_effect.py:556	test_fiscal_levy_events_are_not_in_model_candidate_pool	dispatch_declaration
test_fiscal_levy_effect.py:573	test_fiscal_levy_expired_pending_choice_is_terminalized	dispatch_declaration
test_fiscal_levy_effect.py:618	test_lian_levy_start_approved_updates_settle_before_fiscal_tick	dispatch_declaration
test_fiscal_levy_effect.py:669	test_fiscal_levy_existing_terminal_reason_is_whitelist_validated	dispatch_declaration
test_fiscal_levy_effect.py:693	test_fiscal_levy_emperor_rejection_lands_outcome_without_levy	dispatch_declaration
test_fiscal_levy_effect.py:714	test_fiscal_levy_outcome_is_written_once_and_first_verdict_wins	dispatch_declaration
test_fiscal_levy_effect.py:736	test_fiscal_levy_outcome_label_outside_closed_set_aborts	dispatch_declaration
test_fiscal_levy_effect.py:754	test_fiscal_levy_pending_stop_choice_keeps_jiao_in_force_same_tick	dispatch_declaration
test_fiscal_levy_effect.py:787	test_fiscal_levy_pending_choice_waits_for_event_window	dispatch_declaration
test_fiscal_levy_effect.py:831	test_liao_levy_targets_all_seeded_settles_without_compounding_or_clobbering_p	dispatch_declaration
test_fiscal_levy_effect.py:869	test_liao_levy_rewrites_numeric_string_targets_to_canonical_numbers	dispatch_declaration
test_fiscal_levy_effect.py:910	test_jiao_levy_rises_then_stops_and_keeps_base_transport	dispatch_declaration
test_fiscal_levy_effect.py:964	test_levy_retreat_recomputes_transport_without_active_rate_change	dispatch_declaration
test_fiscal_levy_effect.py:996	test_jiao_levy_stop_rejected_keeps_levy_in_force	dispatch_declaration
test_fiscal_levy_effect.py:1020	test_jiao_stop_is_obsolete_when_start_was_rejected	dispatch_declaration
test_fiscal_levy_effect.py:1038	test_jiao_stop_definition_missing_fails_loud	dispatch_declaration
test_fiscal_levy_effect.py:1052	test_lian_levy_targets_all_seeded_settles_without_compounding_or_clobbering_p	dispatch_declaration
test_fiscal_levy_effect.py:1102	test_fiscal_levy_components_are_land_share_calibrated_and_marked_provisional	dispatch_declaration
test_fiscal_levy_effect.py:1131	test_lost_seeded_province_keeps_current_levy_rate_and_uses_it_on_restore	dispatch_declaration
test_fiscal_levy_effect.py:1198	test_lian_levy_gate_waits_until_1639_and_needs_no_stop_event	dispatch_declaration
test_fiscal_levy_effect.py:1247	test_fiscal_levy_gate_waits_until_1631_and_generic_terminal_pass_skips_it	dispatch_declaration
test_fiscal_levy_effect.py:1325	test_fiscal_levy_petition_reaches_emperor_desk_and_lands_only_after_choice	dispatch_declaration
test_fiscal_levy_effect.py:1396	test_unpresented_fiscal_levy_declaration_leaves_terminal_empty	dispatch_declaration
test_fiscal_levy_effect.py:1428	test_non_event_world_question_is_not_bound_to_the_only_due_levy	dispatch_declaration
test_fiscal_levy_effect.py:1476	test_rejected_levy_identity_does_not_write_a_terminal_from_a_sibling_envelope	dispatch_declaration
test_fiscal_levy_effect.py:1509	test_fiscal_levy_held_petition_is_supplied_to_next_world_segment	dispatch_declaration
test_fiscal_levy_effect.py:1581	test_same_batch_keeps_the_first_event_outcome	dispatch_declaration
test_fiscal_levy_effect.py:1610	test_unbound_envelope_does_not_overwrite_the_first_event_outcome	dispatch_declaration
test_fiscal_levy_effect.py:1656	test_later_illegal_outcome_does_not_discard_the_first_ruling	dispatch_declaration
test_fiscal_levy_effect.py:1677	test_independent_petition_outcome_commits_for_another_connection	dispatch_declaration
test_gazette_author_1862.py:60	test_author_waits_until_rescript_is_done	prepare_character_materials,prepare_gazette_author_materials,prepare_world_materials
test_gazette_author_1862.py:88	test_author_archives_own_title_and_same_run_advances	prepare_character_materials,prepare_gazette_author_materials,prepare_world_materials
test_gazette_author_1862.py:464	test_gazette_failure_retries_report_only	prepare_character_materials,prepare_gazette_author_materials,prepare_world_materials
test_grant_reconciliation_567.py:100	test_escorted_arrival_clamp_strictly_beats_bare	apply_score_extraction,list_dossier_progress
test_grant_reconciliation_567.py:145	test_clamp_mutation_keeps_every_value_inside_band	apply_score_extraction,list_dossier_progress
test_grant_reconciliation_567.py:169	test_per_route_storage_restore_and_escort_split	apply_score_extraction,list_dossier_progress
test_grant_reconciliation_567.py:214	test_close_merges_recon_note_without_second_treasury_debit	apply_score_extraction,list_dossier_progress
test_grant_reconciliation_567.py:250	test_missing_soft_judge_uses_band_midpoint	apply_score_extraction,list_dossier_progress
test_grant_reconciliation_567.py:262	test_underfunded_closed_grants_excluded_from_monthly_targets	apply_score_extraction,list_dossier_progress
test_grant_reconciliation_567.py:294	test_recon_section_shape_rejected_other_sections_land	apply_score_extraction,list_dossier_progress
test_grant_reconciliation_567.py:329	test_recon_domain_reject_without_collector_fails_loud	apply_score_extraction,list_dossier_progress
test_grant_reconciliation_567.py:372	test_recon_bad_item_rejected_target_gets_midpoint	apply_score_extraction,list_dossier_progress
test_grant_reconciliation_567.py:395	test_recon_both_amount_fields_rejected_no_guess	apply_score_extraction,list_dossier_progress
test_grant_reconciliation_567.py:413	test_recon_duplicate_keeps_first_rejects_second	apply_score_extraction,list_dossier_progress
test_grant_reconciliation_567.py:433	test_1745_settle_bad_and_good_recon_same_atomic	apply_score_extraction,list_dossier_progress
test_grant_reconciliation_567.py:467	test_1745_empty_targets_no_recon_rows	apply_score_extraction,list_dossier_progress
test_grant_reconciliation_567.py:488	test_1745_legally_closed_target_not_overwritten	apply_score_extraction,list_dossier_progress
test_grant_reconciliation_567.py:509	test_1745_full_chain_player_state_no_fake_awaiting	apply_score_extraction,list_dossier_progress
test_grant_reconciliation_567.py:529	test_1745_web_state_payload_after_bad_recon_settle	apply_score_extraction,list_dossier_progress
test_issue_entities.py:34	test_resolve_creates_army	apply_score_extraction
test_issue_entities.py:49	test_resolve_changes_character_status	apply_score_extraction
test_issue_entities.py:71	test_legacy_issue_status_change_uses_person_transition_matrix	apply_score_extraction
test_issue_entities.py:94	test_legacy_issue_status_change_does_not_use_month_end_active_gate	apply_score_extraction
test_issue_entities.py:128	test_resolve_character_status_syncs_content_travel_state	apply_score_extraction
test_issue_entities.py:170	test_resolve_applies_unified_person_change_effect	apply_score_extraction
test_issue_entities.py:200	test_issue_unified_person_change_shadows_legacy_person_effects	apply_score_extraction
test_issue_entities.py:251	test_resolve_rejects_bad_unified_person_change_effect	apply_score_extraction
test_issue_entities.py:265	test_issue_person_change_effect_rejects_malformed_shape	apply_score_extraction
test_issue_entities.py:272	test_malformed_army_raises_not_silent	apply_score_extraction
test_issue_entities.py:281	test_army_bad_owner_power_raises	apply_score_extraction
test_issue_entities.py:290	test_unknown_character_raises	apply_score_extraction
test_issue_entities.py:298	test_bad_status_raises	apply_score_extraction
test_issue_entities.py:307	test_empty_effect_noop	apply_score_extraction
test_issue_entities.py:315	test_apply_score_extraction_splits_bad_nested_entity	apply_score_extraction
test_issue_entities.py:325	test_apply_score_extraction_accepts_flat_faction_scalar	apply_score_extraction
test_issue_entities.py:339	test_apply_score_extraction_rejects_nondict_power_second_level_per_entity	apply_score_extraction
test_issue_entities.py:346	test_apply_score_extraction_rejects_nondict_list_item_per_item	apply_score_extraction
test_issue_entities.py:353	test_apply_score_extraction_tolerates_null_field	apply_score_extraction
test_issue_entities.py:365	test_apply_score_extraction_rejects_unknown_top_level_key	apply_score_extraction
test_issue_entities.py:379	test_resolve_army_delta_reinforces_existing	apply_score_extraction
test_issue_entities.py:392	test_army_delta_unknown_army_raises	apply_score_extraction
test_issue_entities.py:401	test_non_dict_character_status_item_raises	apply_score_extraction
test_issue_entities.py:410	test_new_issue_nondict_effect_fields_do_not_crash	apply_score_extraction
test_issue_entities.py:430	test_initiative_floor_applies_when_enrich_empty	apply_score_extraction
test_issue_entities.py:447	test_runtime_cli_initiative_floor_applies_without_backend_env	apply_score_extraction
test_issue_entities.py:477	test_api_channel_initiative_does_not_use_backend_env_floor	apply_score_extraction
test_issue_entities.py:510	test_inertia_natural_resolve_applies_entities	apply_score_extraction
test_issue_entities.py:528	test_inertia_natural_resolve_applies_unified_person_change_with_bound_content	apply_score_extraction
test_issue_entities.py:562	test_inertia_natural_fail_applies_entities	apply_score_extraction
test_material_directory_1830.py:34	test_prepare_writes_typed_tree_and_index	prepare_character_materials
test_material_directory_1830.py:62	test_same_requested_root_creates_independent_material_invocations	prepare_character_materials
test_material_directory_1830.py:75	test_material_tree_contains_only_structurally_related_world_details	prepare_character_materials
test_material_directory_1830.py:118	test_matter_carriers_follow_the_real_knowledge_projection	prepare_character_materials
test_material_directory_1830.py:157	test_prepare_fails_loud_when_dossier_read_breaks	prepare_character_materials
test_material_directory_1830.py:172	test_read_material_stays_inside_directory	prepare_character_materials
test_material_directory_1830.py:206	test_character_materials_exclude_legacy_raw_turn_report_and_keep_public_gazettes	prepare_character_materials
test_material_directory_1830.py:258	test_secret_order_materials_keep_full_content_and_fail_loud_on_db_error	prepare_character_materials
test_mechanical_tail_1845.py:59	test_advance_schedules_mechanical_tail_after_front_month_advance	prepare_world_materials
test_mechanical_tail_1845.py:98	test_reopen_resumes_incomplete_mechanical_tail	prepare_world_materials
test_mechanical_tail_1845.py:150	test_exhausted_mechanical_tail_fails_and_blocks_next_month	prepare_world_materials
test_mechanical_tail_1845.py:186	test_real_brew_failure_reaches_tail_failure_and_retry	prepare_world_materials
test_mechanical_tail_1845.py:231	test_web_barrier_resumes_pending_tail_before_join	prepare_world_materials
test_mechanical_tail_1845.py:283	test_non_exhausted_tail_failure_stays_pending_and_retries	prepare_world_materials
test_mechanical_tail_1845.py:356	test_ending_summary_runs_in_mechanical_tail_after_advance	prepare_world_materials
test_mechanical_tail_1845.py:447	test_chapter_memory_retired_from_three_readers	prepare_world_materials
test_mechanical_tail_1845.py:515	test_mechanical_tail_missing_llm_config_surfaces_retry	prepare_world_materials
test_memorial_inbox_1726.py:41	test_new_game_memorial_inbox_empty	dossier_progress
test_memorial_inbox_1726.py:50	test_progress_and_denunciation_project_as_memorials	dossier_progress
test_memorial_inbox_1726.py:99	test_mark_read_binds_to_row_not_dossier_and_persists	dossier_progress
test_memorial_inbox_1726.py:144	test_state_payload_memorials_and_mark_read_api	dossier_progress
test_memorial_inbox_1726.py:215	test_progress_without_owner_uses_diegetic_fallback	dossier_progress
test_menu_lifecycle_drain_396.py:31	test_drain_and_close_session_waits_for_gate_then_closes	list_secret_orders
test_menu_lifecycle_drain_396.py:60	test_exit_to_menu_returns_before_delayed_close_drains	list_secret_orders
test_menu_lifecycle_drain_396.py:89	test_new_game_returns_before_delayed_close_drains	list_secret_orders
test_menu_lifecycle_drain_396.py:128	test_get_main_db_path_prefers_active_db_over_launch_env	list_secret_orders
test_menu_lifecycle_drain_396.py:140	test_new_game_failure_restores_old_game_and_main_db_path	list_secret_orders
test_menu_lifecycle_drain_396.py:190	test_drain_archive_move_failure_keeps_wal_and_shm	list_secret_orders
test_menu_lifecycle_drain_396.py:220	test_drain_archive_moves_wal_and_shm_with_main_db	list_secret_orders
test_menu_lifecycle_drain_396.py:257	test_drain_archive_rolls_back_main_db_when_wal_move_fails	list_secret_orders
test_menu_lifecycle_drain_396.py:292	test_drain_archive_skips_move_when_session_close_fails	list_secret_orders
test_menu_lifecycle_drain_396.py:324	test_restore_main_db_path_config_remove_failure_is_loud	list_secret_orders
test_menu_lifecycle_drain_396.py:344	test_new_game_active_write_failure_restores_env_and_old_game	list_secret_orders
test_menu_lifecycle_drain_396.py:370	test_shutdown_waits_for_drain_before_returning_or_killing	list_secret_orders
test_menu_lifecycle_drain_396.py:405	test_shutdown_without_web_game_skips_drain_and_kills	list_secret_orders
test_menu_lifecycle_drain_396.py:566	test_drain_waits_for_queued_chat_stream_not_just_gate_holder	list_secret_orders
test_menu_lifecycle_drain_396.py:641	test_drain_rejects_late_pending_write_before_gate_acquire	list_secret_orders
test_menu_lifecycle_drain_396.py:671	test_spawn_pending_write_thread_start_failure_releases_ownership	list_secret_orders
test_menu_lifecycle_drain_396.py:706	test_new_game_switches_db_path_when_web_game_is_none	list_secret_orders
test_menu_lifecycle_drain_396.py:751	test_new_game_switches_db_path_when_web_game_none_and_no_env	list_secret_orders
test_month_chain_1843.py:75	test_player_month_entry_settles_prepushed_edicts_then_world_once	create_secret_order,get_secret_order,list_dossier_progress,prepare_world_materials
test_month_chain_1843.py:152	test_unforecast_edict_is_caught_up_once_and_crash_does_not_double_charge	create_secret_order,get_secret_order,list_dossier_progress,prepare_world_materials
test_month_chain_1843.py:223	test_questions_hold_rescript_and_gazette_is_required_before_advance	create_secret_order,get_secret_order,list_dossier_progress,prepare_world_materials
test_month_chain_1843.py:302	test_player_recovery_uses_resolve_context_decree_not_ready_delta	create_secret_order,get_secret_order,list_dossier_progress,prepare_world_materials
test_month_chain_1843.py:327	test_finish_rescript_phase2_stays_settling_until_advanced	create_secret_order,get_secret_order,list_dossier_progress,prepare_world_materials
test_month_chain_1843.py:353	test_world_segment_persists_declaration_ending_with_commit	create_secret_order,get_secret_order,list_dossier_progress,prepare_world_materials
test_month_chain_1843.py:375	test_player_entry_recovers_ending_after_interrupted_segment	create_secret_order,get_secret_order,list_dossier_progress,prepare_world_materials
test_month_chain_1843.py:432	test_staged_ending_is_available_inside_its_settlement_transaction	create_secret_order,get_secret_order,list_dossier_progress,prepare_world_materials
test_month_chain_1843.py:457	test_failed_declaration_commit_reloads_memory_from_db	create_secret_order,get_secret_order,list_dossier_progress,prepare_world_materials
test_month_chain_1843.py:503	test_held_dossier_settlement_failure_retry_and_reentry_isolation	create_secret_order,get_secret_order,list_dossier_progress,prepare_world_materials
test_month_chain_1843.py:589	test_advance_uses_staged_declaration_ending	create_secret_order,get_secret_order,list_dossier_progress,prepare_world_materials
test_month_chain_1843.py:609	test_advance_reloads_memory_after_transaction_rollback	create_secret_order,get_secret_order,list_dossier_progress,prepare_world_materials
test_month_chain_1843.py:630	test_missing_world_model_stops_before_world_commit	create_secret_order,get_secret_order,list_dossier_progress,prepare_world_materials
test_month_chain_1843.py:646	test_month_drift_settles_due_secret_and_records_inertia_rejection	create_secret_order,get_secret_order,list_dossier_progress,prepare_world_materials
test_month_chain_1843.py:697	test_world_segment_reads_material_directory	create_secret_order,get_secret_order,list_dossier_progress,prepare_world_materials
test_month_chain_1843.py:756	test_month_chain_lands_specialized_facts_before_due_and_gazette	create_secret_order,get_secret_order,list_dossier_progress,prepare_world_materials
test_month_chain_1843.py:896	test_edict_that_drops_unrest_below_gate_does_not_trigger_world_event	create_secret_order,get_secret_order,list_dossier_progress,prepare_world_materials
test_month_chain_1843.py:909	test_edict_that_raises_unrest_over_gate_triggers_after_the_edict	create_secret_order,get_secret_order,list_dossier_progress,prepare_world_materials
test_month_chain_1847.py:70	test_world_question_opens_rescript_desk_and_awaits	apply_monthly_covert_actual_progress,create_secret_order,dispatch_declaration,get_secret_order,list_dossier_progress,prepare_world_materials
test_month_chain_1847.py:95	test_world_segment_multiple_questions_share_one_desk	apply_monthly_covert_actual_progress,create_secret_order,dispatch_declaration,get_secret_order,list_dossier_progress,prepare_world_materials
test_month_chain_1847.py:117	test_prior_month_answered_rescript_does_not_block_or_reappear	apply_monthly_covert_actual_progress,create_secret_order,dispatch_declaration,get_secret_order,list_dossier_progress,prepare_world_materials
test_month_chain_1847.py:156	test_this_turn_rejection_opens_triad_on_same_desk	apply_monthly_covert_actual_progress,create_secret_order,dispatch_declaration,get_secret_order,list_dossier_progress,prepare_world_materials
test_month_chain_1847.py:187	test_answering_triad_applies_and_releases_rescript_gate	apply_monthly_covert_actual_progress,create_secret_order,dispatch_declaration,get_secret_order,list_dossier_progress,prepare_world_materials
test_month_chain_1847.py:225	test_answering_world_question_resumes_suffix_then_gazette	apply_monthly_covert_actual_progress,create_secret_order,dispatch_declaration,get_secret_order,list_dossier_progress,prepare_world_materials
test_month_chain_1847.py:285	test_decree_question_continuation_idempotent_on_same_turn_reentry	apply_monthly_covert_actual_progress,create_secret_order,dispatch_declaration,get_secret_order,list_dossier_progress,prepare_world_materials
test_month_chain_1847.py:358	test_decree_continuation_survives_llm_exhaustion_then_retries	apply_monthly_covert_actual_progress,create_secret_order,dispatch_declaration,get_secret_order,list_dossier_progress,prepare_world_materials
test_month_chain_1847.py:444	test_decree_question_and_world_question_share_one_desk	apply_monthly_covert_actual_progress,create_secret_order,dispatch_declaration,get_secret_order,list_dossier_progress,prepare_world_materials
test_month_chain_1847.py:491	test_missing_model_keeps_decree_question_until_retry	apply_monthly_covert_actual_progress,create_secret_order,dispatch_declaration,get_secret_order,list_dossier_progress,prepare_world_materials
test_month_chain_1847.py:548	test_missing_model_does_not_mark_world_continued	apply_monthly_covert_actual_progress,create_secret_order,dispatch_declaration,get_secret_order,list_dossier_progress,prepare_world_materials
test_month_chain_1847.py:587	test_cross_month_pending_draft_opens_rescript_desk	apply_monthly_covert_actual_progress,create_secret_order,dispatch_declaration,get_secret_order,list_dossier_progress,prepare_world_materials
test_month_chain_1847.py:627	test_decree_continuation_keeps_forecast_and_lands_affair_effect	apply_monthly_covert_actual_progress,create_secret_order,dispatch_declaration,get_secret_order,list_dossier_progress,prepare_world_materials
test_month_chain_1847.py:737	test_decree_forecast_keeps_every_question_and_translates_prefix_once	apply_monthly_covert_actual_progress,create_secret_order,dispatch_declaration,get_secret_order,list_dossier_progress,prepare_world_materials
test_month_chain_1847.py:788	test_question_note_only_is_kept_and_other_decisions_still_require_label	apply_monthly_covert_actual_progress,create_secret_order,dispatch_declaration,get_secret_order,list_dossier_progress,prepare_world_materials
test_month_chain_1847.py:952	test_fatal_midzhi_rejection_hides_force_option	apply_monthly_covert_actual_progress,create_secret_order,dispatch_declaration,get_secret_order,list_dossier_progress,prepare_world_materials
test_month_chain_1847.py:976	test_midzhi_promulgation_records_authority_cost_once	apply_monthly_covert_actual_progress,create_secret_order,dispatch_declaration,get_secret_order,list_dossier_progress,prepare_world_materials
test_month_chain_1847.py:1013	test_midzhi_verdict_and_metadata_roll_back_together	apply_monthly_covert_actual_progress,create_secret_order,dispatch_declaration,get_secret_order,list_dossier_progress,prepare_world_materials
test_month_chain_1847.py:1045	test_decree_continuation_ending_ends_the_month	apply_monthly_covert_actual_progress,create_secret_order,dispatch_declaration,get_secret_order,list_dossier_progress,prepare_world_materials
test_month_chain_1847.py:1120	test_declared_deposal_ends_on_the_existing_chain	apply_monthly_covert_actual_progress,create_secret_order,dispatch_declaration,get_secret_order,list_dossier_progress,prepare_world_materials
test_month_chain_1847.py:1131	test_null_emperor_fate_does_not_end_the_month	apply_monthly_covert_actual_progress,create_secret_order,dispatch_declaration,get_secret_order,list_dossier_progress,prepare_world_materials
test_month_chain_1847.py:1140	test_drift_sees_effects_landed_after_answers	apply_monthly_covert_actual_progress,create_secret_order,dispatch_declaration,get_secret_order,list_dossier_progress,prepare_world_materials
test_month_chain_1847.py:1195	test_step_4a_no_eligible_objects_skips_run_and_completes	apply_monthly_covert_actual_progress,create_secret_order,dispatch_declaration,get_secret_order,list_dossier_progress,prepare_world_materials
test_month_chain_1847.py:1215	test_step_4a_rescript_continuation_feeds_supply_run_input	apply_monthly_covert_actual_progress,create_secret_order,dispatch_declaration,get_secret_order,list_dossier_progress,prepare_world_materials
test_month_chain_1847.py:1325	test_step_4a_deferred_disclosure_sees_fresh_0058_progress	apply_monthly_covert_actual_progress,create_secret_order,dispatch_declaration,get_secret_order,list_dossier_progress,prepare_world_materials
test_month_chain_1847.py:1387	test_step_4a_incomplete_0058_report_fails_loud_and_retry_restarts	apply_monthly_covert_actual_progress,create_secret_order,dispatch_declaration,get_secret_order,list_dossier_progress,prepare_world_materials
test_month_chain_1847.py:1458	test_step_4a_crash_recovery_resumes_without_re_running_supply	apply_monthly_covert_actual_progress,create_secret_order,dispatch_declaration,get_secret_order,list_dossier_progress,prepare_world_materials
test_month_chain_1847.py:1566	test_step_4a_missing_covert_fidelity_records_inline_rejection	apply_monthly_covert_actual_progress,create_secret_order,dispatch_declaration,get_secret_order,list_dossier_progress,prepare_world_materials
test_month_chain_1847.py:1695	test_settle_edicts_persists_pending_disclosures_in_same_transaction	apply_monthly_covert_actual_progress,create_secret_order,dispatch_declaration,get_secret_order,list_dossier_progress,prepare_world_materials
test_month_chain_1847.py:1809	test_step_4a_non_validation_failure_keeps_product_on_retry	apply_monthly_covert_actual_progress,create_secret_order,dispatch_declaration,get_secret_order,list_dossier_progress,prepare_world_materials
test_month_chain_1847.py:1869	test_step_4a_settles_due_secret_order	apply_monthly_covert_actual_progress,create_secret_order,dispatch_declaration,get_secret_order,list_dossier_progress,prepare_world_materials
test_month_chain_1847.py:1935	test_build_secret_orders_supply_feed_uses_fact_materials_not_assembled_effects	apply_monthly_covert_actual_progress,create_secret_order,dispatch_declaration,get_secret_order,list_dossier_progress,prepare_world_materials
test_month_chain_1847.py:2100	test_step_4a_rescript_path_feeds_landed_not_assembled_effects	apply_monthly_covert_actual_progress,create_secret_order,dispatch_declaration,get_secret_order,list_dossier_progress,prepare_world_materials
test_month_chain_1847.py:2201	test_pending_disclosures_share_commit_boundary_with_effects	apply_monthly_covert_actual_progress,create_secret_order,dispatch_declaration,get_secret_order,list_dossier_progress,prepare_world_materials
test_mutiny_actual_residence_659.py:92	test_redeploy_moves_fact_region_keeps_pay_source	apply_score_extraction
test_mutiny_actual_residence_659.py:130	test_station_region_rejects_unknown_region_id	apply_score_extraction
test_mutiny_actual_residence_659.py:145	test_fresh_seed_station_region_and_class_slices	apply_score_extraction
test_mutiny_noop_whitelist_319.py:125	test_latched_denies_dispatch_armament_status_and_positive_manpower	apply_score_extraction
test_mutiny_noop_whitelist_319.py:157	test_latched_manpower_strict_negative_applies_zero_and_positive_noop	apply_score_extraction
test_mutiny_noop_whitelist_319.py:179	test_latched_loyalty_positive_applies_negative_noop	apply_score_extraction
test_mutiny_noop_whitelist_319.py:196	test_latched_loyalty_raw_positive_noop_when_legacy_flips_effect_sign	apply_score_extraction
test_mutiny_noop_whitelist_319.py:220	test_latched_loyalty_legacy_flip_preflight_rejects_strategic_envelope	apply_score_extraction
test_mutiny_noop_whitelist_319.py:262	test_latched_loyalty_at_mutiny_cap_preflight_rejects_strategic_envelope	apply_score_extraction
test_mutiny_noop_whitelist_319.py:302	test_latched_mixed_item_allows_and_denies_per_field	apply_score_extraction
test_mutiny_noop_whitelist_319.py:331	test_latched_chinese_aliases_same_rules	apply_score_extraction
test_mutiny_noop_whitelist_319.py:360	test_non_latched_army_writes_all_legal_fields	apply_score_extraction
test_mutiny_noop_whitelist_319.py:397	test_pay_clear_via_economy_moves_next_tick_loyalty_plus_5	apply_score_extraction
test_mutiny_noop_whitelist_319.py:433	test_apply_score_extraction_respects_latched_field_gate	apply_score_extraction
test_mutiny_noop_whitelist_319.py:465	test_latched_cutover_denies_pay_source_fields	apply_score_extraction
test_mutiny_noop_whitelist_319.py:481	test_latched_cutover_rejects_invalid_pay_source_share	apply_score_extraction
test_mutiny_noop_whitelist_319.py:501	test_latched_cutover_rejects_unknown_pay_source_region	apply_score_extraction
test_mutiny_noop_whitelist_319.py:522	test_latched_cutover_mixed_item_pay_source_deny_whitelist_apply	apply_score_extraction
test_mutiny_noop_whitelist_319.py:557	test_non_latched_cutover_pay_source_fields_still_write	apply_score_extraction
test_new_issues_section_rejections.py:113	test_temp_events_replaces_same_id_and_restores_original	
test_new_issues_section_rejections.py:137	test_new_issue_non_dict_item_rejected_not_crash	
test_new_issues_section_rejections.py:152	test_new_issue_dirty_coercion_field_rejected	
test_new_issues_section_rejections.py:162	test_new_issue_bad_kind_rejected	
test_new_issues_section_rejections.py:173	test_new_issue_dirty_inertia_rejected	
test_new_issues_section_rejections.py:184	test_new_issue_oversized_severity_clamped_not_abort	
test_new_issues_section_rejections.py:200	test_new_issue_whitespace_resolve_condition_falls_back_to_stop_condition	
test_new_issues_section_rejections.py:229	test_new_issue_infinity_field_rejected_not_abort	
test_new_issues_section_rejections.py:240	test_new_issue_infinity_expected_months_rejected_not_abort	
test_new_issues_section_rejections.py:251	test_new_issue_severity_zero_preserved	
test_new_issues_section_rejections.py:264	test_new_issue_garbage_severity_rejected	
test_new_issues_section_rejections.py:282	test_new_issue_bool_float_int_field_rejected	
test_new_issues_section_rejections.py:294	test_new_issue_falsy_nonstring_kind_rejected	
test_new_issues_section_rejections.py:305	test_new_issue_insert_code_exception_propagates	
test_new_issues_section_rejections.py:318	test_new_issue_valid_decree_still_creates	
test_new_issues_section_rejections.py:344	test_event_to_issue_insert_exception_propagates	
test_new_issues_section_rejections.py:358	test_new_issue_event_pool_insert_exception_propagates	
test_new_issues_section_rejections.py:379	test_event_to_issue_duplicate_returns_none_not_raise	
test_new_issues_section_rejections.py:391	test_new_issue_event_pool_rejects_expired_event	
test_new_issues_section_rejections.py:406	test_authoritative_event_pool_rejects_same_batch_obsolete_event	
test_new_issues_section_rejections.py:448	test_new_issue_scalar_string_tags_rejected	
test_new_issues_section_rejections.py:457	test_new_issue_non_string_tag_element_rejected	
test_new_issues_section_rejections.py:466	test_new_issue_valid_list_tags_preserved	
test_new_issues_section_rejections.py:485	test_new_issue_non_dict_cancel_cost_tolerated	
test_new_issues_section_rejections.py:496	test_new_issue_valid_cancel_cost_preserved	
test_on_scene_immediate_write_1839.py:69	test_kill_lands_status_and_next_materials_show_it	dispatch_declaration
test_on_scene_immediate_write_1839.py:100	test_textual_fact_and_public_saying_land_and_show_in_materials	dispatch_declaration
test_on_scene_immediate_write_1839.py:135	test_undo_reverses_round_on_scene_writes	dispatch_declaration
test_on_scene_immediate_write_1839.py:211	test_night_bound_sections_reject_missing_or_foreign_source_chat_turn	dispatch_declaration
test_on_scene_immediate_write_1839.py:309	test_commission_stays_staged_not_bypassing_promulgation	dispatch_declaration
test_opening_gazette_delete_1356.py:49	test_new_game_t0_previous_summary_strictly_empty	
test_opening_gazette_delete_1356.py:62	test_new_game_t0_previous_reign_period_label_empty_with_empty_summary	
test_opening_gazette_delete_1356.py:78	test_old_save_exact_purge_keeps_real_with_phrase_counterexample	
test_opening_gazette_delete_1356.py:128	test_state_payload_t0_previous_summary_empty	
test_pay_order_override_653.py:74	test_override_key_legal_shapes	apply_score_extraction,dispatch_declaration
test_pay_order_override_653.py:92	test_override_key_illegal_shapes_fail_loud	apply_score_extraction,dispatch_declaration
test_pay_order_override_653.py:98	test_haircut_value_domain_fail_loud	apply_score_extraction,dispatch_declaration
test_pay_order_override_653.py:104	test_priority_value_domain_rejects_non_int	apply_score_extraction,dispatch_declaration
test_pay_order_override_653.py:112	test_r4_no_phantom_region_materialization_is_all_or_nothing	apply_score_extraction,dispatch_declaration
test_pay_order_override_653.py:128	test_origin_ref_must_be_dossier_provenance	apply_score_extraction,dispatch_declaration
test_pay_order_override_653.py:140	test_r4_golden1_region_source_specificity_wins	apply_score_extraction,dispatch_declaration
test_pay_order_override_653.py:157	test_r3_central_side_scope_resolution	apply_score_extraction,dispatch_declaration
test_pay_order_override_653.py:180	test_r4_golden2_expiry_falls_back_to_next_specific	apply_score_extraction,dispatch_declaration
test_pay_order_override_653.py:195	test_precedence_region_beats_bare_and_full_order	apply_score_extraction,dispatch_declaration
test_pay_order_override_653.py:209	test_priority_tie_breaks_on_default_baseline_stable	apply_score_extraction,dispatch_declaration
test_pay_order_override_653.py:215	test_arrears_order_resolution_default_and_override	apply_score_extraction,dispatch_declaration
test_pay_order_override_653.py:223	test_expired_only_keys_return_none_fast_path	apply_score_extraction,dispatch_declaration
test_pay_order_override_653.py:234	test_golden1_pay_order_reversal_breakdown_tsv	apply_score_extraction,dispatch_declaration
test_pay_order_override_653.py:255	test_golden2_haircut_half_is_exemption_not_debt	apply_score_extraction,dispatch_declaration
test_pay_order_override_653.py:274	test_golden3_arrears_waterfall_reversal	apply_score_extraction,dispatch_declaration
test_pay_order_override_653.py:290	test_golden4_last_write_wins_with_two_provenance_rows	apply_score_extraction,dispatch_declaration
test_pay_order_override_653.py:314	test_golden5_expiry_and_revoke_restore_byte_identical_default	apply_score_extraction,dispatch_declaration
test_pay_order_override_653.py:359	test_real_revoke_decree_restores_override_and_clears_expiry	apply_score_extraction,dispatch_declaration
test_pay_order_override_653.py:397	test_proposed_revoke_does_not_restore_override	apply_score_extraction,dispatch_declaration
test_pay_order_override_653.py:440	test_rejected_revoke_does_not_restore_override	apply_score_extraction,dispatch_declaration
test_pay_order_override_653.py:486	test_turn_region_summary_claim_audit_rows_do_not_consume_limit	apply_score_extraction,dispatch_declaration
test_pay_order_override_653.py:520	test_real_revoke_restores_override_same_month_with_active_commitment	apply_score_extraction,dispatch_declaration
test_pay_order_override_653.py:572	test_golden7_replay_determinism	apply_score_extraction,dispatch_declaration
test_pay_order_override_653.py:584	test_bridge_applies_due_order_and_haircut_end_to_end	apply_score_extraction,dispatch_declaration
test_pay_order_override_653.py:620	test_due_order_bad_shapes_raise	apply_score_extraction,dispatch_declaration
test_pay_order_override_653.py:631	test_haircut_param_bad_values_raise	apply_score_extraction,dispatch_declaration
test_pay_order_override_653.py:649	test_f23_region_logs_flow_sign_domain_repaid_negative	apply_score_extraction,dispatch_declaration
test_pay_order_override_653.py:692	test_fiscal_fact_brief_pure_projection_deterministic_tsv	apply_score_extraction,dispatch_declaration
test_pay_order_override_653.py:714	test_fact_brief_levy_uses_civil_arrears_breakdown_relation	apply_score_extraction,dispatch_declaration
test_pay_order_override_653.py:729	test_fact_brief_levy_derives_regular_assessment_like_settle_tick	apply_score_extraction,dispatch_declaration
test_pay_order_override_653.py:757	test_fact_brief_attributes_priority_displacement_to_dossier	apply_score_extraction,dispatch_declaration
test_pay_order_override_653.py:788	test_revoke_later_same_dim_decree_not_stomped	apply_score_extraction,dispatch_declaration
test_pay_order_override_653.py:822	test_revoke_provincial_falls_back_to_nationwide	apply_score_extraction,dispatch_declaration
test_pay_order_override_653.py:855	test_fact_brief_attributes_arrears_order_displacement_to_dossier	apply_score_extraction,dispatch_declaration
test_pay_order_override_653.py:910	test_legacy_engine_pay_order_materialize_fails_loud_not_fulfilled	apply_score_extraction,dispatch_declaration
test_pay_order_override_653.py:931	test_fact_brief_priority_provenance_falls_back_to_nationwide_scope	apply_score_extraction,dispatch_declaration
test_pay_order_override_653.py:964	test_fact_brief_priority_provenance_prefers_winning_scoped_over_later_nationwide	apply_score_extraction,dispatch_declaration
test_pay_order_override_653.py:989	test_fact_brief_arrears_provenance_prefers_winning_scoped_over_nationwide	apply_score_extraction,dispatch_declaration
test_pay_order_override_653.py:1037	test_fact_brief_priority_provenance_ignores_later_noncausal_dossier	apply_score_extraction,dispatch_declaration
test_pay_order_override_653.py:1062	test_fiscal_fact_brief_missing_settle_key_exits_dynamic_membership	apply_score_extraction,dispatch_declaration
test_pay_order_override_653.py:1080	test_fiscal_fact_brief_present_but_malformed_fails_loud	apply_score_extraction,dispatch_declaration
test_pay_order_override_653.py:1088	test_fiscal_fact_brief_bad_json_fails_loud	apply_score_extraction,dispatch_declaration
test_pay_order_override_653.py:1098	test_fiscal_fact_brief_haircut_and_relief_facts	apply_score_extraction,dispatch_declaration
test_pay_order_override_653.py:1135	test_apply_score_extraction_accepts_llm_direction_with_fiscal_loss	apply_score_extraction,dispatch_declaration
test_pay_order_override_653.py:1155	test_lifecycle_promulgated_materializes_and_next_settlement_reads	apply_score_extraction,dispatch_declaration
test_pay_order_override_653.py:1179	test_lifecycle_rejected_decree_zero_config_write	apply_score_extraction,dispatch_declaration
test_pay_order_override_653.py:1197	test_lifecycle_force_promulgation_after_rejection	apply_score_extraction,dispatch_declaration
test_pay_order_override_653.py:1210	test_stale_until_cleared_by_permanent_overwrite	apply_score_extraction,dispatch_declaration
test_pay_order_override_653.py:1236	test_staging_rejects_illegal_entries_fail_loud	apply_score_extraction,dispatch_declaration
test_pay_order_override_653.py:1251	test_materialize_requires_real_promulgated_dossier	apply_score_extraction,dispatch_declaration
test_pay_order_override_653.py:1272	test_central_due_haircut_consumer	apply_score_extraction,dispatch_declaration
test_pay_order_override_653.py:1304	test_pure_central_zero_haircut_due_clears_shortfall_counter	apply_score_extraction,dispatch_declaration
test_pay_order_override_653.py:1356	test_oracle_independent_of_shared_haircut_helper	apply_score_extraction,dispatch_declaration
test_pay_order_override_653.py:1378	test_oracle_independent_of_shared_order_resolver	apply_score_extraction,dispatch_declaration
test_pay_order_override_653.py:1393	test_oracle_independent_of_debt_mapping	apply_score_extraction,dispatch_declaration
test_pay_order_override_653.py:1407	test_fact_brief_per_source_windows_and_region_attribution	apply_score_extraction,dispatch_declaration
test_pay_order_override_653.py:1447	test_fact_brief_zero_need_army_region_attribution_not_gated	apply_score_extraction,dispatch_declaration
test_pay_order_override_653.py:1485	test_fact_brief_central_haircut_floor_per_army_matches_real_accounting	apply_score_extraction,dispatch_declaration
test_pay_order_override_653.py:1516	test_fact_brief_unmet_relief_is_current_turn_damage	apply_score_extraction,dispatch_declaration
test_pay_order_override_653.py:1538	test_fact_brief_province_auto_repaied_is_beneficiary_fact	apply_score_extraction,dispatch_declaration
test_pay_order_override_653.py:1560	test_fact_brief_long_term_stock_not_fed_as_turn_damage	apply_score_extraction,dispatch_declaration
test_pay_order_override_653.py:1648	test_manual_override_capture_stages_without_premature_materialization	apply_score_extraction,dispatch_declaration
test_pay_order_override_653.py:1658	test_claim_flow_logs_persisted_in_settle_bridge_and_restore_e2e	apply_score_extraction,dispatch_declaration
test_pay_order_override_extraction_653.py:8	test_single_pay_order_capture_grounds_relative_deadline_at_current_turn	
test_pay_order_override_extraction_653.py:47	test_relative_deadline_cannot_stage_llm_computed_expired_turn	
test_pay_order_override_extraction_653.py:65	test_single_pay_order_capture_rejects_missing_entries	
test_pay_order_override_extraction_653.py:78	test_multi_pay_order_capture_preserves_reverse_non_tied_priorities	
test_person_archive_contract_index.py:24	test_reason_code_aliases_and_missing_via_person_delta	apply_score_extraction
test_person_archive_contract_index.py:70	test_active_title_kind_normalizes_appointment_via_person_delta	apply_score_extraction
test_person_archive_contract_index.py:147	test_reason_alias_shouzhi_outranks_offstage_default_via_person_delta	apply_score_extraction
test_person_delta_adapter.py:28	test_normalize_person_changes_keeps_new_key_items	apply_score_extraction,prepare_character_materials
test_person_delta_adapter.py:52	test_normalize_person_changes_translates_legacy_keys_in_replay_order	apply_score_extraction,prepare_character_materials
test_person_delta_adapter.py:116	test_normalize_legacy_person_changes_preserves_origin	apply_score_extraction,prepare_character_materials
test_person_delta_adapter.py:122	test_normalize_person_changes_ignores_non_item_shapes	apply_score_extraction,prepare_character_materials
test_person_delta_adapter.py:132	test_apply_score_extraction_does_not_echo_normalized_person_changes	apply_score_extraction,prepare_character_materials
test_person_delta_adapter.py:161	test_apply_score_extraction_rejects_person_change_power_move_without_way	apply_score_extraction,prepare_character_materials
test_person_delta_adapter.py:188	test_apply_score_extraction_records_mao_appeasement_commitment_and_loyalty_delta	apply_score_extraction,prepare_character_materials
test_person_delta_adapter.py:270	test_apply_score_extraction_rejects_invalid_loyalty_assessment	apply_score_extraction,prepare_character_materials
test_person_delta_adapter.py:304	test_apply_score_extraction_clamps_loyalty_assessment_delta	apply_score_extraction,prepare_character_materials
test_person_delta_adapter.py:340	test_apply_score_extraction_loyalty_assessment_does_not_commit_inside_batch	apply_score_extraction,prepare_character_materials
test_person_delta_adapter.py:368	test_apply_person_changes_disposition_does_not_commit_inside_batch	apply_score_extraction,prepare_character_materials
test_person_delta_adapter.py:445	test_apply_score_extraction_one_time_grant_and_assessment_do_not_create_commitment_issue	apply_score_extraction,prepare_character_materials
test_person_delta_adapter.py:485	test_apply_score_extraction_rejects_malformed_power_move_backlash_before_writing	apply_score_extraction,prepare_character_materials
test_person_delta_adapter.py:529	test_legacy_status_change_rejects_non_active_target_before_transition_matrix	apply_score_extraction,prepare_character_materials
test_person_delta_adapter.py:574	test_apply_score_extraction_rejects_forged_legacy_partial_power_way	apply_score_extraction,prepare_character_materials
test_person_delta_adapter.py:607	test_apply_score_extraction_rejects_power_move_without_backlash_side_effect	apply_score_extraction,prepare_character_materials
test_person_delta_adapter.py:638	test_apply_score_extraction_applies_person_change_office_action	apply_score_extraction,prepare_character_materials
test_person_delta_adapter.py:680	test_apply_score_extraction_rejects_unknown_person_change_new_appointment	apply_score_extraction,prepare_character_materials
test_person_delta_adapter.py:708	test_apply_score_extraction_rejects_trapped_prisoner_appointment	apply_score_extraction,prepare_character_materials
test_person_delta_adapter.py:746	test_apply_score_extraction_rejects_legacy_trapped_prisoner_office_change	apply_score_extraction,prepare_character_materials
test_person_delta_adapter.py:779	test_apply_score_extraction_materializes_derived_release_before_appointment	apply_score_extraction,prepare_character_materials
test_person_delta_adapter.py:836	test_rejected_derived_appointment_durably_restores_complete_person_state	apply_score_extraction,prepare_character_materials
test_person_delta_adapter.py:880	test_apply_score_extraction_materializes_displaced_holder_as_talent_pool_change	apply_score_extraction,prepare_character_materials
test_person_delta_adapter.py:969	test_apply_score_extraction_clears_displaced_reason_when_reappointed	apply_score_extraction,prepare_character_materials
test_person_delta_adapter.py:1065	test_apply_score_extraction_does_not_release_when_derived_appointment_is_invalid	apply_score_extraction,prepare_character_materials
test_person_delta_adapter.py:1113	test_apply_score_extraction_accepts_status_reason_as_person_reason	apply_score_extraction,prepare_character_materials
test_person_delta_adapter.py:1148	test_apply_score_extraction_rolls_back_derived_release_when_office_write_fails	apply_score_extraction,prepare_character_materials
test_person_delta_adapter.py:1206	test_derived_release_rejection_keeps_prior_person_change_in_atomic_batch	apply_score_extraction,prepare_character_materials
test_person_delta_adapter.py:1291	test_derived_release_restores_when_post_office_helper_raises	apply_score_extraction,prepare_character_materials
test_person_delta_adapter.py:1347	test_apply_score_extraction_does_not_release_non_ming_when_derived_appointment_is_rejected	apply_score_extraction,prepare_character_materials
test_person_delta_adapter.py:1405	test_apply_score_extraction_applies_person_change_disposition	apply_score_extraction,prepare_character_materials
test_person_delta_adapter.py:1434	test_apply_score_extraction_applies_person_change_banish	apply_score_extraction,prepare_character_materials
test_person_delta_adapter.py:1458	test_apply_score_extraction_rejects_banish_from_imprisoned	apply_score_extraction,prepare_character_materials
test_person_delta_adapter.py:1483	test_apply_score_extraction_offstage_disposition_clears_db_and_content_office	apply_score_extraction,prepare_character_materials
test_person_delta_adapter.py:1509	test_apply_score_extraction_persists_reason_code_and_person_log	apply_score_extraction,prepare_character_materials
test_person_delta_adapter.py:1549	test_apply_score_extraction_allegiance_change_rebinds_identity_title	apply_score_extraction,prepare_character_materials
test_person_delta_adapter.py:1594	test_apply_score_extraction_treats_active_identity_title_as_unappointed	apply_score_extraction,prepare_character_materials
test_person_delta_adapter.py:1651	test_add_character_person_title_skips_office_type_scaffold	apply_score_extraction,prepare_character_materials
test_person_delta_adapter.py:1678	test_add_character_non_canonical_office_type_still_raises	apply_score_extraction,prepare_character_materials
test_person_delta_adapter.py:1688	test_seed_backfill_skips_person_title_character_offices	apply_score_extraction,prepare_character_materials
test_person_delta_adapter.py:1718	test_set_character_office_person_title_survives_stem_collision	apply_score_extraction,prepare_character_materials
test_person_delta_adapter.py:1786	test_apply_score_extraction_rejects_invalid_person_dispositions	apply_score_extraction,prepare_character_materials
test_person_delta_adapter.py:1800	test_apply_score_extraction_rejects_unknown_person_change	apply_score_extraction,prepare_character_materials
test_person_delta_adapter.py:1822	test_apply_score_extraction_rejects_dead_status_outbound	apply_score_extraction,prepare_character_materials
test_person_delta_adapter.py:1871	test_registry_and_tools_court_roster_exclude_active_prince	apply_score_extraction,prepare_character_materials
test_person_delta_adapter.py:1887	test_apply_office_appointment_rejects_vassal_prince	apply_score_extraction,prepare_character_materials
test_person_delta_adapter.py:1901	test_list_ministers_excludes_active_prince	apply_score_extraction,prepare_character_materials
test_person_delta_adapter.py:1912	test_create_secret_order_rejects_vassal_prince	apply_score_extraction,prepare_character_materials
test_person_delta_adapter.py:1922	test_create_secret_order_rejects_vassal_prince_by_alias	apply_score_extraction,prepare_character_materials
test_person_delta_adapter.py:1940	test_create_secret_order_persists_canonical_name	apply_score_extraction,prepare_character_materials
test_person_delta_adapter.py:1960	test_create_secret_order_rejects_foreign_power	apply_score_extraction,prepare_character_materials
test_person_delta_adapter.py:1975	test_create_secret_order_rejects_foreign_power_by_alias	apply_score_extraction,prepare_character_materials
test_person_delta_adapter.py:1993	test_create_secret_order_allows_returned_defector	apply_score_extraction,prepare_character_materials
test_person_delta_adapter.py:2009	test_pending_dismiss_rejects_vassal_prince	apply_score_extraction,prepare_character_materials
test_person_delta_adapter.py:2018	test_person_log_normalized_not_truncated	apply_score_extraction,prepare_character_materials
test_person_delta_adapter.py:2035	test_apply_score_extraction_rejects_invalid_person_travel	apply_score_extraction,prepare_character_materials
test_person_delta_adapter.py:2068	test_apply_score_extraction_rejects_unknown_person_travel_region	apply_score_extraction,prepare_character_materials
test_person_delta_adapter.py:2093	test_person_disposition_clears_existing_transit_to	apply_score_extraction,prepare_character_materials
test_person_delta_adapter.py:2126	test_set_character_status_clears_transit_to_when_leaving_active	apply_score_extraction,prepare_character_materials
test_person_delta_adapter.py:2153	test_set_character_status_clears_office_for_offstage	apply_score_extraction,prepare_character_materials
test_person_delta_adapter.py:2167	test_set_character_status_clears_stale_reason_code_when_missing	apply_score_extraction,prepare_character_materials
test_person_delta_adapter.py:2188	test_legacy_status_change_clears_transit_to_after_person_travel	apply_score_extraction,prepare_character_materials
test_person_delta_adapter.py:2229	test_apply_score_extraction_new_person_changes_shadow_legacy_person_keys	apply_score_extraction,prepare_character_materials
test_person_delta_adapter.py:2273	test_empty_new_person_change_key_does_not_shadow_legacy_normalization	apply_score_extraction,prepare_character_materials
test_person_delta_adapter.py:2290	test_political_marker_is_audit_only_no_status_premigration	apply_score_extraction,prepare_character_materials
test_person_delta_adapter.py:2341	test_reappoint_nonactive_syncs_character_reason_to_db	apply_score_extraction,prepare_character_materials
test_person_delta_adapter.py:2370	test_reappoint_rollback_restores_character_reason	apply_score_extraction,prepare_character_materials
test_person_delta_adapter.py:2399	test_disposition_manual_rollback_restores_memory_reason_fields	apply_score_extraction,prepare_character_materials
test_person_delta_adapter.py:2435	test_unified_appointment_resolves_alias_before_hallucinated_guard	apply_score_extraction,prepare_character_materials
test_person_delta_adapter.py:2460	test_new_appointment_falsy_return_restores_snapshot	apply_score_extraction,prepare_character_materials
test_person_delta_adapter.py:2491	test_fresh_seed_migrates_legacy_office_pollution	apply_score_extraction,prepare_character_materials
test_person_delta_adapter.py:2514	test_legacy_office_pollution_migrated_on_load	apply_score_extraction,prepare_character_materials
test_person_delta_adapter.py:2542	test_legacy_office_pollution_resolves_transit_to_region_id	apply_score_extraction,prepare_character_materials
test_person_delta_adapter.py:2562	test_displaced_holder_transit_to_cleared	apply_score_extraction,prepare_character_materials
test_person_delta_adapter.py:2595	test_historical_death_tick_sets_reason_code	apply_score_extraction,prepare_character_materials
test_person_delta_adapter.py:2618	test_historical_death_tick_writes_person_log	apply_score_extraction,prepare_character_materials
test_person_delta_adapter.py:2640	test_historical_debut_tick_sets_reason_code_and_log	apply_score_extraction,prepare_character_materials
test_person_delta_adapter.py:2668	test_yizhu_sets_active_in_new_master_service	apply_score_extraction,prepare_character_materials
test_person_delta_adapter.py:2693	test_reload_syncs_reason_code_status_reason_to_content	apply_score_extraction,prepare_character_materials
test_person_delta_adapter.py:2707	test_disposition_syncs_reason_code_to_content_in_txn	apply_score_extraction,prepare_character_materials
test_person_delta_adapter.py:2728	test_reappointment_clears_displaced_mark_in_both_db_and_content	apply_score_extraction,prepare_character_materials
test_person_delta_adapter.py:2756	test_migration_does_not_write_nonregion_location	apply_score_extraction,prepare_character_materials
test_person_delta_adapter.py:2771	test_yizhu_clears_status_reason_in_db	apply_score_extraction,prepare_character_materials
test_person_delta_adapter.py:2816	test_s2_reappointment_derives_qifu_from_retired	apply_score_extraction,prepare_character_materials
test_person_delta_adapter.py:2840	test_s3_reappointment_derives_zhaoxue_from_dismissed	apply_score_extraction,prepare_character_materials
test_person_delta_adapter.py:2864	test_s4_reappointment_derives_duoqing_when_mourning	apply_score_extraction,prepare_character_materials
test_person_delta_adapter.py:2889	test_person_change_rejects_unknown_action_not_silent	apply_score_extraction,prepare_character_materials
test_person_delta_adapter.py:2914	test_s9_consort_leaves_palace_clears_office	apply_score_extraction,prepare_character_materials
test_person_delta_adapter.py:2944	test_s15_amnesty_to_ming_then_appoint	apply_score_extraction,prepare_character_materials
test_person_delta_adapter.py:2979	test_bandit_amnesty_rejects_same_power_top_level_suppression	apply_score_extraction,prepare_character_materials
test_person_delta_adapter.py:3088	test_bandit_amnesty_rejects_same_power_top_level_suppression_when_backlash_empty	apply_score_extraction,prepare_character_materials
test_person_delta_adapter.py:3183	test_rejected_bandit_amnesty_does_not_block_same_power_suppression	apply_score_extraction,prepare_character_materials
test_person_delta_adapter.py:3270	test_orphan_bandit_power_can_be_suppressed_when_dead_leader_amnesty_is_rejected	apply_score_extraction,prepare_character_materials
test_person_delta_adapter.py:3358	test_bandit_amnesty_rejects_backlash_targeting_another_bandit_power	apply_score_extraction,prepare_character_materials
test_person_delta_adapter.py:3450	test_s8_demotion_release_then_lower_appointment_derives_qifu	apply_score_extraction,prepare_character_materials
test_person_delta_adapter.py:3484	test_apply_office_appointment_new_person_person_title_no_dirty_office_row	apply_score_extraction,prepare_character_materials
test_person_delta_adapter.py:3516	test_fresh_static_seed_person_title_character_no_offices_parent	apply_score_extraction,prepare_character_materials
test_person_delta_adapter.py:3554	test_apply_office_appointment_person_title_survives_stem_collision	apply_score_extraction,prepare_character_materials
test_person_transit_write_667.py:17	test_departure_rejects_nonfinite_distance_before_ledger_write	apply_score_extraction
test_person_transit_write_667.py:54	test_departure_reads_matrix_from_frozen_bundle_outside_cwd	apply_score_extraction
test_person_transit_write_667.py:81	test_departure_rejects_location_shapes_without_mutation	apply_score_extraction
test_person_transit_write_667.py:101	test_departure_persists_matrix_distance_and_urgent_factor	apply_score_extraction
test_person_transit_write_667.py:125	test_noncanonical_origin_is_narrative_only_noop	apply_score_extraction
test_person_transit_write_667.py:151	test_status_exit_clears_complete_transit_ledger	apply_score_extraction
test_person_transit_write_667.py:197	test_office_appointment_keeps_status_reason_mirrored	apply_score_extraction
test_person_transit_write_667.py:226	test_invalid_tone_is_rejected_before_same_destination_idempotence	apply_score_extraction
test_person_transit_write_667.py:241	test_same_destination_is_idempotent	apply_score_extraction
test_pihong_dossier_1490.py:293	test_missing_dossier_fields_stay_pending_then_full_retry_decides	
test_pihong_dossier_1490.py:331	test_bind_preserves_dossier_event_id	
test_pihong_dossier_1490.py:339	test_bind_unbinds_dossier_prefix_without_capability_fields	
test_pihong_dossier_1490.py:356	test_due_commitment_shaped_submit_does_not_poison_or_deadlock	
test_pihong_dossier_1490.py:381	test_lying_label_rebuilt_from_server_option	
test_pihong_dossier_1490.py:404	test_parse_rescript_capability_pair_rejects_non_positive_and_unknown	
test_pihong_dossier_1490.py:417	test_mixed_legal_illegal_options_illegal_choice_stays_pending	
test_pihong_dossier_1490.py:466	test_ordinary_event_with_hallucinated_capability_submits	
test_pihong_dossier_1490.py:529	test_657_c1_validate_rejects_stale_capability_and_desk_outsider	
test_pihong_dossier_1490.py:540	test_657_c1_decided_mismatch_rejects_and_cas0	
test_pihong_dossier_1490.py:558	test_657_stop_condition_normalize_schema_negative	
test_pihong_dossier_1490.py:571	test_657_default_hold_missing_and_empty_action	
test_pihong_dossier_1490.py:627	test_657_http_default_hold_keyed_empty_action_and_betray	
test_pihong_dossier_1490.py:648	test_657_five_actions_domain_writes	
test_pihong_dossier_1490.py:746	test_1627_stamp_ignores_pre_edict_clarification_directive	
test_pihong_dossier_1490.py:773	test_657_record_event_choice_failure_rolls_back_batch	
test_pihong_dossier_1490.py:800	test_657_return_revise_round_prior_and_clear_anchor	
test_pihong_dossier_1490.py:863	test_657_prewrite_failure_zero_db_writes	
test_pihong_dossier_1490.py:884	test_657_abi_mapper_matrix_a1_a12	
test_pihong_dossier_1490.py:1125	test_1682_late_grants_follow_policy_without_consuming_verdict_batch	
test_pihong_dossier_1490.py:1187	test_657_s10_http_five_actions_and_1490_no_regress	
test_pihong_dossier_1490.py:1357	test_1621_http_follow_draft_uses_catalog_army_id	
test_pihong_dossier_1490.py:1423	test_657_mixed_batch_follow_plus_decision_and_no_context_copy	
test_pihong_dossier_1490.py:1480	test_1589_mixed_desk_keyless_choice_rejected_batch_zero_writes	
test_pihong_dossier_1490.py:1511	test_1589_pure_decision_keyless_rejected_then_keyed_same_choice_passes	
test_pihong_dossier_1490.py:1551	test_1589_empty_desk_rejects_nonempty_keyless_choices	
test_pihong_dossier_1490.py:1577	test_657_s6_http_present_target_gets_unique_origin_entry	
test_pihong_dossier_1490.py:1607	test_657_web_http_hitl_lock_boundary_same_gate	
test_pihong_dossier_1490.py:1675	test_657_illegal_summon_target_http_zero_writes	
test_pihong_dossier_1490.py:1698	test_1620_http_follow_draft_office_token_routes_to_person	
test_pihong_dossier_1490.py:1733	test_1620_http_follow_draft_grant_uses_stored_amount	
test_pihong_dossier_1490.py:1765	test_1620_layer_a_money_grant_requires_positive_amount	
test_pihong_dossier_1490.py:1797	test_657_follow_draft_ignores_client_field_overlay	
test_pihong_dossier_1490.py:1818	test_657_midzhi_persists_decision_key_and_llm_label	
test_pihong_dossier_1490.py:1837	test_657_midzhi_verdict_no_party_satisfaction	
test_pihong_dossier_1490.py:1857	test_657_summon_missing_tag_enter_blocks_phase2_then_retry	
test_pihong_dossier_1490.py:1914	test_657_preferred_hitl_choice_urgent_follow_draft_ordinary_intact	
test_pihong_dossier_1490.py:1933	test_1682_phase2_surfaces_ambiguous_stored_choice	
test_pihong_dossier_1490.py:1949	test_657_clear_revise_anchor_corrupt_json_fails_loud	
test_pihong_dossier_1490.py:1963	test_657_appointment_name_target_id_conflict_batch_reject	
test_pihong_dossier_1490.py:1975	test_657_punishment_name_target_id_conflict_zero_writes	
test_pihong_dossier_1490.py:2007	test_657_revise_deliberate_strict_contracts_zero_write_on_bad_shape	
test_pihong_dossier_1490.py:2101	test_657_summon_single_flight_concurrent_http	
test_pihong_dossier_1490.py:2146	test_1625_phase1_publication_projects_only_coherent_recovery_tuples	
test_pihong_dossier_1490.py:2196	test_1625_inflight_phase2_does_not_advertise_resume	
test_pihong_dossier_1490.py:2274	test_657_resume_phase2_signal_empty_desk_http	
test_pihong_dossier_1490.py:2299	test_657_applied_revise_refresh_resumes_without_hold	
test_pihong_dossier_1490.py:2352	test_658_stalled_excluded_from_promulgation_validation	
test_pihong_dossier_1490.py:2396	test_658_deliberate_backed_and_stalled_dossier_first	
test_pihong_dossier_1490.py:2448	test_658_stage_rejects_bad_backing_zero_write	
test_pihong_dossier_1490.py:2481	test_658_endorsement_provenance_xor	
test_pihong_dossier_1490.py:2499	test_658_candidates_require_active_status	
test_pihong_dossier_1490.py:2515	test_658_free_decree_capture_target_dossier_real_entry	
test_pihong_dossier_1490.py:2597	test_658_typed_target_and_backing_reject_bad_shapes	
test_pihong_dossier_1490.py:2671	test_658_routing_rejected_draft_retries_across_real_turn_boundaries	
test_pihong_dossier_1490.py:2733	test_658_ordinary_edit_does_not_inherit_push_target	
test_pihong_dossier_1490.py:2758	test_658_mixed_ordinary_triad_and_target_rejected	
test_pihong_dossier_1490.py:2883	test_1778_drafted_roster_rides_to_pihong_and_nails_the_dossier	
test_pihong_dossier_1490.py:2950	test_1778_missing_roster_heals_then_error_pack_without_assigning_anyone	
test_player_army_projection_321.py:101	test_player_army_situation_six_tier_truth_table	prepare_character_materials
test_player_army_projection_321.py:233	test_four_chains_embed_situation_matrix	prepare_character_materials
test_player_army_projection_321.py:312	test_restore_five_columns_and_player_tier_survives_reopen	prepare_character_materials
test_player_army_projection_321.py:392	test_apply_army_deltas_rejects_five_persistent_mutiny_columns	prepare_character_materials
test_population_transfers_649.py:69	test_transfer_two_legs_same_transaction_conservation	apply_score_extraction
test_population_transfers_649.py:90	test_all_inflow_reasons_positive_cases_land	apply_score_extraction
test_population_transfers_649.py:122	test_direction_matrix_violations_rejected_per_item	apply_score_extraction
test_population_transfers_649.py:150	test_amount_and_balance_validation_per_item	apply_score_extraction
test_population_transfers_649.py:167	test_reference_validation_national_row_cross_region_unknown	apply_score_extraction
test_population_transfers_649.py:182	test_origin_ref_required_and_validated	apply_score_extraction
test_population_transfers_649.py:199	test_whitelist_extra_field_and_non_dict_item_rejected	apply_score_extraction
test_population_transfers_649.py:219	test_section_non_list_rejects_section_rest_lands	apply_score_extraction
test_population_transfers_649.py:239	test_class_delta_population_key_upgraded_to_per_item_rejection	apply_score_extraction
test_population_transfers_649.py:263	test_class_delta_chinese_population_key_upgraded_to_per_item_rejection	apply_score_extraction
test_population_transfers_649.py:287	test_unknown_top_level_key_now_per_section_rejection_not_abort	apply_score_extraction
test_population_transfers_649.py:303	test_legacy_wan_unit_transfer_caps_to_stock_without_unit_conversion	apply_score_extraction
test_population_transfers_649.py:333	test_new_save_unit_is_persons	apply_score_extraction
test_population_transfers_649.py:380	test_mutation_oracle_four_mutations_all_bitten	apply_score_extraction
test_population_transfers_662.py:53	test_disaster_and_war_amounts_above_old_caps_land_and_conserve	apply_score_extraction
test_population_transfers_662.py:79	test_mutation_oracle_bites_disaster_war_mutations	apply_score_extraction
test_population_transfers_662.py:134	test_same_batch_multi_origin_merges_into_single_pool_account	apply_score_extraction
test_population_unit_648.py:77	test_new_save_displaced_class_seed_frozen_table	apply_score_extraction
test_population_unit_648.py:113	test_new_save_classes_seed_persons_scale	apply_score_extraction
test_population_unit_648.py:122	test_new_save_regions_seed_persons_scale	apply_score_extraction
test_population_unit_648.py:131	test_new_save_persistent_population_unit_marker	apply_score_extraction
test_population_unit_648.py:143	test_legacy_save_defaults_to_wan_unit_and_keeps_snapshot	apply_score_extraction
test_population_unit_648.py:161	test_population_unit_mutation_matrix	apply_score_extraction
test_population_unit_648.py:203	test_class_delta_displaced_accepts_sat_lev_population_face_removed	apply_score_extraction
test_population_unit_648.py:237	test_web_region_payload_has_no_population_wan_projection	apply_score_extraction
test_population_unit_648.py:277	test_new_save_restore_jianzhou_keeps_persons_unit	apply_score_extraction
test_population_unit_648.py:296	test_legacy_save_restore_jianzhou_converts_to_wan	apply_score_extraction
test_power_section_rejections.py:34	test_unknown_power_id_rejected_good_item_lands	apply_score_extraction
test_power_section_rejections.py:61	test_illegal_power_field_rejected	apply_score_extraction
test_power_section_rejections.py:78	test_power_deltas_code_exception_aborts_settlement	apply_score_extraction
test_power_section_rejections.py:96	test_unknown_person_power_change_rejected_good_lands	apply_score_extraction
test_power_section_rejections.py:124	test_canonical_person_power_writer_code_exception_is_fail_loud	apply_score_extraction
test_power_section_rejections.py:146	test_power_change_formatter_skips_rejected_items	apply_score_extraction
test_power_section_rejections.py:163	test_dirty_power_value_rejected_sibling_field_lands	apply_score_extraction
test_power_section_rejections.py:189	test_dirty_power_value_string_rejected	apply_score_extraction
test_power_section_rejections.py:204	test_ming_power_update_rejected_with_trace	apply_score_extraction
test_power_section_rejections.py:220	test_float_and_bool_power_values_rejected	apply_score_extraction
test_power_section_rejections.py:241	test_reason_carrier_aliases_not_recorded_as_rejection	apply_score_extraction
test_power_section_rejections.py:256	test_all_reason_aliases_consumed_as_reason	apply_score_extraction
test_promulgation_judge_561.py:22	test_promulgation_context_is_deterministic_and_excludes_satisfaction	apply_score_extraction
test_promulgation_judge_561.py:89	test_promulgation_context_projects_faction_leverage_as_qualitative_band	apply_score_extraction
test_promulgation_judge_561.py:125	test_promulgation_context_routes_faction_leverage_through_power_band	apply_score_extraction
test_promulgation_judge_561.py:145	test_promulgation_history_only_projects_forced_and_midzhi_markers	apply_score_extraction
test_promulgation_judge_561.py:178	test_gate_extracts_actual_cli_judge_payload_and_rejects_ambiguous_capture	apply_score_extraction
test_promulgation_judge_561.py:208	test_promulgation_verdict_list_shape_has_one_canonical_authority	apply_score_extraction
test_promulgation_judge_561.py:215	test_promulgation_verdict_rejects_unknown_fields	apply_score_extraction
test_promulgation_judge_561.py:233	test_promulgated_verdict_strips_rejection_only_noise	apply_score_extraction
test_promulgation_judge_561.py:273	test_promulgated_midzhi_strips_affected_parties_with_rejection_noise	apply_score_extraction
test_promulgation_judge_561.py:309	test_promulgated_true_path_clean_verdict_passes	apply_score_extraction
test_promulgation_judge_561.py:322	test_rejected_verdict_still_requires_full_rejection_contract	apply_score_extraction
test_promulgation_judge_561.py:336	test_gate_reconsideration_removes_only_named_opponent_and_keeps_real_bench	apply_score_extraction
test_promulgation_judge_561.py:372	test_gate_reconsideration_resolves_missing_target_to_land_survey	apply_score_extraction
test_promulgation_judge_561.py:400	test_gate_evidence_reloads_dossier_after_reconsideration_mutation	apply_score_extraction
test_promulgation_judge_561.py:450	test_gate_second_verdict_reads_pending_or_applied_history_strictly	apply_score_extraction
test_promulgation_judge_561.py:463	test_run_resolve_arm_recovers_settled_verdicts_from_history	apply_score_extraction
test_promulgation_judge_561.py:502	test_gatekeeper_successor_removes_donglin_block_posture	apply_score_extraction
test_promulgation_judge_561.py:532	test_choose_rescripts_keeps_authority_edge_off_force_promulgated	apply_score_extraction
test_promulgation_judge_561.py:597	test_appointment_text_is_pure_gatekeeper_transfer_without_land_confiscation	apply_score_extraction
test_promulgation_judge_561.py:606	test_appointment_rejection_check_requires_faction_gate_structure	apply_score_extraction
test_promulgation_judge_561.py:637	test_ordinary_class_all_promulgated_covers_planted_ordinary_only	apply_score_extraction
test_promulgation_judge_561.py:665	test_leader_only_mutation_changes_faction_posture_not_roster	apply_score_extraction
test_promulgation_judge_561.py:718	test_promulgation_judge_omits_max_tokens	apply_score_extraction
test_promulgation_judge_561.py:747	test_promulgation_verdict_accepts_exact_keys_for_each_mode	apply_score_extraction
test_promulgation_judge_561.py:772	test_rejected_exact_keys_accept_only_empty_legal_reason_slot	apply_score_extraction
test_promulgation_judge_561.py:792	test_default_promulgation_judge_uses_one_batch_and_existing_validator	apply_score_extraction
test_promulgation_judge_561.py:840	test_rejected_snapshot_must_equal_the_prepared_judge_input	apply_score_extraction
test_promulgation_judge_561.py:856	test_appointment_tenure_is_the_rejection_snapshot_value	apply_score_extraction
test_promulgation_judge_561.py:871	test_non_gatekeeper_character_cannot_be_named_as_gatekeeper	apply_score_extraction
test_promulgation_judge_561.py:890	test_ordinary_rejection_cannot_claim_midzhi_unpromulgatable	apply_score_extraction
test_promulgation_judge_561.py:916	test_review_exempt_actions_auto_promulgate_without_judge_contract_abort	apply_score_extraction
test_public_projection_consistency_1830.py:78	test_scene_person_public_layer_matches_character_and_world_admission	prepare_character_materials,prepare_world_materials
test_public_projection_consistency_1830.py:175	test_rebuild_adds_only_the_new_record_own_carrier	prepare_character_materials,prepare_world_materials
test_qa_1281_issue_audience_case_facts.py:34	test_issue_materials_keep_knowledge_visibility_without_audience_veto	prepare_character_materials
test_qa_1281_issue_audience_case_facts.py:62	test_empty_audience_is_empty_supplement_not_knowledge_veto	prepare_character_materials
test_qa_1281_issue_audience_case_facts.py:84	test_audience_supplement_grants_originating_issue_outside_knowledge	prepare_character_materials
test_qa_1281_issue_audience_case_facts.py:125	test_malformed_event_audience_fails_loud_from_material_entry	prepare_character_materials
test_qa_1281_issue_audience_case_facts.py:140	test_tuple_audience_container_fails_loud_from_content_fallback	prepare_character_materials
test_qa_1281_issue_audience_case_facts.py:162	test_malformed_knowledge_issue_id_fails_loud_from_material_entry	prepare_character_materials
test_qa_1281_issue_audience_case_facts.py:185	test_event_audience_read_failure_escapes_material_preparation	prepare_character_materials
test_qa_1281_issue_audience_case_facts.py:208	test_issue_material_projection_does_not_pollute_durable_events_or_db	prepare_character_materials
test_qa_c3_secret_order_path_1357_1376.py:62	test_pending_secret_order_count_zero_without_staged	list_secret_orders
test_qa_c3_secret_order_path_1357_1376.py:78	test_pending_secret_order_count_reflects_staged_candidate	list_secret_orders
test_refugee_loop_652.py:90	test_standalone_absorption_is_durable_to_second_connection	apply_score_extraction
test_refugee_loop_652.py:106	test_standalone_surcharge_is_durable_to_second_connection	apply_score_extraction
test_refugee_loop_652.py:127	test_outer_atomic_rolls_back_surcharge_and_absorption	apply_score_extraction
test_refugee_loop_652.py:159	test_bandit_absorption_clamps_pool_strength_and_ceiling	apply_score_extraction
test_refugee_loop_652.py:206	test_bandit_absorption_rejects_unknown_fields_keeps_clean_sibling	apply_score_extraction
test_refugee_loop_652.py:238	test_free_positive_bandit_strength_rejected_negative_ok	apply_score_extraction
test_refugee_loop_652.py:261	test_llm_free_回流_rejected	apply_score_extraction
test_refugee_loop_652.py:290	test_non_recovery_grant_no_回流	apply_score_extraction
test_refugee_loop_652.py:310	test_recovery_without_paid_evidence_produces_nothing	apply_score_extraction
test_refugee_loop_652.py:432	test_recovery_shared_pool_advances_once_after_empty_effect_month	apply_score_extraction
test_refugee_loop_652.py:477	test_monthly_recovery_follows_each_month_actual_payment	apply_score_extraction
test_refugee_loop_652.py:506	test_in_transit_relief_stays_executing_before_gazette	apply_score_extraction
test_refugee_loop_652.py:594	test_month_settle_with_disaster_and_executing_relief	apply_score_extraction
test_refugee_loop_652.py:620	test_legacy_population_unit_skips_absorption_and_recovery	apply_score_extraction
test_region_cannon_delta.py:17	test_cannon_has_chinese_display_label	apply_score_extraction
test_region_cannon_delta.py:22	test_city_cannon_delta_lands_clamped	apply_score_extraction
test_region_cannon_delta.py:35	test_city_cannon_capped_at_zero_for_low_city_level	apply_score_extraction
test_region_cannon_delta.py:59	test_city_cannon_lower_bound_clamp_audited_not_as_cap	apply_score_extraction
test_region_cannon_delta.py:73	test_zero_cannon_request_leaves_no_log	apply_score_extraction
test_region_cannon_delta.py:85	test_illegal_region_field_rejected_not_raised	apply_score_extraction
test_relation_capture_633.py:45	test_settlement_interaction_lands_directed_edge_with_origin_round	apply_score_extraction
test_relation_capture_633.py:79	test_three_way_joint_memorial_expands_lead_to_each_cosigner_only	apply_score_extraction
test_relation_capture_633.py:113	test_replayed_delta_does_not_double_write	apply_score_extraction
test_relation_capture_633.py:132	test_empty_capture_writes_nothing	apply_score_extraction
test_relation_capture_633.py:150	test_shape_garbage_rejected_per_existing_extractor_contract	apply_score_extraction
test_relation_capture_633.py:180	test_non_string_actor_target_context_shapes_rejected	apply_score_extraction
test_relation_capture_633.py:209	test_missing_or_forged_provenance_rejected_with_trace_no_edges	apply_score_extraction
test_relation_capture_633.py:237	test_whitespace_padded_noncanonical_origins_rejected_no_strip_rescue	apply_score_extraction
test_relation_capture_633.py:258	test_settlement_edge_origin_rejects_missing_and_non_string	apply_score_extraction
test_relation_capture_633.py:290	test_authorized_dossier_origin_accepted_bound_to_current_turn	apply_score_extraction
test_relation_capture_633.py:331	test_authorized_dossier_outside_frozen_batch_rejected_zero_edges	apply_score_extraction
test_relation_capture_633.py:364	test_unauthorized_dossier_inside_frozen_set_still_rejected	apply_score_extraction
test_relation_capture_633.py:397	test_missing_frozen_dossier_set_is_empty_closed_set	apply_score_extraction
test_relation_capture_633.py:436	test_context_stored_byte_identical_through_full_chain	apply_score_extraction
test_relation_capture_633.py:452	test_writer_stores_whitespace_context_byte_identical	apply_score_extraction
test_relation_capture_633.py:471	test_writer_rejects_non_string_context	apply_score_extraction
test_relation_capture_633.py:505	test_hallucinated_and_emperor_endpoints_rejected_per_item_zero_edges	apply_score_extraction
test_relation_capture_633.py:538	test_multi_target_with_one_bad_endpoint_writes_zero_edges_for_item	apply_score_extraction
test_relation_capture_633.py:570	test_multi_target_with_blank_or_self_member_rejects_whole_item_zero_edges	apply_score_extraction
test_relation_capture_633.py:606	test_empty_or_all_invalid_targets_reject_whole_item_zero_edges	apply_score_extraction
test_relation_capture_633.py:636	test_valid_roster_endpoints_still_land_after_endpoint_gate	apply_score_extraction
test_relation_capture_633.py:655	test_interaction_then_same_batch_dismissal_still_lands	apply_score_extraction
test_relation_capture_633.py:685	test_reinstatement_then_interaction_in_same_batch_still_lands	apply_score_extraction
test_relation_capture_633.py:714	test_never_qualified_endpoints_still_rejected_in_mutating_batch	apply_score_extraction
test_relation_capture_633.py:752	test_live_roster_cannot_rescue_endpoint_outside_passed_union	apply_score_extraction
test_relation_capture_633.py:771	test_missing_endpoint_qualification_set_fails_loud	apply_score_extraction
test_rescript_choices_563.py:33	test_manual_mode_uses_typed_extractor_judgment	
test_rescript_choices_563.py:46	test_manual_edit_preserves_existing_mode_when_text_and_extractor_are_silent	
test_rescript_choices_563.py:62	test_predeclared_midzhi_promulgation_persists_stigma	
test_rescript_choices_563.py:72	test_missing_dossier_mode_defaults_to_ordinary	
test_rescript_choices_563.py:88	test_declared_staging_uses_typed_mode_not_minister_text	
test_rescript_choices_563.py:106	test_presence_aware_mode_preserves_draft_until_explicit_override	
test_rescript_choices_563.py:134	test_held_dossier_rejection_stigma_is_idempotent_across_months	
test_rescript_choices_563.py:163	test_rejected_midzhi_and_force_promulgation_are_idempotent	
test_rescript_choices_563.py:180	test_rejected_ordinary_force_promulgation_adds_rescript_stigma	
test_rescript_choices_563.py:199	test_657_canonical_choice_stable_key_order	
test_rescript_choices_563.py:223	test_financial_decision_uses_stored_option_not_client_payload	
test_rescript_choices_563.py:277	test_decision_parser_rejects_unknown_typed_action_and_keeps_sibling	
test_rescript_choices_563.py:377	test_decision_parser_rejects_empty_or_ambiguous_labels	
test_rescript_choices_563.py:389	test_657_capability_revalidate_on_follow	
test_rescript_draft_656.py:76	test_triage_actor_prefers_first_assistant_over_eunuch_director	
test_rescript_draft_656.py:84	test_triage_actor_falls_back_to_eunuch_director	
test_rescript_draft_656.py:91	test_triage_actor_negative_yumajian_zhangyin_never_selected	
test_rescript_draft_656.py:98	test_triage_actor_duplicate_hits_deterministic_order	
test_rescript_draft_656.py:107	test_triage_actor_absent_when_both_offices_vacant	
test_rescript_draft_656.py:112	test_triage_actor_follows_reappointment	
test_rescript_draft_656.py:129	test_save_and_list_rescript_drafts_roundtrip	
test_rescript_draft_656.py:158	test_rescript_draft_idx_continues_after_decision_rows	
test_rescript_draft_656.py:178	test_clear_pending_decisions_keeps_rescript_drafts	
test_rescript_draft_656.py:199	test_save_pending_decisions_keeps_rescript_drafts	
test_rescript_draft_656.py:231	test_save_rescript_drafts_overwrites_not_duplicates	
test_rescript_draft_656.py:241	test_repeated_overwrite_keeps_stable_synthetic_ids	
test_rescript_draft_656.py:277	test_validate_and_persist_preserve_whitespace_verbatim	
test_rescript_draft_656.py:310	test_generate_ungrounded_region_heals_then_drops_sibling_kept	
test_rescript_draft_656.py:334	test_generate_ungrounded_army_heals_then_drops_sibling_kept	
test_rescript_draft_656.py:361	test_generate_combined_target_and_roster_failures_reported_together_then_land	
test_rescript_draft_656.py:426	test_generate_combined_target_roster_partial_heal_reports_remaining	
test_rescript_draft_656.py:491	test_generate_unknown_roster_character_heals_with_legal_set_then_lands	
test_rescript_draft_656.py:553	test_generate_unknown_delegator_heals_then_drops_sibling_kept	
test_rescript_draft_656.py:580	test_generate_existing_offcourt_roster_character_lands	
test_rescript_draft_656.py:609	test_generate_military_order_region_target_heals_then_drops	
test_rescript_draft_656.py:638	test_generate_rejects_military_order_empty_assignee	
test_rescript_draft_656.py:673	test_validate_items_binds_only_board_issue_ids	
test_rescript_draft_656.py:690	test_validate_items_no_count_cap_keeps_all_legal	
test_rescript_draft_656.py:712	test_validate_items_missing_required_field_fails_whole_batch	
test_rescript_draft_656.py:720	test_validate_items_single_option_is_legal	
test_rescript_draft_656.py:729	test_validate_items_many_options_not_gated_or_truncated	
test_rescript_draft_656.py:740	test_validate_items_empty_options_drops_item_keeps_siblings	
test_rescript_draft_656.py:754	test_validate_items_non_list_options_drops_item_keeps_siblings	
test_rescript_draft_656.py:767	test_validate_items_empty_list_is_legal_headless_month	
test_rescript_draft_656.py:771	test_validate_items_rejects_illegal_top_level	
test_rescript_draft_656.py:784	test_validate_items_rejects_unknown_item_field_whole_batch	
test_rescript_draft_656.py:791	test_validate_items_rejects_unknown_option_field_whole_batch	
test_rescript_draft_656.py:798	test_validate_items_accepts_optional_issue_id_binding_key	
test_rescript_draft_656.py:805	test_generate_rescript_draft_degrades_loudly_without_raising	
test_rescript_draft_656.py:821	test_generate_rescript_draft_program_error_propagates	
test_rescript_draft_656.py:844	test_restore_roundtrip_at_awaiting_pause_has_no_draft_rows	
test_rescript_draft_656.py:878	test_persist_then_abort_draft_never_enters_hitl_envelope	
test_rescript_draft_656.py:923	test_r3_top_level_unknown_field_rejects_whole_batch	
test_rescript_draft_656.py:935	test_r3_strict_parse_control_char_raises_contract_error	
test_rescript_draft_656.py:944	test_r3_strict_parse_concatenated_objects_raises_contract_error	
test_rescript_draft_656.py:952	test_r3_strict_parse_degrades_via_generate	
test_rescript_draft_656.py:965	test_r3_lone_surrogate_field_rejects_whole_batch	
test_rescript_draft_656.py:996	test_657_s1_schema_columns_and_no_banned_fields	
test_rescript_draft_656.py:1015	test_657_s1_rescript_emitted_set_subset_of_dossier	
test_rescript_draft_656.py:1024	test_657_s1_derive_draft_capability_stable_and_sensitive	
test_rescript_draft_656.py:1055	test_657_validate_rejects_label_hint_only_options	
test_rescript_draft_656.py:1067	test_657_validate_layer_a_roundtrip_capability	
test_rescript_draft_656.py:1100	test_657_s1_option_shape_stamps_draft_capability	
test_rescript_draft_656.py:1157	test_1620_validate_army_pay_grant_kind_maps_to_xiexang	
test_rescript_draft_656.py:1196	test_1620_layer_a_reward_with_army_target_stays_reward	
test_rescript_draft_656.py:1235	test_1620_layer_a_army_pay_rejects_bad_typed_shape	
test_rescript_draft_656.py:1245	test_1620_internal_canonical_xiexang_renormalizes_without_kind	
test_rescript_draft_656.py:1256	test_657_s1_list_rescript_desk_merges_cross_month_and_decisions	
test_rescript_heal_isolation_1801.py:105	test_1801_top_unformed_heals_then_no_drafts	
test_rescript_heal_isolation_1801.py:124	test_1801_item_utf8_heals_then_drops_only_bad_item	
test_rescript_heal_isolation_1801.py:145	test_1801_unknown_top_key_heals_then_ignores_key_keeps_items	
test_rescript_heal_isolation_1801.py:170	test_1801_unknown_top_key_heal_items_empty_must_not_wipe_siblings	
test_rescript_heal_isolation_1801.py:194	test_1801_unknown_top_key_heal_omit_key_succeeds_keeps_items	
test_rescript_heal_isolation_1801.py:220	test_1801_eight_items_all_pass_no_heal_no_trim	
test_rescript_option_field_heal_1746.py:178	test_run_agent_text_prior_messages_sent_as_message_list	
test_rescript_option_field_heal_1746.py:211	test_run_agent_text_without_prior_passes_plain_prompt	
test_rescript_option_field_heal_1746.py:292	test_contract_failure_heals_not_batch_reject	
test_rescript_option_field_heal_1746.py:331	test_amount_numeric_string_accepted_via_grant_shape	
test_rescript_option_field_heal_1746.py:347	test_missing_target_kind_only_heals_not_combo_batch	
test_rescript_option_field_heal_1746.py:370	test_army_single_combo_heals_not_batch_redraw	
test_rescript_option_field_heal_1746.py:402	test_dual_missing_discriminator_heals_grant_action	
test_rescript_option_field_heal_1746.py:447	test_typed_illegal_also_heals	
test_rescript_option_field_heal_1746.py:516	test_overflow_json_number_heals_not_batch	
test_rescript_option_field_heal_1746.py:572	test_overflow_json_number_exhaust_drops_only_bad	
test_rescript_option_field_heal_1746.py:633	test_option_shape_failures_heal_not_batch	
test_rescript_option_field_heal_1746.py:681	test_provider_still_whole_batch_item_missing_heals_and_drops	
test_rescript_option_field_heal_1746.py:727	test_heal_response_contract_failure_consumes_attempt_keeps_siblings	
test_rescript_option_field_heal_1746.py:848	test_first_draw_parse_failure_heals_then_degrades	
test_rescript_option_field_heal_1746.py:889	test_heal_bad_identity_refuses_merge_then_drops	
test_secret_dossier_participants_1252.py:40	test_s1_public_projection_filter_unchanged	apply_score_extraction
test_secret_dossier_participants_1252.py:53	test_s2_tracer_613_565_readers_see_appended_roster	apply_score_extraction
test_secret_dossier_participants_1252.py:104	test_s2_public_dossier_participants_still_rejects_secret_id	apply_score_extraction
test_secret_dossier_participants_1252.py:129	test_s2_private_field_rejects_non_batch_and_public_ids	apply_score_extraction
test_secret_dossier_participants_1252.py:175	test_month_segment_dispatch_uses_secret_order_dossier_ids_authority	apply_score_extraction
test_secret_dossier_participants_1252.py:245	test_s2_missing_secret_authority_never_rebuilds_from_live_db	apply_score_extraction
test_secret_order_declaration_landing_1897.py:189	test_declared_new_secret_order_lands_through_live_dispatch_and_becomes_a_case	create_secret_order,get_secret_order,list_dossier_progress,list_secret_orders
test_secret_order_declaration_landing_1897.py:229	test_blank_secret_order_title_is_rejected_not_staged	create_secret_order,get_secret_order,list_dossier_progress,list_secret_orders
test_secret_order_declaration_landing_1897.py:246	test_bad_secret_order_is_rejected_without_staging_or_landing	create_secret_order,get_secret_order,list_dossier_progress,list_secret_orders
test_secret_order_declaration_landing_1897.py:270	test_non_roster_assignee_is_not_made_into_a_minister	create_secret_order,get_secret_order,list_dossier_progress,list_secret_orders
test_secret_order_declaration_landing_1897.py:367	test_late_translated_indirect_staging_keeps_its_source_night	create_secret_order,get_secret_order,list_dossier_progress,list_secret_orders
test_secret_order_declaration_landing_1897.py:430	test_late_translated_indirect_update_keeps_its_source_night	create_secret_order,get_secret_order,list_dossier_progress,list_secret_orders
test_secret_order_declaration_landing_1897.py:472	test_secret_order_link_note_is_stored_verbatim	create_secret_order,get_secret_order,list_dossier_progress,list_secret_orders
test_secret_order_declaration_landing_1897.py:517	test_bad_optional_list_field_rejects_only_its_own_item	create_secret_order,get_secret_order,list_dossier_progress,list_secret_orders
test_secret_order_declaration_landing_1897.py:538	test_late_translation_staged_secret_order_still_lands_under_its_source_night	create_secret_order,get_secret_order,list_dossier_progress,list_secret_orders
test_secret_order_declaration_landing_1897.py:564	test_failed_landing_keeps_the_original_pending_action_retryable	create_secret_order,get_secret_order,list_dossier_progress,list_secret_orders
test_secret_order_declaration_landing_1897.py:649	test_approved_rush_reports_success_and_is_not_repeated	create_secret_order,get_secret_order,list_dossier_progress,list_secret_orders
test_secret_order_declaration_landing_1897.py:705	test_bad_dossier_links_reject_only_their_own_item	create_secret_order,get_secret_order,list_dossier_progress,list_secret_orders
test_secret_order_declaration_landing_1897.py:779	test_late_translated_rush_lands_under_its_source_night	create_secret_order,get_secret_order,list_dossier_progress,list_secret_orders
test_secret_order_declaration_landing_1897.py:825	test_late_translated_appointment_hit_keeps_its_source_night	create_secret_order,get_secret_order,list_dossier_progress,list_secret_orders
test_secret_order_declaration_landing_1897.py:917	test_secret_order_progress_is_stored_verbatim	create_secret_order,get_secret_order,list_dossier_progress,list_secret_orders
test_secret_order_declaration_landing_1897.py:1008	test_scene_review_claim_lands_on_the_review_rail	create_secret_order,get_secret_order,list_dossier_progress,list_secret_orders
test_secret_order_isolation_883.py:46	test_883_two_turn_probe_secret_never_enters_shared_archives	apply_score_extraction,get_secret_order,update_secret_order_by_id
test_secret_order_isolation_883.py:88	test_883_shared_summary_write_seam_rejects_secret_order_source	apply_score_extraction,get_secret_order,update_secret_order_by_id
test_secret_order_isolation_883.py:115	test_883_audience_chat_path_does_not_leave_secret_in_shared_sources	apply_score_extraction,get_secret_order,update_secret_order_by_id
test_secret_order_isolation_883.py:155	test_883_audience_chat_paraphrase_does_not_leave_origin_in_shared_sources	apply_score_extraction,get_secret_order,update_secret_order_by_id
test_secret_order_isolation_883.py:212	test_883_shared_write_seam_keeps_public_assignee_audience	apply_score_extraction,get_secret_order,update_secret_order_by_id
test_secret_order_isolation_883.py:232	test_883_public_audience_same_turn_survives_secret_classification	apply_score_extraction,get_secret_order,update_secret_order_by_id
test_secret_order_isolation_883.py:281	test_883_post_brief_public_audience_enters_shared_sources	apply_score_extraction,get_secret_order,update_secret_order_by_id
test_secret_order_isolation_883.py:313	test_883_cross_turn_chat_origin_withheld_on_late_secret_create	apply_score_extraction,get_secret_order,update_secret_order_by_id
test_secret_order_isolation_883.py:340	test_883_zero_overlap_semantic_rewrite_withholds_prior_audience_origin	apply_score_extraction,get_secret_order,update_secret_order_by_id
test_secret_order_isolation_883.py:374	test_883_thematic_public_audience_survives_secret_create	apply_score_extraction,get_secret_order,update_secret_order_by_id
test_secret_order_isolation_883.py:412	test_976_minister_reply_not_shared_before_classification	apply_score_extraction,get_secret_order,update_secret_order_by_id
test_secret_order_isolation_883.py:428	test_976_pure_public_minister_reply_released_after_settle	apply_score_extraction,get_secret_order,update_secret_order_by_id
test_secret_order_isolation_883.py:447	test_976_secret_chat_turn_withholds_both_sides_but_public_turn_survives	apply_score_extraction,get_secret_order,update_secret_order_by_id
test_secret_order_isolation_883.py:498	test_976_withhold_does_not_yank_old_released_public_user	apply_score_extraction,get_secret_order,update_secret_order_by_id
test_secret_order_isolation_883.py:542	test_976_release_stamps_original_message_date	apply_score_extraction,get_secret_order,update_secret_order_by_id
test_secret_order_isolation_883.py:575	test_883_shared_archive_bypass_positive_and_negative	apply_score_extraction,get_secret_order,update_secret_order_by_id
test_secret_order_isolation_883.py:596	test_976_held_user_chat_released_when_never_classified_as_secret	apply_score_extraction,get_secret_order,update_secret_order_by_id
test_secret_order_isolation_883.py:623	test_883_only_explicit_leak_conclusion_promotes_secret_order_to_public	apply_score_extraction,get_secret_order,update_secret_order_by_id
test_secret_order_isolation_883.py:656	test_883_cross_turn_repeat_disclosed_does_not_mint_duplicate_public_event	apply_score_extraction,get_secret_order,update_secret_order_by_id
test_secret_order_isolation_883.py:697	test_976_cross_person_speaker_user_origin_withheld_not_shared	apply_score_extraction,get_secret_order,update_secret_order_by_id
test_secret_order_isolation_883.py:731	test_976_same_window_pure_public_user_survives_secret_classification	apply_score_extraction,get_secret_order,update_secret_order_by_id
test_secret_order_isolation_883.py:778	test_976_stage_confirm_pin_provenance_not_max_held_user	apply_score_extraction,get_secret_order,update_secret_order_by_id
test_secret_order_isolation_883.py:867	test_976_non_create_stage_commit_update_withholds_oral_pin	apply_score_extraction,get_secret_order,update_secret_order_by_id
test_secret_order_isolation_883.py:930	test_976_non_create_stage_commit_rush_withholds_oral_pin	apply_score_extraction,get_secret_order,update_secret_order_by_id
test_secret_order_isolation_883.py:980	test_976_non_create_stage_commit_progress_and_review_withhold_oral_pin	apply_score_extraction,get_secret_order,update_secret_order_by_id
test_secret_order_isolation_883.py:1032	test_976_non_create_pure_public_not_auto_pinned_as_secret_origin	apply_score_extraction,get_secret_order,update_secret_order_by_id
test_secret_order_isolation_883.py:1135	test_976_pending_secret_pin_survives_partial_commit_same_minister	apply_score_extraction,get_secret_order,update_secret_order_by_id
test_secret_order_isolation_883.py:1175	test_976_retryable_failed_secret_pin_stays_withheld_during_other_commit	apply_score_extraction,get_secret_order,update_secret_order_by_id
test_secret_order_isolation_883.py:1210	test_976_rt01_two_secret_orders_different_assignees_no_cross_track	apply_score_extraction,get_secret_order,update_secret_order_by_id
test_secret_order_isolation_883.py:1270	test_976_rt02_misassigned_provenance_follows_origin_message	apply_score_extraction,get_secret_order,update_secret_order_by_id
test_secret_order_isolation_883.py:1326	test_976_rt03_late_chat_after_create_same_turn	apply_score_extraction,get_secret_order,update_secret_order_by_id
test_secret_order_isolation_883.py:1362	test_976_rt04_undo_chat_turn_secret_order_brief_consistent	apply_score_extraction,get_secret_order,update_secret_order_by_id
test_secret_order_isolation_883.py:1434	test_1026_secret_order_update_rollback_restores_existing_brief	apply_score_extraction,get_secret_order,update_secret_order_by_id
test_secret_order_isolation_883.py:1484	test_976_rt05_save_restore_between_hold_and_release	apply_score_extraction,get_secret_order,update_secret_order_by_id
test_secret_order_isolation_883.py:1561	test_976_message_level_origin_persisted_on_brief	apply_score_extraction,get_secret_order,update_secret_order_by_id
test_secret_order_monthly_progress_566.py:61	test_monthly_report_keeps_its_turn_and_text	apply_score_extraction,list_dossier_progress,list_secret_orders,update_secret_order_by_id
test_secret_order_monthly_progress_566.py:76	test_disclosure_promotes_monthly_report_to_public_event_only_after_disclosure	apply_score_extraction,list_dossier_progress,list_secret_orders,update_secret_order_by_id
test_secret_order_monthly_progress_566.py:103	test_titles_do_not_classify_and_all_active_secret_orders_are_candidates	apply_score_extraction,list_dossier_progress,list_secret_orders,update_secret_order_by_id
test_secret_order_monthly_progress_566.py:125	test_only_an_existing_monthly_chain_gets_terminal_progress	apply_score_extraction,list_dossier_progress,list_secret_orders,update_secret_order_by_id
test_secret_order_monthly_progress_566.py:144	test_character_terminal_status_closes_secret_orders_through_canonical_progress_rail	apply_score_extraction,list_dossier_progress,list_secret_orders,update_secret_order_by_id
test_secret_order_monthly_progress_566.py:185	test_current_secret_order_deadline_controls_monthly_eligibility	apply_score_extraction,list_dossier_progress,list_secret_orders,update_secret_order_by_id
test_secret_order_monthly_progress_566.py:263	test_real_no_edict_entries_roll_back_every_external_state_after_fiscal_write	apply_score_extraction,list_dossier_progress,list_secret_orders,update_secret_order_by_id
test_secret_order_monthly_progress_566.py:345	test_missing_bad_unknown_and_duplicate_reports_are_rejected	apply_score_extraction,list_dossier_progress,list_secret_orders,update_secret_order_by_id
test_secret_order_payoff_1504.py:224	test_create_secret_order_fact_lanes_follow_structured_severity_only	apply_monthly_covert_actual_progress,apply_score_extraction,build_covert_task_contract,create_secret_order,get_secret_order,list_dossier_progress,list_secret_orders,prepare_world_materials,settle_due_secret_orders,update_secret_order_progress
test_secret_order_payoff_1504.py:266	test_confirm_persists_task_specific_contract_absent_before	apply_monthly_covert_actual_progress,apply_score_extraction,build_covert_task_contract,create_secret_order,get_secret_order,list_dossier_progress,list_secret_orders,prepare_world_materials,settle_due_secret_orders,update_secret_order_progress
test_secret_order_payoff_1504.py:293	test_actual_progress_container_separate_from_reported_rail	apply_monthly_covert_actual_progress,apply_score_extraction,build_covert_task_contract,create_secret_order,get_secret_order,list_dossier_progress,list_secret_orders,prepare_world_materials,settle_due_secret_orders,update_secret_order_progress
test_secret_order_payoff_1504.py:325	test_settle_due_reads_actual_rail_only_report_does_not_flip_verdict	apply_monthly_covert_actual_progress,apply_score_extraction,build_covert_task_contract,create_secret_order,get_secret_order,list_dossier_progress,list_secret_orders,prepare_world_materials,settle_due_secret_orders,update_secret_order_progress
test_secret_order_payoff_1504.py:354	test_monthly_actual_then_delivered_done	apply_monthly_covert_actual_progress,apply_score_extraction,build_covert_task_contract,create_secret_order,get_secret_order,list_dossier_progress,list_secret_orders,prepare_world_materials,settle_due_secret_orders,update_secret_order_progress
test_secret_order_payoff_1504.py:385	test_gap_after_months_failed	apply_monthly_covert_actual_progress,apply_score_extraction,build_covert_task_contract,create_secret_order,get_secret_order,list_dossier_progress,list_secret_orders,prepare_world_materials,settle_due_secret_orders,update_secret_order_progress
test_secret_order_payoff_1504.py:412	test_n_month_deadline_yields_exactly_n_ticks	apply_monthly_covert_actual_progress,apply_score_extraction,build_covert_task_contract,create_secret_order,get_secret_order,list_dossier_progress,list_secret_orders,prepare_world_materials,settle_due_secret_orders,update_secret_order_progress
test_secret_order_payoff_1504.py:456	test_offstage_minister_no_progress_no_world_effects	apply_monthly_covert_actual_progress,apply_score_extraction,build_covert_task_contract,create_secret_order,get_secret_order,list_dossier_progress,list_secret_orders,prepare_world_materials,settle_due_secret_orders,update_secret_order_progress
test_secret_order_payoff_1504.py:485	test_missing_minister_row_no_progress	apply_monthly_covert_actual_progress,apply_score_extraction,build_covert_task_contract,create_secret_order,get_secret_order,list_dossier_progress,list_secret_orders,prepare_world_materials,settle_due_secret_orders,update_secret_order_progress
test_secret_order_payoff_1504.py:506	test_mid_month_restore_preserves_actual_progress	apply_monthly_covert_actual_progress,apply_score_extraction,build_covert_task_contract,create_secret_order,get_secret_order,list_dossier_progress,list_secret_orders,prepare_world_materials,settle_due_secret_orders,update_secret_order_progress
test_secret_order_payoff_1504.py:537	test_secret_order_closes_field_is_ignored	apply_monthly_covert_actual_progress,apply_score_extraction,build_covert_task_contract,create_secret_order,get_secret_order,list_dossier_progress,list_secret_orders,prepare_world_materials,settle_due_secret_orders,update_secret_order_progress
test_secret_order_payoff_1504.py:554	test_auto_submit_due_no_longer_flips_pending_review	apply_monthly_covert_actual_progress,apply_score_extraction,build_covert_task_contract,create_secret_order,get_secret_order,list_dossier_progress,list_secret_orders,prepare_world_materials,settle_due_secret_orders,update_secret_order_progress
test_secret_order_payoff_1504.py:574	test_monthly_actual_progress_preserves_selected_fidelity_in_sqlite	apply_monthly_covert_actual_progress,apply_score_extraction,build_covert_task_contract,create_secret_order,get_secret_order,list_dossier_progress,list_secret_orders,prepare_world_materials,settle_due_secret_orders,update_secret_order_progress
test_secret_order_payoff_1504.py:593	test_monthly_actual_does_not_invent_generic_world_package	apply_monthly_covert_actual_progress,apply_score_extraction,build_covert_task_contract,create_secret_order,get_secret_order,list_dossier_progress,list_secret_orders,prepare_world_materials,settle_due_secret_orders,update_secret_order_progress
test_secret_order_payoff_1504.py:622	test_submit_unlimited_keeps_frozen_target	apply_monthly_covert_actual_progress,apply_score_extraction,build_covert_task_contract,create_secret_order,get_secret_order,list_dossier_progress,list_secret_orders,prepare_world_materials,settle_due_secret_orders,update_secret_order_progress
test_secret_order_payoff_1504.py:653	test_rush_preserves_frozen_contract	apply_monthly_covert_actual_progress,apply_score_extraction,build_covert_task_contract,create_secret_order,get_secret_order,list_dossier_progress,list_secret_orders,prepare_world_materials,settle_due_secret_orders,update_secret_order_progress
test_secret_order_payoff_1504.py:670	test_unlimited_investigation_due_now_reads_real_acquisitions	apply_monthly_covert_actual_progress,apply_score_extraction,build_covert_task_contract,create_secret_order,get_secret_order,list_dossier_progress,list_secret_orders,prepare_world_materials,settle_due_secret_orders,update_secret_order_progress
test_secret_order_payoff_1504.py:714	test_1376_candidate_confirm_freezes_explicit_typed_contract	apply_monthly_covert_actual_progress,apply_score_extraction,build_covert_task_contract,create_secret_order,get_secret_order,list_dossier_progress,list_secret_orders,prepare_world_materials,settle_due_secret_orders,update_secret_order_progress
test_secret_order_payoff_1504.py:742	test_non_finite_effort_is_invalid_not_full_investment	apply_monthly_covert_actual_progress,apply_score_extraction,build_covert_task_contract,create_secret_order,get_secret_order,list_dossier_progress,list_secret_orders,prepare_world_materials,settle_due_secret_orders,update_secret_order_progress
test_secret_order_payoff_1504.py:785	test_investigator_away_from_target_cannot_acquire_evidence	apply_monthly_covert_actual_progress,apply_score_extraction,build_covert_task_contract,create_secret_order,get_secret_order,list_dossier_progress,list_secret_orders,prepare_world_materials,settle_due_secret_orders,update_secret_order_progress
test_secret_order_payoff_1504.py:835	test_reaction_declarations_need_real_knowledge_across_months	apply_monthly_covert_actual_progress,apply_score_extraction,build_covert_task_contract,create_secret_order,get_secret_order,list_dossier_progress,list_secret_orders,prepare_world_materials,settle_due_secret_orders,update_secret_order_progress
test_secret_order_payoff_1504.py:890	test_supply_call_writes_identity_materials_into_its_own_tree	apply_monthly_covert_actual_progress,apply_score_extraction,build_covert_task_contract,create_secret_order,get_secret_order,list_dossier_progress,list_secret_orders,prepare_world_materials,settle_due_secret_orders,update_secret_order_progress
test_secret_order_payoff_1504.py:1025	test_case_opening_source_clue_assists_its_fact	apply_monthly_covert_actual_progress,apply_score_extraction,build_covert_task_contract,create_secret_order,get_secret_order,list_dossier_progress,list_secret_orders,prepare_world_materials,settle_due_secret_orders,update_secret_order_progress
test_secret_order_payoff_1504.py:1065	test_case_opening_without_pointer_creates_no_clue	apply_monthly_covert_actual_progress,apply_score_extraction,build_covert_task_contract,create_secret_order,get_secret_order,list_dossier_progress,list_secret_orders,prepare_world_materials,settle_due_secret_orders,update_secret_order_progress
test_secret_order_payoff_1504.py:1103	test_investigation_history_is_not_truncated	apply_monthly_covert_actual_progress,apply_score_extraction,build_covert_task_contract,create_secret_order,get_secret_order,list_dossier_progress,list_secret_orders,prepare_world_materials,settle_due_secret_orders,update_secret_order_progress
test_secret_order_payoff_1504.py:1140	test_no_evidence_case_opens_and_stays_empty	apply_monthly_covert_actual_progress,apply_score_extraction,build_covert_task_contract,create_secret_order,get_secret_order,list_dossier_progress,list_secret_orders,prepare_world_materials,settle_due_secret_orders,update_secret_order_progress
test_secret_order_payoff_1504.py:1193	test_spoliation_requires_real_knowledge_source	apply_monthly_covert_actual_progress,apply_score_extraction,build_covert_task_contract,create_secret_order,get_secret_order,list_dossier_progress,list_secret_orders,prepare_world_materials,settle_due_secret_orders,update_secret_order_progress
test_secret_order_payoff_1504.py:1261	test_4a_unknown_target_declaring_spoliation_is_rejected	apply_monthly_covert_actual_progress,apply_score_extraction,build_covert_task_contract,create_secret_order,get_secret_order,list_dossier_progress,list_secret_orders,prepare_world_materials,settle_due_secret_orders,update_secret_order_progress
test_secret_order_payoff_1504.py:1298	test_spoliation_makes_fact_harder_and_survives_case_reopen	apply_monthly_covert_actual_progress,apply_score_extraction,build_covert_task_contract,create_secret_order,get_secret_order,list_dossier_progress,list_secret_orders,prepare_world_materials,settle_due_secret_orders,update_secret_order_progress
test_secret_order_payoff_1504.py:1386	test_false_memorial_does_not_create_or_erase_evidence	apply_monthly_covert_actual_progress,apply_score_extraction,build_covert_task_contract,create_secret_order,get_secret_order,list_dossier_progress,list_secret_orders,prepare_world_materials,settle_due_secret_orders,update_secret_order_progress
test_secret_order_payoff_1504.py:1439	test_4a_declaration_lands_actions_and_spoliation_through_month_chain	apply_monthly_covert_actual_progress,apply_score_extraction,build_covert_task_contract,create_secret_order,get_secret_order,list_dossier_progress,list_secret_orders,prepare_world_materials,settle_due_secret_orders,update_secret_order_progress
test_secret_order_payoff_1504.py:1549	test_deep_dig_lands_through_month_chain_entry	apply_monthly_covert_actual_progress,apply_score_extraction,build_covert_task_contract,create_secret_order,get_secret_order,list_dossier_progress,list_secret_orders,prepare_world_materials,settle_due_secret_orders,update_secret_order_progress
test_secret_order_payoff_1504.py:1862	test_invalid_investigation_declaration_is_rejected_not_zero_effort	apply_monthly_covert_actual_progress,apply_score_extraction,build_covert_task_contract,create_secret_order,get_secret_order,list_dossier_progress,list_secret_orders,prepare_world_materials,settle_due_secret_orders,update_secret_order_progress
test_secret_order_payoff_1504.py:1908	test_invalid_declaration_stops_month_chain_and_marks_invalid	apply_monthly_covert_actual_progress,apply_score_extraction,build_covert_task_contract,create_secret_order,get_secret_order,list_dossier_progress,list_secret_orders,prepare_world_materials,settle_due_secret_orders,update_secret_order_progress
test_secret_order_payoff_1504.py:1990	test_repeated_pointerless_orders_do_not_mint_clues	apply_monthly_covert_actual_progress,apply_score_extraction,build_covert_task_contract,create_secret_order,get_secret_order,list_dossier_progress,list_secret_orders,prepare_world_materials,settle_due_secret_orders,update_secret_order_progress
test_secret_order_payoff_1504.py:2078	test_merged_clue_assists_the_fact_it_points_at	apply_monthly_covert_actual_progress,apply_score_extraction,build_covert_task_contract,create_secret_order,get_secret_order,list_dossier_progress,list_secret_orders,prepare_world_materials,settle_due_secret_orders,update_secret_order_progress
test_secret_order_payoff_1504.py:2203	test_supply_feed_identity_material_is_empty_for_topic_target	apply_monthly_covert_actual_progress,apply_score_extraction,build_covert_task_contract,create_secret_order,get_secret_order,list_dossier_progress,list_secret_orders,prepare_world_materials,settle_due_secret_orders,update_secret_order_progress
test_secret_order_payoff_1504.py:2226	test_supply_feed_carries_per_fact_investigation_materials	apply_monthly_covert_actual_progress,apply_score_extraction,build_covert_task_contract,create_secret_order,get_secret_order,list_dossier_progress,list_secret_orders,prepare_world_materials,settle_due_secret_orders,update_secret_order_progress
test_secret_order_payoff_1504.py:2280	test_spoliated_fact_reported_as_unreachable_in_feed	apply_monthly_covert_actual_progress,apply_score_extraction,build_covert_task_contract,create_secret_order,get_secret_order,list_dossier_progress,list_secret_orders,prepare_world_materials,settle_due_secret_orders,update_secret_order_progress
test_secret_order_payoff_1504.py:2343	test_closed_case_blocks_same_fact_on_later_case_and_due	apply_monthly_covert_actual_progress,apply_score_extraction,build_covert_task_contract,create_secret_order,get_secret_order,list_dossier_progress,list_secret_orders,prepare_world_materials,settle_due_secret_orders,update_secret_order_progress
test_secret_order_payoff_1504.py:2421	test_fiscal_quantity_tracer_same_unit_done_and_gap	apply_monthly_covert_actual_progress,apply_score_extraction,build_covert_task_contract,create_secret_order,get_secret_order,list_dossier_progress,list_secret_orders,prepare_world_materials,settle_due_secret_orders,update_secret_order_progress
test_secret_order_payoff_1504.py:2470	test_region_quantity_ignores_same_origin_turn_with_mismatched_identity	apply_monthly_covert_actual_progress,apply_score_extraction,build_covert_task_contract,create_secret_order,get_secret_order,list_dossier_progress,list_secret_orders,prepare_world_materials,settle_due_secret_orders,update_secret_order_progress
test_secret_order_payoff_1504.py:2494	test_catch_quantity_tracer_same_unit_done_and_mismatch_ignored	apply_monthly_covert_actual_progress,apply_score_extraction,build_covert_task_contract,create_secret_order,get_secret_order,list_dossier_progress,list_secret_orders,prepare_world_materials,settle_due_secret_orders,update_secret_order_progress
test_secret_order_payoff_1504.py:2525	test_create_secret_order_rejects_missing_contract	apply_monthly_covert_actual_progress,apply_score_extraction,build_covert_task_contract,create_secret_order,get_secret_order,list_dossier_progress,list_secret_orders,prepare_world_materials,settle_due_secret_orders,update_secret_order_progress
test_secret_order_payoff_1504.py:2535	test_create_secret_order_rejects_tags_without_explicit_fields	apply_monthly_covert_actual_progress,apply_score_extraction,build_covert_task_contract,create_secret_order,get_secret_order,list_dossier_progress,list_secret_orders,prepare_world_materials,settle_due_secret_orders,update_secret_order_progress
test_secret_order_payoff_1504.py:2561	test_create_secret_order_rejects_incomplete_delivery_identity	apply_monthly_covert_actual_progress,apply_score_extraction,build_covert_task_contract,create_secret_order,get_secret_order,list_dossier_progress,list_secret_orders,prepare_world_materials,settle_due_secret_orders,update_secret_order_progress
test_secret_order_payoff_1504.py:2584	test_create_and_settle_reject_zero_target_not_delivered	apply_monthly_covert_actual_progress,apply_score_extraction,build_covert_task_contract,create_secret_order,get_secret_order,list_dossier_progress,list_secret_orders,prepare_world_materials,settle_due_secret_orders,update_secret_order_progress
test_secret_order_payoff_1504.py:2622	test_purpose_liaoxiang_canonicalizes_to_other_and_counts	apply_monthly_covert_actual_progress,apply_score_extraction,build_covert_task_contract,create_secret_order,get_secret_order,list_dossier_progress,list_secret_orders,prepare_world_materials,settle_due_secret_orders,update_secret_order_progress
test_secret_order_payoff_1504.py:2656	test_region_monthly_progress_sums_increments_without_final_value_gate	apply_monthly_covert_actual_progress,apply_score_extraction,build_covert_task_contract,create_secret_order,get_secret_order,list_dossier_progress,list_secret_orders,prepare_world_materials,settle_due_secret_orders,update_secret_order_progress
test_secret_order_payoff_1504.py:2693	test_positive_inflow_does_not_freeze_purpose_and_counts	apply_monthly_covert_actual_progress,apply_score_extraction,build_covert_task_contract,create_secret_order,get_secret_order,list_dossier_progress,list_secret_orders,prepare_world_materials,settle_due_secret_orders,update_secret_order_progress
test_secret_order_payoff_1504.py:2739	test_topic_investigation_backlash_fails_without_world_package	apply_monthly_covert_actual_progress,apply_score_extraction,build_covert_task_contract,create_secret_order,get_secret_order,list_dossier_progress,list_secret_orders,prepare_world_materials,settle_due_secret_orders,update_secret_order_progress
test_secret_order_payoff_1504.py:2776	test_settle_due_close_follows_surviving_memorial_and_actual	apply_monthly_covert_actual_progress,apply_score_extraction,build_covert_task_contract,create_secret_order,get_secret_order,list_dossier_progress,list_secret_orders,prepare_world_materials,settle_due_secret_orders,update_secret_order_progress
test_secret_order_section_rejections.py:22	test_update_nonint_order_id_invalid_enum	apply_score_extraction,get_secret_order
test_secret_order_section_rejections.py:38	test_update_unknown_order_id_missing_ref	apply_score_extraction,get_secret_order
test_secret_order_section_rejections.py:55	test_update_valid_active_order_applies_no_reject	apply_score_extraction,get_secret_order
test_secret_order_section_rejections.py:79	test_apply_score_extraction_secret_order_update_respects_outer_transaction_rollback	apply_score_extraction,get_secret_order
test_secret_order_section_rejections.py:103	test_oversized_order_id_rejected_not_crash	apply_score_extraction,get_secret_order
test_secret_order_update.py:12	test_upsert_creates_then_updates	update_secret_order_by_id
test_secret_order_update.py:27	test_upsert_different_minister_creates_new	update_secret_order_by_id
test_secret_order_update.py:37	test_update_by_id_targets_exact_order_not_newest	update_secret_order_by_id
test_secret_order_update.py:58	test_update_by_id_preserves_tags_when_none	update_secret_order_by_id
test_secret_order_update.py:67	test_update_by_id_persists_assignee_brief_after_restore	update_secret_order_by_id
test_secret_order_update.py:97	test_update_by_id_noop_on_non_active	update_secret_order_by_id
test_section4_rejections.py:55	test_unknown_region_rejected_good_item_lands	dispatch_declaration
test_section4_rejections.py:81	test_illegal_region_field_rejected_sibling_lands	dispatch_declaration
test_section4_rejections.py:104	test_dirty_region_value_rejected_sibling_lands	dispatch_declaration
test_section4_rejections.py:129	test_region_controlled_by_rejects_non_power_id_and_preserves_region	dispatch_declaration
test_section4_rejections.py:153	test_region_controlled_by_accepts_existing_power_ids_and_restore_hook	dispatch_declaration
test_section4_rejections.py:183	test_region_controlled_by_mixed_invalid_and_valid_siblings_apply	dispatch_declaration
test_section4_rejections.py:217	test_unknown_army_rejected_good_item_lands	dispatch_declaration
test_section4_rejections.py:243	test_illegal_army_field_rejected_sibling_lands	dispatch_declaration
test_section4_rejections.py:266	test_dirty_army_value_rejected_sibling_lands	dispatch_declaration
test_section4_rejections.py:297	test_unknown_owner_power_army_rejected_good_builds	dispatch_declaration
test_section4_rejections.py:327	test_army_missing_manpower_rejected_good_builds	dispatch_declaration
test_section4_rejections.py:353	test_duplicate_army_without_manpower_rejected	dispatch_declaration
test_section4_rejections.py:373	test_region_deltas_code_exception_aborts_settlement	dispatch_declaration
test_section4_rejections.py:388	test_army_deltas_code_exception_aborts_settlement	dispatch_declaration
test_section4_rejections.py:403	test_create_armies_code_exception_aborts_settlement	dispatch_declaration
test_section4_rejections.py:421	test_army_cannon_over_cap_clamps_not_rejected	dispatch_declaration
test_section4_rejections.py:441	test_region_cannon_over_cap_clamps_not_rejected	dispatch_declaration
test_section4_rejections.py:463	test_army_firearm_over_100_clamps_not_rejected	dispatch_declaration
test_section4_rejections.py:482	test_region_army_formatters_skip_rejected_items	dispatch_declaration
test_section4_rejections.py:514	test_duplicate_army_noninteger_manpower_rejected	dispatch_declaration
test_section4_rejections.py:536	test_dirty_region_cannon_value_rejected_not_abort	dispatch_declaration
test_section4_rejections.py:557	test_dirty_optional_army_field_rejects_item	dispatch_declaration
test_section4_rejections.py:575	test_absent_optional_army_fields_use_defaults	dispatch_declaration
test_section4_rejections.py:590	test_issue_path_tolerates_previously_skipped_cases	dispatch_declaration
test_section4_rejections.py:610	test_issue_path_still_strict_for_historically_fatal	dispatch_declaration
test_section4_rejections.py:621	test_nondict_new_army_item_recorded_not_silent	dispatch_declaration
test_section4_rejections.py:632	test_all_score_fields_guarded_on_creation	dispatch_declaration
test_section4_rejections.py:651	test_issue_path_tolerated_rejections_reach_reports	dispatch_declaration
test_section4_rejections.py:679	test_inertia_natural_resolution_tolerated_rejection_no_crash	dispatch_declaration
test_section4_rejections.py:707	test_float_bool_army_delta_tolerated_on_issue_path	dispatch_declaration
test_section4_rejections.py:728	test_required_field_historical_strictness_on_issue_path	dispatch_declaration
test_section_fiscal_rejections.py:41	test_remove_unknown_fiscal_key_rejected_good_removal_lands	apply_score_extraction
test_section_fiscal_rejections.py:65	test_remove_dynamic_tax_still_zeroes_region_field	apply_score_extraction
test_section_fiscal_rejections.py:88	test_remove_structural_sink_loss_rate_rejected	apply_score_extraction
test_section_fiscal_rejections.py:105	test_remove_central_human_loss_rate_rejected_as_loss_pair	apply_score_extraction
test_section_fiscal_rejections.py:122	test_remove_central_human_loss_rate_stem_rejected_as_loss_pair	apply_score_extraction
test_section_fiscal_rejections.py:142	test_direct_remove_central_human_loss_rate_stem_refuses_loss_pair	apply_score_extraction
test_section_fiscal_rejections.py:156	test_create_duplicate_key_rejected_good_create_lands	apply_score_extraction
test_section_fiscal_rejections.py:181	test_create_illegal_account_rejected_sibling_lands	apply_score_extraction
test_section_fiscal_rejections.py:207	test_create_dirty_init_value_rejected_not_silent_zero	apply_score_extraction
test_section_fiscal_rejections.py:234	test_create_absent_init_value_defaults_zero	apply_score_extraction
test_section_fiscal_rejections.py:251	test_change_unknown_key_rejected_good_change_lands	apply_score_extraction
test_section_fiscal_rejections.py:276	test_change_dirty_delta_rejected_sibling_lands	apply_score_extraction
test_section_fiscal_rejections.py:299	test_change_zero_delta_no_op_not_rejected	apply_score_extraction
test_section_fiscal_rejections.py:312	test_change_empty_key_rejected	apply_score_extraction
test_section_fiscal_rejections.py:328	test_change_dynamic_tax_rate_scales_region_field	apply_score_extraction
test_section_fiscal_rejections.py:352	test_change_structural_sink_loss_rate_below_floor_rejected	apply_score_extraction
test_section_fiscal_rejections.py:369	test_change_central_loss_rate_pair_above_100_rejected	apply_score_extraction
test_section_fiscal_rejections.py:393	test_change_central_loss_rate_rebalance_uses_batch_final_total	apply_score_extraction
test_section_fiscal_rejections.py:427	test_falsy_dirty_delta_still_rejected	apply_score_extraction
test_section_fiscal_rejections.py:443	test_create_rate_only_sibling_collision_rejected_not_abort	apply_score_extraction
test_section_fiscal_rejections.py:460	test_empty_key_rejected_even_with_noop_delta	apply_score_extraction
test_section_fiscal_rejections.py:474	test_remove_missing_key_rejected	apply_score_extraction
test_section_fiscal_rejections.py:488	test_create_with_rate_suffix_key_rejected	apply_score_extraction
test_section_fiscal_rejections.py:507	test_negative_init_value_rejected_not_clamped	apply_score_extraction
test_section_fiscal_rejections.py:525	test_double_suffix_key_rejected_no_phantom	apply_score_extraction
test_section_fiscal_rejections.py:544	test_double_suffix_remove_rejected_not_destructive	apply_score_extraction
test_section_fiscal_rejections.py:565	test_chinese_direction_alias_accepted_at_applier	apply_score_extraction
test_section_fiscal_rejections.py:582	test_whitespace_only_key_rejected_at_applier	apply_score_extraction
test_section_fiscal_rejections.py:598	test_lossless_int_string_same_verdict_both_paths	apply_score_extraction
test_section_fiscal_rejections.py:617	test_direct_fiscal_create_display_defaults_from_key	apply_score_extraction
test_section_fiscal_rejections.py:631	test_garbage_key_category_consistent_across_sections	apply_score_extraction
test_section_fiscal_rejections.py:650	test_fiscal_change_reopens_with_value_origin_history_and_scaled_rows	apply_score_extraction
test_settlement_write_guard_393.py:134	test_directive_capture_runs_outside_write_gate	create_secret_order
test_settlement_write_guard_393.py:168	test_directive_capture_result_is_rejected_after_turn_changes	create_secret_order
test_settlement_write_guard_393.py:226	test_direct_db_write_refused_by_phase	create_secret_order
test_settlement_write_guard_393.py:237	test_direct_db_write_refused_when_gate_held	create_secret_order
test_settlement_write_guard_393.py:253	test_serialized_web_write_cm_contract	create_secret_order
test_settlement_write_guard_393.py:286	test_advance_without_edict_refused_by_phase	create_secret_order
test_settlement_write_guard_393.py:305	test_advance_without_edict_refused_when_gate_held	create_secret_order
test_settlement_write_guard_393.py:341	test_advance_short_hold_409_when_gate_taken_after_admit	create_secret_order
test_settlement_write_guard_393.py:402	test_direct_db_write_succeeds_when_free	create_secret_order
test_staged_assignment_identity_1890.py:82	test_dispatch_stamps_source_turn_on_each_staged_assignment	apply_score_extraction,dispatch_declaration
test_staged_assignment_identity_1890.py:104	test_pacification_commission_keeps_its_own_mode_and_gets_source_turn	apply_score_extraction,dispatch_declaration
test_staged_assignment_identity_1890.py:137	test_month_chain_staging_has_no_source_turn	apply_score_extraction,dispatch_declaration
test_staged_assignment_identity_1890.py:157	test_undo_voids_this_turns_assignments_without_rollback_log	apply_score_extraction,dispatch_declaration
test_staged_assignment_identity_1890.py:213	test_voided_assignment_cannot_be_approved_after_retraction	apply_score_extraction,dispatch_declaration
test_staged_assignment_identity_1890.py:235	test_revision_keeps_original_source_turn_and_undo_restores_it	apply_score_extraction,dispatch_declaration
test_staged_assignment_identity_1890.py:292	test_void_discards_that_directive_night_forecast	apply_score_extraction,dispatch_declaration
test_staged_assignment_identity_1890.py:333	test_declared_new_secret_order_lands_and_undo_removes_all_records	apply_score_extraction,dispatch_declaration
test_staged_assignment_identity_1890.py:403	test_failed_turn_cleanup_removes_this_turn_staged_assignment	apply_score_extraction,dispatch_declaration
test_staged_assignment_identity_1890.py:435	test_retry_restore_removes_this_turn_staged_assignment	apply_score_extraction,dispatch_declaration
test_staged_assignment_identity_1890.py:475	test_undo_deletes_only_this_turns_committed_draft_directive	apply_score_extraction,dispatch_declaration
test_staged_assignment_identity_1890.py:602	test_assignment_prose_year_promise_lands_no_staged_commitment	apply_score_extraction,dispatch_declaration
test_staged_assignment_identity_1890.py:626	test_assignment_stages_prose_string_never_reaches_promulgation	apply_score_extraction,dispatch_declaration
test_staged_assignment_identity_1890.py:661	test_assignment_structured_stages_land_through_full_chain	apply_score_extraction,dispatch_declaration
test_staged_assignment_identity_1890.py:681	test_new_issues_prose_year_promise_does_not_become_commitment_stages	apply_score_extraction,dispatch_declaration
test_staged_assignment_identity_1890.py:713	test_new_issues_structured_stages_still_land	apply_score_extraction,dispatch_declaration
test_style_temperament_641.py:48	test_inertia_natural_resolve_applies_temperament_style	apply_score_extraction
test_style_temperament_641.py:86	test_apply_score_extraction_writes_temperament_style_and_log	apply_score_extraction
test_style_temperament_641.py:113	test_temperament_blank_style_rejected_keeps_prior	apply_score_extraction
test_style_temperament_641.py:129	test_temperament_outer_tx_rollback_restores_db_and_runtime	apply_score_extraction
test_style_temperament_641.py:149	test_temperament_committed_style_survives_reload	apply_score_extraction
test_style_temperament_641.py:177	test_apply_score_extraction_rejects_invalid_temperament	apply_score_extraction
test_style_temperament_641.py:204	test_character_context_with_db_reads_own_style_and_viewer_ledger	apply_score_extraction
test_style_temperament_641.py:243	test_context_includes_viewer_ledger_without_prose_lock	apply_score_extraction
test_style_temperament_641.py:292	test_relation_edge_events_do_not_mutate_style	apply_score_extraction
test_style_temperament_641.py:337	test_temperament_does_not_write_relation_edges	apply_score_extraction
test_supervision_625.py:151	test_ac1_presence_exposure_schema_pragma_and_no_dulling_cols	apply_score_extraction
test_supervision_625.py:181	test_ac1_monthly_write_idempotent_readable_and_restore	apply_score_extraction
test_supervision_625.py:241	test_ac1_settle_segment_writes_presence	apply_score_extraction
test_supervision_625.py:262	test_ac2_paired_observation_slots_and_countermeasure_hard_gate	apply_score_extraction
test_supervision_625.py:338	test_ac4_exposure_history_delta_on_tendency_surface	apply_score_extraction
test_supervision_625.py:357	test_ac4_unified_presence_gate_on_terminal_and_recon_paths	apply_score_extraction
test_supervision_625.py:432	test_due_review_supervision_history_no_longer_hardcoded_empty	apply_score_extraction
test_surcharge_causal_chain_650.py:84	test_decree_lands_accumulated_ledger_same_turn	apply_score_extraction
test_surcharge_causal_chain_650.py:104	test_no_decree_no_ledger_entry	apply_score_extraction
test_surcharge_causal_chain_650.py:113	test_repeated_decrees_accumulate_and_negative_stops	apply_score_extraction
test_surcharge_causal_chain_650.py:134	test_decree_bad_items_rejected_individually	apply_score_extraction
test_surcharge_causal_chain_650.py:151	test_surcharge_origin_requires_effect_eligible_materialized_dossier	apply_score_extraction
test_surcharge_causal_chain_650.py:176	test_batch_rejects_duplicate_surcharge_and_matching_explicit_transfer	apply_score_extraction
test_surcharge_causal_chain_650.py:193	test_surcharge_filter_does_not_capture_other_transfer_origins	apply_score_extraction
test_surcharge_causal_chain_650.py:211	test_repeated_delta_apply_does_not_consume_levy_ledger	apply_score_extraction
test_surcharge_causal_chain_650.py:229	test_levy_pass_folds_jiapai_into_sanxiang_targets	apply_score_extraction
test_surcharge_causal_chain_650.py:252	test_player_month_recovery_consumes_old_levy_once	apply_score_extraction
test_surcharge_causal_chain_650.py:276	test_province_without_population_pool_rejects_surcharge_and_old_ledger_exits	apply_score_extraction
test_surcharge_causal_chain_650.py:304	test_ming_province_without_fiscal_base_is_not_a_levy_member	apply_score_extraction
test_surcharge_causal_chain_650.py:320	test_zero_base_province_gets_no_transfer	apply_score_extraction
test_surcharge_causal_chain_650.py:335	test_levy_ledger_corruption_fails_loud	apply_score_extraction
test_surcharge_causal_chain_650.py:373	test_exact_levy_fact_stays_out_of_public_read_chain_and_free_report_enters_it	apply_score_extraction
test_surcharge_causal_chain_650.py:416	test_unmarked_cutover_save_rejects_and_never_consumes_surcharge	apply_score_extraction
test_surcharge_causal_chain_650.py:451	test_legacy_fiscal_engine_rejects_surcharge_and_never_consumes_it	apply_score_extraction
test_surcharge_causal_chain_650.py:466	test_e2e_surcharge_and_stop_share_month_open_snapshot	apply_score_extraction
test_transit_aging_346.py:49	test_行止_sets_transit_start_turn	apply_score_extraction
test_transit_aging_346.py:74	test_行止_payload_cannot_write_arrival	apply_score_extraction
test_transit_aging_346.py:95	test_行止_reemit_same_dest_preserves_start_turn	apply_score_extraction
test_transit_aging_346.py:128	test_行止_change_dest_is_rejected	apply_score_extraction
test_transit_aging_346.py:158	test_pre_settle_ticks_arrival_before_terminal_states	apply_score_extraction
test_transit_aging_346.py:215	test_tick_does_not_arrive_when_remaining_still_positive	apply_score_extraction
test_transit_aging_346.py:238	test_snapshot_restore_preserves_transit_start_turn	apply_score_extraction
test_urge_lever_624.py:104	test_rush_staged_commitment_advances_due_and_fills_urge_history	apply_score_extraction
test_urge_lever_624.py:166	test_urge_no_longer_rewrites_verdict_ac1_1895	apply_score_extraction
test_urge_lever_624.py:230	test_grace_plea_payload_truth_hidden_from_player_ac6	apply_score_extraction
test_urge_lever_624.py:308	test_missing_urge_and_supervision_fail_closed_ac7	apply_score_extraction
test_urge_lever_624.py:335	test_urge_history_restore_from_committed_pending_ac7	apply_score_extraction
test_urge_lever_624.py:354	test_rush_without_issue_fail_closed_no_remonstrance	apply_score_extraction
test_urge_lever_624.py:371	test_remonstrance_not_projected_applied_or_takeover	apply_score_extraction
test_urge_lever_624.py:438	test_payload_json_roundtrip_insert_list_restore	apply_score_extraction
test_urge_lever_624.py:471	test_rush_does_not_side_write_end_turn	apply_score_extraction
test_urge_lever_624.py:501	test_urge_audience_project_and_consume_path	apply_score_extraction
test_urge_lever_624.py:547	test_commitment_rush_via_pending_actions_gate	apply_score_extraction
test_urge_lever_624.py:617	test_payload_json_corrupt_read_is_loud	apply_score_extraction
test_web_chat_serialization_393.py:212	test_background_stream_completion_waits_for_settlement_gate_and_keeps_acceptance_turn	list_secret_orders
test_web_chat_serialization_393.py:249	test_identity_setup_failure_preserves_question_and_releases_pending_owner	list_secret_orders
test_web_chat_serialization_393.py:273	test_lightweight_stream_seam_reaches_done_without_durable_identity_or_night_signature	list_secret_orders
test_web_chat_serialization_393.py:281	test_chat_stream_sse_waits_for_sync_generator_in_executor	list_secret_orders
test_web_chat_serialization_393.py:314	test_nonstream_api_chat_keeps_game_state_responsive_while_chat_blocks	list_secret_orders
test_web_chat_serialization_393.py:369	test_nonstream_chat_rejects_when_session_draining	list_secret_orders
test_world_materials_1834.py:26	test_prepare_writes_typed_tree_with_board_affairs_and_gazette_index	prepare_world_materials
test_world_materials_1834.py:66	test_all_characters_get_an_experience_file_not_just_current_court	prepare_world_materials
test_world_materials_1834.py:88	test_character_army_region_textual_facts_reach_world_directory	prepare_world_materials
test_world_materials_1834.py:132	test_prepare_rebuilds_from_world_record_after_restore	prepare_world_materials
test_world_materials_1834.py:152	test_world_materials_isolate_invocations_and_databases	prepare_world_materials
test_world_materials_1834.py:188	test_world_materials_include_textual_facts_once_and_gazette_not_duplicated	prepare_world_materials
test_world_materials_1834.py:260	test_world_materials_carry_eligible_person_event_candidates	prepare_world_materials
test_world_materials_1834.py:302	test_world_materials_carry_due_fiscal_levy_petitions	prepare_world_materials
test_yuan_arrival_185.py:17	test_yuan_arrears_paid_then_arrives_e2e	apply_score_extraction
test_yuan_arrival_185.py:123	test_arrival_clearing_is_not_noop_negative_control	apply_score_extraction